siret,siren,nom_entreprise,nom_dirigeant,naf_code,naf_libelle,adresse,code_postal,ville,departement,site_web,email,telephone,effectif,date_creation,nature_juridique,priorite,source,date_collecte
57368016200464,573680162,ALTRAD PREZIOSO (ALTRAD PREZIOSO),DOUCHET,43.34Z,43.34Z,105 CHEMIN DE GARENNE 38670 CHASSE-SUR-RHONE,38670,CHASSE-SUR-RHONE,38,,,,41,1957-01-01,5710,P1,API Recherche Entreprises / INSEE Sirene,2026-05-09
51817624300054,518176243,NJE,AUDIT CPR,43.34Z,43.34Z,285 RUE DE LA FONT DE L’OR 42110 CLEPPE,42110,CLEPPE,42,,,,12,2009-11-10,5710,P1,API Recherche Entreprises / INSEE Sirene,2026-05-09
37823006400016,378230064,BERNARD DEBOEUF,DEBOEUF (DEBOEUF),43.34Z,43.34Z,310 QUAI DES REMPARTS 01120 MONTLUEL,01120,MONTLUEL,01,,,,NN,1990-06-05,1000,P1,API Recherche Entreprises / INSEE Sirene,2026-05-09
43924357700012,439243577,LIONEL ROLANDEZ,ROLANDEZ (ROLANDEZ),43.34Z,43.34Z,LE CHAPELON 01410 LELEX,01410,LELEX,01,,,,01,2001-10-02,1000,P1,API Recherche Entreprises / INSEE Sirene,2026-05-09
75198306500010,751983065,BONNET OLIVIER,BONNET,43.34Z,43.34Z,55 ALLEE BATAILLARD 2 01800 RIGNIEUX-LE-FRANC,01800,RIGNIEUX-LE-FRANC,01,,,,NN,2012-06-01,5710,P1,API Recherche Entreprises / INSEE Sirene,2026-05-09
47921313400022,479213134,FREDERIC CHERRIER (SPRAYDECOR),CHERRIER (CHERRIER),43.34Z,43.34Z,220 GRANDE RUE 01600 MISERIEUX,01600,MISERIEUX,01,,,,NN,2004-10-20,1000,P1,API Recherche Entreprises / INSEE Sirene,2026-05-09
48426824800016,484268248,MICHAEL ALAMERCERY,ALAMERCERY (ALAMERCERY),43.34Z,43.34Z,BEL AIR 01400 CHATILLON-SUR-CHALARONNE,01400,CHATILLON-SUR-CHALARONNE,01,,,,NN,2005-10-01,1000,P1,API Recherche Entreprises / INSEE Sirene,2026-05-09
85330419400014,853304194,DIOGO XAVIER,XAVIER (XAVIER),43.34Z,43.34Z,393 ALLEE DES EGLANTIERS 01440 VIRIAT,01440,VIRIAT,01,,,,NN,2019-10-01,1000,P1,API Recherche Entreprises / INSEE Sirene,2026-05-09
50446839800020,504468398,GENERATION DECO,GIANOLI (GIANOLI),43.34Z,43.34Z,5 IMPASSE DES COMBES 01460 MONTREAL-LA-CLUSE,01460,MONTREAL-LA-CLUSE,01,,,,01,2008-06-01,5499,P1,API Recherche Entreprises / INSEE Sirene,2026-05-09
51959742100030,519597421,NOLWENN JOUANARD,JOUANARD (JOUANARD),43.34Z,68.31Z,74 RUE CHANTEPERDRIX 01600 TREVOUX,01600,TREVOUX,01,,,,NN,2010-02-01,1000,P1,API Recherche Entreprises / INSEE Sirene,2026-05-09
88526512400010,885265124,AIN TERRE POLE 01 (AIN TERRE POLE 01),PADY-SAKALA,43.34Z,43.34Z,801 CHEMIN DE LA RAVARY 01250 MONTAGNAT,01250,MONTAGNAT,01,,,,01,2020-08-03,5710,P1,API Recherche Entreprises / INSEE Sirene,2026-05-09
79247443900025,792474439,HICHAM ALINI,ALINI (ALINI),43.34Z,43.34Z,596 RUE DE DOMBES 01330 VILLARS-LES-DOMBES,01330,VILLARS-LES-DOMBES,01,,,,NN,2012-12-01,1000,P1,API Recherche Entreprises / INSEE Sirene,2026-05-09
42013584000015,420135840,JEAN GHISALBERTI,GHISALBERTI,43.34Z,43.34Z,4 RUE DE LA FAUCILLE 74100 ANNEMASSE,74100,ANNEMASSE,74,,,,NN,1998-10-05,1000,P1,API Recherche Entreprises / INSEE Sirene,2026-05-09
82216583300036,822165833,JOHAN PIROUD (JP PEINTURE),PIROUD (PIROUD),43.34Z,43.34Z,27 RUE VICTOR HUGO 01400 CHATILLON-SUR-CHALARONNE,01400,CHATILLON-SUR-CHALARONNE,01,,,,NN,2016-09-12,1000,P1,API Recherche Entreprises / INSEE Sirene,2026-05-09
43883361800020,438833618,ENTREPRISE SYLVAIN FORNES,FORNES (FORNES),43.34Z,43.34Z,198 ALLEE DE LA CROIX DES HORMES 69250 MONTANAY,69250,MONTANAY,69,,,,01,2001-07-01,5499,P1,API Recherche Entreprises / INSEE Sirene,2026-05-09
41837010200067,418370102,SARL NICOLAS PEINTURE,MACRO (MACRO),43.34Z,43.34Z,9 BOULEVARD AMBROISE PARE 69330 MEYZIEU,69330,MEYZIEU,69,,,,12,1998-04-06,5499,P1,API Recherche Entreprises / INSEE Sirene,2026-05-09
50262311900034,502623119,GAUTHIER BATIMENT,EZZARHMOUTI (EZZARHMOUTI),43.34Z,43.34Z,15 FAUBOURG TOURNACHAT 73170 YENNE,73170,YENNE,73,,,,11,2008-03-01,5710,P1,API Recherche Entreprises / INSEE Sirene,2026-05-09
45399079800036,453990798,ABOUBACAR TOURE,TOURE (TOURE),43.34Z,43.34Z,16 RUE PHILIPPE DE VOGUE 69190 SAINT-FONS,69190,SAINT-FONS,69,,,,NN,2004-06-01,1000,P1,API Recherche Entreprises / INSEE Sirene,2026-05-09
43344721600022,433447216,STEPHANE PLANCHON,PLANCHON (PLANCHON),43.34Z,43.34Z,HAMEAU DE MONTGRIFFON 01230 NIVOLLET-MONTGRIFFON,01230,NIVOLLET-MONTGRIFFON,01,,,,01,2000-11-02,1000,P1,API Recherche Entreprises / INSEE Sirene,2026-05-09
33471161100064,334711611,PATRICK GARLET,GARLET (GARLET),43.34Z,43.34Z,118 ALLEE DES PERCE-NEIGE 01630 SAINT-GENIS-POUILLY,01630,SAINT-GENIS-POUILLY,01,,,,NN,1985-11-15,1000,P1,API Recherche Entreprises / INSEE Sirene,2026-05-09
83945152300014,839451523,SR2G,GARCIA,43.34Z,43.34Z,131 RUE DE CREQUI 69006 LYON,69006,LYON,69,,,,03,2018-04-01,5710,P1,API Recherche Entreprises / INSEE Sirene,2026-05-09
88747140700015,887471407,MAXIME PEAUD (MPO PEINTURE),PEAUD (PEAUD),43.34Z,43.34Z,6 RUE DU CHATEAU 01480 VILLENEUVE,01480,VILLENEUVE,01,,,,NN,2020-08-03,1000,P1,API Recherche Entreprises / INSEE Sirene,2026-05-09
97835850500011,978358505,ANWAR HAQ (JARA  BATIMENT),HAQ,43.34Z,43.34Z,293 RUE ONZIEME REGIMENT ZOUAVES 01300 BELLEY,01300,BELLEY,01,,,,NN,2023-08-03,1000,P1,API Recherche Entreprises / INSEE Sirene,2026-05-09
53839022000019,538390220,ANTONIO MARTINS,MARTINS,43.34Z,43.34Z,489 CHEMIN DE VEISSIEUX LE HAUT 01600 REYRIEUX,01600,REYRIEUX,01,,,,NN,2011-12-30,1000,P1,API Recherche Entreprises / INSEE Sirene,2026-05-09
53861051000041,538610510,METIN SENGUL,SENGUL (SENGUL),43.34Z,43.34Z,20 IMPASSE DES BERGERS 71680 CRECHES-SUR-SAONE,71680,CRECHES-SUR-SAONE,71,,,,NN,2011-11-01,5499,P1,API Recherche Entreprises / INSEE Sirene,2026-05-09
53899834500028,538998345,FREDERIC MARGUIN (AMS (ARTISAN MULTISERVICE)),MARGUIN,43.34Z,43.34Z,10 RUE RENAN 01100 OYONNAX,01100,OYONNAX,01,,,,NN,2012-01-02,1000,P1,API Recherche Entreprises / INSEE Sirene,2026-05-09
53904849600019,539048496,CYRIL GABASIO (ENTREPRISE GABASIO),GABASIO (GABASIO),43.34Z,43.34Z,8 RUE DES MURGERES 01800 MEXIMIEUX,01800,MEXIMIEUX,01,,,,01,2012-01-01,1000,P1,API Recherche Entreprises / INSEE Sirene,2026-05-09
53929332400023,539293324,CYRIL TUYTTEN,TUYTTEN (TUYTTEN),43.34Z,43.34Z,LE BOURG 14700 NORON-L ABBAYE,14700,NORON-L ABBAYE,14,,,,NN,2012-01-01,1000,P1,API Recherche Entreprises / INSEE Sirene,2026-05-09
51077426800013,510774268,SEBASTIEN JUHAN (SAVOIR-VERRE),JUHAN (JUHAN),43.34Z,43.34Z,ZA DE LUCINGES 450 RTE DE L'ETANG 01370 VAL-REVERMONT,01370,VAL-REVERMONT,01,,,,NN,2009-03-02,1000,P1,API Recherche Entreprises / INSEE Sirene,2026-05-09
51156045000021,511560450,JOSE LUIS ALVES MACHADO,ALVES MACHADO,43.34Z,43.34Z,43 RUE D'ARMAGNAC 33800 BORDEAUX,33800,BORDEAUX,33,,,,NN,2009-04-01,1000,P1,API Recherche Entreprises / INSEE Sirene,2026-05-09
51176481300024,511764813,KERIM BILIR,BILIR (BILIR),43.34Z,43.34Z,305 CHEMIN DES ORFEVRES 01600 TREVOUX,01600,TREVOUX,01,,,,NN,2009-04-01,1000,P1,API Recherche Entreprises / INSEE Sirene,2026-05-09
50987651200047,509876512,MSD (MSD),AGASSE (AGASSE),43.34Z,43.34Z,136 RUE DES CHARTINIERES 01120 DAGNEUX,01120,DAGNEUX,01,,,,02,2008-12-11,5499,P1,API Recherche Entreprises / INSEE Sirene,2026-05-09
52354642200016,523546422,ADNAN BABAIC (BMJ PEINTURE),BABAIC (BABAIC),43.34Z,43.34Z,36 RUE GEORGES GUYNEMER 01100 OYONNAX,01100,OYONNAX,01,,,,NN,2010-08-01,1000,P1,API Recherche Entreprises / INSEE Sirene,2026-05-09
52369995700016,523699957,ROMAIN ISTE,ISTE (ISTE),43.34Z,43.34Z,6 ALLEE DES ROSEAUX 01120 MONTLUEL,01120,MONTLUEL,01,,,,NN,2010-07-09,1000,P1,API Recherche Entreprises / INSEE Sirene,2026-05-09
52391882900020,523918829,JEREMY HERMIER (JEREMY HERMIER),HERMIER (HERMIER),43.34Z,43.34Z,LES TEPPES 01140 ILLIAT,01140,ILLIAT,01,,,,NN,2010-08-02,1000,P1,API Recherche Entreprises / INSEE Sirene,2026-05-09
52463509100050,524635091,GREGORY JARNIAT,JARNIAT,43.34Z,43.34Z,47 AVENUE DE SAVOIE 01230 SAINT-RAMBERT-EN-BUGEY,01230,SAINT-RAMBERT-EN-BUGEY,01,,,,NN,2010-09-01,1000,P1,API Recherche Entreprises / INSEE Sirene,2026-05-09
52480954800034,524809548,JULIEN PAVARD (J PEINTURE),PAVARD (PAVARD),43.34Z,43.34Z,5 RUE DES ALPES 38230 CHARVIEU-CHAVAGNEUX,38230,CHARVIEU-CHAVAGNEUX,38,,,,NN,2010-09-02,1000,P1,API Recherche Entreprises / INSEE Sirene,2026-05-09
53486285900012,534862859,AIN PEINTURE PLATRERIE SANITAIRE CHAUFFAGE (A.P.P.S.C.),GANGLOFF,43.34Z,43.34Z,745 ALLEE DES ARTISANS 01310 SAINT-REMY,01310,SAINT-REMY,01,,,,02,2011-09-23,5499,P1,API Recherche Entreprises / INSEE Sirene,2026-05-09
53487000100037,534870001,PATRICIA JACQUIN,JACQUIN (JACQUIN),43.34Z,43.34Z,114 RUE DE VAREILLES 01500 AMBERIEU-EN-BUGEY,01500,AMBERIEU-EN-BUGEY,01,,,,NN,2011-09-12,1000,P1,API Recherche Entreprises / INSEE Sirene,2026-05-09
53509160700015,535091607,SYLVIE MUCEDOLA (CLAUDON) (LA PEINTURE AU FEMININ),MUCEDOLA (CLAUDON),43.34Z,43.34Z,267 CHEMIN DE VASSY 01310 POLLIAT,01310,POLLIAT,01,,,,NN,2011-09-26,1000,P1,API Recherche Entreprises / INSEE Sirene,2026-05-09
75375432400014,753754324,ANTHONY KLUGA,KLUGA,43.34Z,43.34Z,RUE DE LA TROMPETTE 01360 LOYETTES,01360,LOYETTES,01,,,,NN,2012-09-10,1000,P1,API Recherche Entreprises / INSEE Sirene,2026-05-09
76720014000055,767200140,ENTREPRISE LEVANTI,COEFFIC,43.34Z,43.34Z,172 CHEMIN DES MARQUETTES 01700 BEYNOST,01700,BEYNOST,01,,,,NN,1967-01-01,5499,P1,API Recherche Entreprises / INSEE Sirene,2026-05-09
41925282000016,419252820,KUMLINS MALERI AKTIEBOLAG,,43.34Z,43.34Z,1906 3 ORSUNDSBRO FACK 14 SUEDE,,,,,,,NN,1998-06-10,3120,P2,API Recherche Entreprises / INSEE Sirene,2026-05-09
41952830200047,419528302,LUCAIN STUMP,STUMP (STUMP),43.34Z,43.34Z,PRES JOURNANS 170 IMPASSE DES TREMBLES 01170 GEX,01170,GEX,01,,,,NN,1998-07-05,1000,P1,API Recherche Entreprises / INSEE Sirene,2026-05-09
41995953100049,419959531,JOAO BATISTA TEIXEIRA (J.T. DECO),BATISTA TEIXEIRA (BATISTA TEIXEIRA),43.34Z,43.34Z,1028 CHEMIN DE RONDE 01380 BAGE-LE-CHATEL,01380,BAGE-LE-CHATEL,01,,,,NN,1998-07-07,1000,P1,API Recherche Entreprises / INSEE Sirene,2026-05-09
42023701800015,420237018,VITRERIE GESSIENNE,GROS (GROS),43.34Z,43.34Z,2750 ROUTE DE GENEVE 01170 CESSY,01170,CESSY,01,,,,01,1998-10-01,5710,P1,API Recherche Entreprises / INSEE Sirene,2026-05-09
39482608500059,394826085,MUSTAFA TAKALAK,TAKALAK,43.34Z,43.34Z,63 RUE NEUVE 01150 SAULT-BRENAZ,01150,SAULT-BRENAZ,01,,,,NN,1994-04-19,1000,P1,API Recherche Entreprises / INSEE Sirene,2026-05-09
39514206000049,395142060,ENTREPRISE J. CASTILLO,PALUMBO,43.34Z,43.34Z,56 CHEMIN DES IRIS 01220 DIVONNE-LES-BAINS,01220,DIVONNE-LES-BAINS,01,,,,NN,1994-01-01,5710,P1,API Recherche Entreprises / INSEE Sirene,2026-05-09
39785992700030,397859927,LAURENT HALBERT (RENO-DECO 38),HALBERT (HALBERT),43.34Z,43.34Z,PANISSAGE 944 RTE DE CHATEAU GAILLARD 38730 VAL-DE-VIRIEU,38730,VAL-DE-VIRIEU,38,,,,01,1994-07-26,1000,P1,API Recherche Entreprises / INSEE Sirene,2026-05-09
41191135700027,411911357,JEAN SERVILLAT,SERVILLAT (SERVILLAT),43.34Z,43.34Z,PRE GENTIL 01800 VILLIEU-LOYES-MOLLON,01800,VILLIEU-LOYES-MOLLON,01,,,,NN,1997-05-05,1000,P1,API Recherche Entreprises / INSEE Sirene,2026-05-09
41203113000021,412031130,OLIVIER BOULONGUET,BOULONGUET (BOULONGUET),43.34Z,43.34Z,7 RUE ROQUEMARCEAU 47230 LAVARDAC,47230,LAVARDAC,47,,,,NN,1997-05-26,1000,P1,API Recherche Entreprises / INSEE Sirene,2026-05-09
41266274400025,412662744,JEAN DA COSTA (JEAN DA COSTA MULTISERVICES),DA COSTA (DA COSTA),43.34Z,43.34Z,1379 ROUTE DE POLLIAT 01660 MEZERIAT,01660,MEZERIAT,01,,,,NN,1997-07-05,1000,P1,API Recherche Entreprises / INSEE Sirene,2026-05-09
41278630300039,412786303,AVENIR MURS ET TOITURES 01,BATI ML,43.34Z,43.34Z,ZI NORD 9 AVENUE ARSENE D'ARSONVAL 01000 BOURG-EN-BRESSE,01000,BOURG-EN-BRESSE,01,,,,11,1997-07-01,5710,P1,API Recherche Entreprises / INSEE Sirene,2026-05-09
40178993800024,401789938,JUDIVERRE,DECUREY (DECUREY),43.34Z,43.34Z,ZA ACTICITES DE LEYMENT 01150 LEYMENT,01150,LEYMENT,01,,,,03,1995-08-01,5499,P1,API Recherche Entreprises / INSEE Sirene,2026-05-09
40253003400048,402530034,SYLVIE CARDONA,CARDONA (CARDONA),43.34Z,43.34Z,16 RUE DE MOYRIAT 01450 CERDON,01450,CERDON,01,,,,NN,1995-10-10,1000,P1,API Recherche Entreprises / INSEE Sirene,2026-05-09
10260823900012,102608239,SEBASTIEN TAUVERON (EMJ PEINTURE),TAUVERON,43.34Z,43.34Z,1 LOT CLOS DE LOUISE 01480 SAVIGNEUX,01480,SAVIGNEUX,01,,,,NN,2026-04-01,1000,P1,API Recherche Entreprises / INSEE Sirene,2026-05-09
39920885900039,399208859,PCP,LATOCCA (LATOCCA),43.34Z,43.34Z,2 RUE DE LA FOURNIERE 01120 NIEVROZ,01120,NIEVROZ,01,,,,02,1994-12-12,5710,P1,API Recherche Entreprises / INSEE Sirene,2026-05-09
37750549000047,377505490,OTHMAN BEN RADHIA (RADHIA DECORATION),BEN-RADHIA (BEN RADHIA),43.34Z,43.34Z,40 CHEMIN DU PEUDEX 01220 DIVONNE-LES-BAINS,01220,DIVONNE-LES-BAINS,01,,,,NN,1990-04-04,1000,P1,API Recherche Entreprises / INSEE Sirene,2026-05-09
37767360300025,377673603,ENTREPRISE JENTELLET,ATCHVLLR,43.34Z,43.34Z,48 ALLEE DES VIOLETTES 01960 PERONNAS,01960,PERONNAS,01,,,,03,1990-04-01,5710,P1,API Recherche Entreprises / INSEE Sirene,2026-05-09
37769033400026,377690334,FRANCK GENILLON,GENILLON (GENILLON),43.34Z,43.34Z,CORDIEUX 01120 MONTLUEL,01120,MONTLUEL,01,,,,NN,1990-04-10,1000,P1,API Recherche Entreprises / INSEE Sirene,2026-05-09
40837558200041,408375582,GUICHARDAN PEINTURES REVETEMENTS (GPR),PERRIN,43.34Z,43.34Z,29 AVENUE ARSENE D'ARSONVAL 01000 BOURG-EN-BRESSE,01000,BOURG-EN-BRESSE,01,,,,12,1996-07-01,5710,P1,API Recherche Entreprises / INSEE Sirene,2026-05-09
83806793200015,838067932,BAT'ISERE,DZIRI,43.34Z,43.34Z,33 QUAI ARLOING 69009 LYON,69009,LYON,69,,,,02,2018-03-02,5499,P1,API Recherche Entreprises / INSEE Sirene,2026-05-09
83818055200013,838180552,HASSAN AIT-NACEUR,AIT-NACEUR (AIT-NACEUR),43.34Z,43.34Z,28 AVENUE DE LYON 01000 BOURG-EN-BRESSE,01000,BOURG-EN-BRESSE,01,,,,NN,2018-04-01,1000,P1,API Recherche Entreprises / INSEE Sirene,2026-05-09
83868819000019,838688190,JENNIFER MENDES LEMOS (LAMURE) (LA MAISON DE WASSILY),MENDES LEMOS (LAMURE),43.34Z,43.34Z,574 CHEMIN DU BOIS DU LYS 01600 SAINT-BERNARD,01600,SAINT-BERNARD,01,,,,NN,2018-04-02,1000,P1,API Recherche Entreprises / INSEE Sirene,2026-05-09
83931220400010,839312204,ENZO OSTER (ENZO OSTER PEINTURE ET DECORATION),OSTER (OSTER),43.34Z,43.34Z,63 IMPASSE DES CEDRES 01360 LOYETTES,01360,LOYETTES,01,,,,NN,2018-05-01,1000,P1,API Recherche Entreprises / INSEE Sirene,2026-05-09
83932891100038,839328911,A.R.DECOR,RHAIEM (RHAIEM),43.34Z,43.34Z,ZAC DE LA VIE CHATELME 314 RUE DES ETANGS 01170 CROZET,01170,CROZET,01,,,,02,2018-05-01,5499,P1,API Recherche Entreprises / INSEE Sirene,2026-05-09
84226193500014,842261935,HAMMOU OUANIBA,OUANIBA (OUANIBA),43.34Z,43.34Z,356 RUE DU HUIT MAI 1945 01300 BELLEY,01300,BELLEY,01,,,,NN,2018-10-01,1000,P1,API Recherche Entreprises / INSEE Sirene,2026-05-09
84068339500023,840683395,JORDAN GUILLARD (CREASURFACE),GUILLARD,43.34Z,43.34Z,60 RUE FRANCOIS IER 75008 PARIS,75008,PARIS,75,,,,NN,2018-06-11,1000,P1,API Recherche Entreprises / INSEE Sirene,2026-05-09
83284858400013,832848584,LE BRICOLEUR BRESSAN,TARON,43.34Z,43.34Z,43 RUE DES GENETES 01440 VIRIAT,01440,VIRIAT,01,,,,NN,2017-09-01,5710,P1,API Recherche Entreprises / INSEE Sirene,2026-05-09
10004904800018,100049048,MAXIME MARGERIT (MAXIME MARGERIT PEINTURE),MARGERIT,43.34Z,43.34Z,PAVILLON4 317 BALCON DES MANTILLIERES 01290 BEY,01290,BEY,01,,,,NN,2026-01-20,1000,P1,API Recherche Entreprises / INSEE Sirene,2026-05-09
44769007400029,447690074,EDITH EVRARD (LE GRAIN DU DECOR),EVRARD (EVRARD),43.34Z,43.34Z,410 CHEMIN DE CADOLLES 01660 VANDEINS,01660,VANDEINS,01,,,,NN,2003-01-02,1000,P1,API Recherche Entreprises / INSEE Sirene,2026-05-09
44858050600070,448580506,STEPHANE TISSEUR (TISSEUR),TISSEUR,43.34Z,43.34Z,15 PLACE DE L'HOPITAL 01320 CHALAMONT,01320,CHALAMONT,01,,,,NN,2003-03-25,1000,P1,API Recherche Entreprises / INSEE Sirene,2026-05-09
44870964200020,448709642,MONTEIRO ET DA CRUZ,ALVES MONTEIRO (ALVES MONTEIRO),43.34Z,43.34Z,1722 RUE EDOUARD HERRIOT 01480 JASSANS-RIOTTIER,01480,JASSANS-RIOTTIER,01,,,,01,2003-04-28,5499,P1,API Recherche Entreprises / INSEE Sirene,2026-05-09
45116396800022,451163968,FABRICE PEYCRU,PEYCRU,43.34Z,43.34Z,CHATEL 01350 CULOZ-BEON,01350,CULOZ-BEON,01,,,,NN,2004-01-05,1000,P1,API Recherche Entreprises / INSEE Sirene,2026-05-09
45124595500021,451245955,ESPACE HABITAT (AD HABITAT),ONUK (ONUK),43.34Z,43.34Z,Z. I. EST ROUTE DE THIL 01700 BEYNOST,01700,BEYNOST,01,,,,02,2003-10-01,5499,P1,API Recherche Entreprises / INSEE Sirene,2026-05-09
45132053500029,451320535,JEAN-MARC VANDENINDEN (JMV RENOVATION & PEINTURE),VANDENINDEN,43.34Z,43.34Z,ASNIT 2 ALLEE SACOMAN 13016 MARSEILLE,13016,MARSEILLE,13,,,,NN,2003-12-20,1000,P1,API Recherche Entreprises / INSEE Sirene,2026-05-09
45167282800022,451672828,ERIC BRICHE (BRICHE ERIC),BRICHE (BRICHE),43.34Z,43.34Z,DOMAINE DE CLAIREFONTAINE 918 ROUTE D'HAUTEVILLE 01510 VIRIEU-LE-GRAND,01510,VIRIEU-LE-GRAND,01,,,,NN,2004-01-05,1000,P1,API Recherche Entreprises / INSEE Sirene,2026-05-09
45197453900038,451974539,CM DECO,MULOT (MULOT),43.34Z,43.34Z,15 IMPASSE DES VIGNES D’ANTAN 01600 MISERIEUX,01600,MISERIEUX,01,,,,NN,2004-01-01,5499,P1,API Recherche Entreprises / INSEE Sirene,2026-05-09
43320530900043,433205309,SERGE PERRINO,PERRINO (PERRINO),43.34Z,43.34Z,35 RUE DU VIVIER 01700 BEYNOST,01700,BEYNOST,01,,,,NN,2000-11-02,1000,P1,API Recherche Entreprises / INSEE Sirene,2026-05-09
43501584700013,435015847,DONNARAY CHRISTIAN,DONNARAY (DONNARAY),43.34Z,43.34Z,134 LES FAUVETTES 01220 SAUVERNY,01220,SAUVERNY,01,,,,01,2001-04-01,5499,P1,API Recherche Entreprises / INSEE Sirene,2026-05-09
43526932900015,435269329,GUILLARD FRERES SARL,GUILLARD (GUILLARD),43.34Z,43.34Z,ALLEE DES ROSES 01600 MISERIEUX,01600,MISERIEUX,01,,,,01,2001-01-01,5499,P1,API Recherche Entreprises / INSEE Sirene,2026-05-09
45250020000012,452500200,CHRISTOPHE GAUDIN,GAUDIN (GAUDIN),43.34Z,43.34Z,PARC VARAMBONIERE 01500 CHATEAU-GAILLARD,01500,CHATEAU-GAILLARD,01,,,,NN,2004-04-01,1000,P1,API Recherche Entreprises / INSEE Sirene,2026-05-09
45264187100028,452641871,EURL VIEIRA DECO (VIEIRA DECO),VIEIRA (VIEIRA),43.34Z,43.34Z,127 RUE DU SALEVE 01170 CROZET,01170,CROZET,01,,,,NN,2004-04-06,5499,P1,API Recherche Entreprises / INSEE Sirene,2026-05-09
45295542000016,452955420,SARL MARQUES,MARQUES DA CRUZ (MARQUES DA CRUZ),43.34Z,43.34Z,2 LOT CHAMP FLEURI 01990 BANEINS,01990,BANEINS,01,,,,NN,2004-03-29,5499,P1,API Recherche Entreprises / INSEE Sirene,2026-05-09
45320403400012,453204034,SERGE MARIE CREATIONS,MARIE (MARIE),43.34Z,43.34Z,LE VILLAGE 01260 ARVIERE-EN-VALROMEY,01260,ARVIERE-EN-VALROMEY,01,,,,NN,2004-04-01,5499,P1,API Recherche Entreprises / INSEE Sirene,2026-05-09
45381835300022,453818353,AMBONE DECORATION,AMBONE,43.34Z,43.34Z,24 RUE DES MORAINES 01300 MAGNIEU,01300,MAGNIEU,01,,,,NN,2004-04-15,5499,P1,API Recherche Entreprises / INSEE Sirene,2026-05-09
42899833000016,428998330,SACIR GASI,GASI (GASI),43.34Z,43.34Z,857 RUE DE LA COMBE DE L’EAU 01220 DIVONNE-LES-BAINS,01220,DIVONNE-LES-BAINS,01,,,,NN,2000-01-25,1000,P1,API Recherche Entreprises / INSEE Sirene,2026-05-09
44922706500025,449227065,JEAN DELEBERGHE (DELEBERGHE JEAN-PIERRE),DELEBERGHE (DELEBERGHE),43.34Z,43.34Z,CITE BELGIQUE 12 RUE DU TCHAD 62750 LOOS-EN-GOHELLE,62750,LOOS-EN-GOHELLE,62,,,,NN,2003-07-15,1000,P1,API Recherche Entreprises / INSEE Sirene,2026-05-09
45050087100055,450500871,RHONE ALPES RENOVATION C.A.,CATOLINO (CATOLINO),43.34Z,43.34Z,20 RUE CASTELLION 01100 OYONNAX,01100,OYONNAX,01,,,,01,2003-10-01,5710,P1,API Recherche Entreprises / INSEE Sirene,2026-05-09
43913828000029,439138280,JESUS DIESTRO- TORRES,DIESTRO-TORRES (DIESTRO- TORRES),43.34Z,43.34Z,LES BRUYERES 01320 SAINT-NIZIER-LE-DESERT,01320,SAINT-NIZIER-LE-DESERT,01,,,,NN,2001-10-02,1000,P1,API Recherche Entreprises / INSEE Sirene,2026-05-09
42996509800024,429965098,SYLVIE MACHULSKI (SM CONSEILS),MACHULSKI,43.34Z,43.34Z,CCAS DE LAGNIEU 16 RUE PASTEUR 01150 LAGNIEU,01150,LAGNIEU,01,,,,NN,2000-01-03,1000,P1,API Recherche Entreprises / INSEE Sirene,2026-05-09
43006184600027,430061846,PIERRE IEROPOLI (IEROPOLI PIERRE),IEROPOLI (IEROPOLI),43.34Z,43.34Z,HAM DE JAVORNOZ 01230 SAINT-RAMBERT-EN-BUGEY,01230,SAINT-RAMBERT-EN-BUGEY,01,,,,NN,2000-04-03,1000,P1,API Recherche Entreprises / INSEE Sirene,2026-05-09
43017182700024,430171827,GILLES LOUIS GAVET (G L G),LOUIS GAVET,43.34Z,43.34Z,87 ROUTE DE SAINT MAURICE 71960 IGE,71960,IGE,71,,,,NN,2000-04-25,1000,P1,API Recherche Entreprises / INSEE Sirene,2026-05-09
10107426800018,101074268,HOME-SERVICES,GD FINANCES,43.34Z,43.34Z,70 RUE DE LAUSANNE 01220 DIVONNE-LES-BAINS,01220,DIVONNE-LES-BAINS,01,,,,NN,2026-02-10,5710,P1,API Recherche Entreprises / INSEE Sirene,2026-05-09
10165324400018,101653244,PERRAUD ARTISANAT (PERRAUD ARTISANAT),PERRAUD,43.34Z,43.34Z,250 ROUTE DE CORGENON 01960 SAINT-ANDRE-SUR-VIEUX-JONC,01960,SAINT-ANDRE-SUR-VIEUX-JONC,01,,,,NN,2026-03-01,5499,P1,API Recherche Entreprises / INSEE Sirene,2026-05-09
31855177700085,318551777,ROGER GUEDJ (ALPHA PEINTURES),GUEDJ (GUEDJ),43.34Z,43.34Z,16 AVENUE FRANCOIS CUZIN 83000 TOULON,83000,TOULON,83,,,,NN,1980-01-01,1000,P1,API Recherche Entreprises / INSEE Sirene,2026-05-09
30990409200041,309904092,PONCET CONFORT DECOR,FAYARD FINANCE SARL,43.34Z,43.34Z,5 AV MAL DE LATTRE DE TASSIGNY-CHATIL 01200 VALSERHONE,01200,VALSERHONE,01,,,,12,1977-01-01,5710,P1,API Recherche Entreprises / INSEE Sirene,2026-05-09
31051570500039,310515705,RENE PERRIN,PERRIN (PERRIN),43.34Z,43.34Z,BELLEGARDE SUR VALSERINE 16 RUE PARMENTIER 01200 VALSERHONE,01200,VALSERHONE,01,,,,NN,1977-01-01,1000,P1,API Recherche Entreprises / INSEE Sirene,2026-05-09
31516981300070,315169813,FRANCIS GOURSAUD (GOURSAUD FRANCIS EI),GOURSAUD,43.34Z,43.34Z,LE BUISSON 87220 BOISSEUIL,87220,BOISSEUIL,87,,,,NN,1979-01-01,1000,P1,API Recherche Entreprises / INSEE Sirene,2026-05-09
32521628100106,325216281,DIDIER VIEILLEMAR (REFLET 06),VIEILLEMAR,43.34Z,43.34Z,LE DELPHES C/O AZUR SECRETARIAT SERVIC 60 AVENUE DE NICE 06800 CAGNES-SUR-MER,06800,CAGNES-SUR-MER,06,,,,NN,1982-08-01,1000,P1,API Recherche Entreprises / INSEE Sirene,2026-05-09
31543485200234,315434852,ENTREPRISE BONGLET,BONGLET,43.31Z,43.31Z,1840 ROUTE DE BESANCON 39000 LONS-LE-SAUNIER,39000,LONS-LE-SAUNIER,39,,,,41,1968-01-01,5710,P1,API Recherche Entreprises / INSEE Sirene,2026-05-09
91182391200025,911823912,ROMARIC BENOIT,BENOIT (BENOIT),43.31Z,43.31Z,10 PLACE LOUIS JOURDAN 01240 SAINT-PAUL-DE-VARAX,01240,SAINT-PAUL-DE-VARAX,01,,,,NN,2022-02-01,1000,P1,API Recherche Entreprises / INSEE Sirene,2026-05-09
93056799500012,930567995,MERCIER PEINTURE ISOLATION,MERCIER,43.31Z,43.31Z,1 RUE DE RAMBUISSON 01300 CONTREVOZ,01300,CONTREVOZ,01,,,,NN,2024-07-01,5499,P1,API Recherche Entreprises / INSEE Sirene,2026-05-09
53243276200021,532432762,MERCAN,MERCAN (MERCAN),43.31Z,43.31Z,33 RUE DU 19 MARS 1962 01480 JASSANS-RIOTTIER,01480,JASSANS-RIOTTIER,01,,,,01,2011-05-09,5499,P1,API Recherche Entreprises / INSEE Sirene,2026-05-09
53474240800048,534742408,HOME 3 D RENOV,BULUT,43.31Z,41.20A,38 RUE DE LA GLACIERE 75013 PARIS,75013,PARIS,75,,,,NN,2010-11-01,5499,P1,API Recherche Entreprises / INSEE Sirene,2026-05-09
80871338200048,808713382,LE DAIN CONCEPT RENOVATION (LE DAIN CONCEPT RENOVATION),LE DAIN (LE DAIN),43.31Z,43.31Z,116 RUE BOSSUET 69006 LYON,69006,LYON,69,,,,11,2014-12-30,5710,P1,API Recherche Entreprises / INSEE Sirene,2026-05-09
81903963700015,819039637,DCJL RENOVATIONS SARL,LUIS (LUIS),43.31Z,70.10Z,46 CHE DE L'ETANG 1219 CHATELAINE SUISSE,,,,,,,NN,2016-03-10,3120,P2,API Recherche Entreprises / INSEE Sirene,2026-05-09
82857208100028,828572081,LONADO,FURLAN,43.31Z,43.31Z,1204 RTE DE NEYRIEU 01300 GROSLEE-SAINT-BENOIT,01300,GROSLEE-SAINT-BENOIT,01,,,,03,2017-03-13,5710,P1,API Recherche Entreprises / INSEE Sirene,2026-05-09
49441728000034,494417280,LIONEL CHARPENTIER (LCADEQUAT),CHARPENTIER (CHARPENTIER),43.31Z,43.31Z,13 CHEMIN DU LAVOIR 01160 PRIAY,01160,PRIAY,01,,,,NN,2007-01-01,1000,P1,API Recherche Entreprises / INSEE Sirene,2026-05-09
85028578400011,850285784,4K CONSTRUCTION (4K CONSTRUCTION),KURUMAL (KURUMAL),43.31Z,43.31Z,26 RUE HOCHE 01200 VALSERHONE,01200,VALSERHONE,01,,,,NN,2019-04-17,5499,P1,API Recherche Entreprises / INSEE Sirene,2026-05-09
44373856200042,443738562,SEBASTIEN ADAMOLI (ADAMS DECO),ADAMOLI,43.31Z,43.31Z,31 ROUTE DE PUSIGNAN 69330 JONS,69330,JONS,69,,,,NN,2002-10-16,1000,P1,API Recherche Entreprises / INSEE Sirene,2026-05-09
90816367800018,908163678,YEHYA BENMAAMAR (B.Y PLATRERIE PEINTURE),BENMAAMAR (BENMAAMAR),43.31Z,43.31Z,720 TERRE DE L'ALOUETTE 01190 SAINT-BENIGNE,01190,SAINT-BENIGNE,01,,,,NN,2022-01-02,1000,P1,API Recherche Entreprises / INSEE Sirene,2026-05-09
94929562000015,949295620,SEBASTIEN MEYET,MEYET,43.31Z,43.31Z,7 B RUE DES RAVINELLES 01500 CHATEAU-GAILLARD,01500,CHATEAU-GAILLARD,01,,,,NN,2023-04-01,1000,P1,API Recherche Entreprises / INSEE Sirene,2026-05-09
88403059400037,884030594,DANTIN AMBIANCE INTERIEURE,DANTIN (DANTIN),43.31Z,43.31Z,234 CHEMIN DE CLANCHE 01330 VILLARS-LES-DOMBES,01330,VILLARS-LES-DOMBES,01,,,,00,2020-06-02,5499,P1,API Recherche Entreprises / INSEE Sirene,2026-05-09
78982432300016,789824323,ERIC BERTRAND,BERTRAND (BERTRAND),43.31Z,43.31Z,100 ALL DES COUHARDES 01851 MARBOZ,01851,MARBOZ,01,,,,01,2012-12-01,1000,P1,API Recherche Entreprises / INSEE Sirene,2026-05-09
80155161500025,801551615,WILLIAM RONZIER (R.W DECO),RONZIER (RONZIER),43.31Z,43.31Z,1075 ROUTE DE RETISSINGE 01290 BIZIAT,01290,BIZIAT,01,,,,NN,2014-05-05,1000,P1,API Recherche Entreprises / INSEE Sirene,2026-05-09
79943586200039,799435862,ALEXANDRE MARTINS (AMG),MARTINS (MARTINS),43.31Z,43.31Z,2250 ROUTE DE SAINT ANDRE DE CORCY 01390 CIVRIEUX,01390,CIVRIEUX,01,,,,NN,2014-01-06,1000,P1,API Recherche Entreprises / INSEE Sirene,2026-05-09
81536443500041,815364435,AJETI,AJETI (AJETI),43.31Z,70.10Z,LD ZA DES PIQUES 2 01500 AMBRONAY,01500,AMBRONAY,01,,,,02,2015-12-12,5499,P1,API Recherche Entreprises / INSEE Sirene,2026-05-09
48885658400013,488856584,ADN PLATRERIE PEINTURE,AILI (AILI),43.31Z,43.34Z,2 AVENUE DU CAMPING 01130 NANTUA,01130,NANTUA,01,,,,03,2006-03-01,5499,P1,API Recherche Entreprises / INSEE Sirene,2026-05-09
40821211600011,408212116,PATRICK MAISSON,MAISSON (MAISSON),43.31Z,43.31Z,LE SAIX 01330 BOULIGNEUX,01330,BOULIGNEUX,01,,,,NN,1993-01-01,1000,P1,API Recherche Entreprises / INSEE Sirene,2026-05-09
51528268900022,515282689,JONATHAN DA COSTA (BUGEY BATIMENT),DA COSTA (DA COSTA),43.31Z,43.31Z,68 RUE ANTOINE LAURENT DE LAVOISIER 01300 BELLEY,01300,BELLEY,01,,,,01,2009-10-15,1000,P1,API Recherche Entreprises / INSEE Sirene,2026-05-09
53051713500048,530517135,VERT NUANCE (VERT NUANCE),HENRY (HENRY),43.31Z,43.31Z,110 AVENUE BARTHELEMY BUYER 69009 LYON,69009,LYON,69,,,,NN,2011-02-22,5499,P1,API Recherche Entreprises / INSEE Sirene,2026-05-09
83464861000014,834648610,AG CONSTRUCTION RENOVATION,OZTURK (OZTURK),43.31Z,43.31Z,576 RUE ALEXANDRE RICHETTA 69400 VILLEFRANCHE-SUR-SAONE,69400,VILLEFRANCHE-SUR-SAONE,69,,,,NN,2018-01-02,5710,P1,API Recherche Entreprises / INSEE Sirene,2026-05-09
84753240500036,847532405,GOUTTE AMENAGEMENTS,GOUTTEFANGEAS (GOUTTEFANGEAS),43.31Z,43.31Z,51 AVENUE JEAN JAURES 69007 LYON,69007,LYON,69,,,,11,2019-01-17,5710,P1,API Recherche Entreprises / INSEE Sirene,2026-05-09
91137494000011,911374940,ERIC POTHIER (ERIC POTHIER - S3PI),POTHIER (POTHIER),43.31Z,43.31Z,14 CHEMIN DU CENTRE 01140 GARNERANS,01140,GARNERANS,01,,,,NN,2022-03-02,1000,P1,API Recherche Entreprises / INSEE Sirene,2026-05-09
92766124900031,927661249,MAXIME LOUREAUX (LRX EVENT),LOUREAUX,43.31Z,43.31Z,91 CHEMIN DE LA TULLIERE 01290 SAINT-JEAN-SUR-VEYLE,01290,SAINT-JEAN-SUR-VEYLE,01,,,,NN,2024-04-12,1000,P1,API Recherche Entreprises / INSEE Sirene,2026-05-09
75025694300028,750256943,ISO.PLATRERIE RHONE ALPES (ISO.PLATRERIE RHONE ALPES),DOGAN (DOGAN),43.31Z,43.31Z,60 RUE DE L'HOTEL DE VILLE 01750 SAINT-LAURENT-SUR-SAONE,01750,SAINT-LAURENT-SUR-SAONE,01,,,,NN,2012-03-05,5499,P1,API Recherche Entreprises / INSEE Sirene,2026-05-09
75037925700058,750379257,MICKAEL DE ARAUJO,DE ARAUJO,43.31Z,43.31Z,170 GD RUE DE LA COTIERE 01160 PRIAY,01160,PRIAY,01,,,,NN,2012-02-16,1000,P1,API Recherche Entreprises / INSEE Sirene,2026-05-09
75054059300043,750540593,L'AIN COLOR,TAKALAK (TAKALAK),43.31Z,43.31Z,MAISON DU XVI EME SIECLE 32 ROUTE DE LOYETTES 01150 BLYES,01150,BLYES,01,,,,01,2012-03-01,5710,P1,API Recherche Entreprises / INSEE Sirene,2026-05-09
75081352900021,750813529,ALI MILADI (MILADI ALI),MILADI (MILADI),43.31Z,43.31Z,58 AVENUE AMEDEE MERCIER 01000 BOURG-EN-BRESSE,01000,BOURG-EN-BRESSE,01,,,,NN,2012-03-27,1000,P1,API Recherche Entreprises / INSEE Sirene,2026-05-09
53292668000028,532926680,SARL ZUSSY,ZUSSY (ZUSSY),43.31Z,43.31Z,107 VOIE DES 1400 ANS 01140 SAINT-DIDIER-SUR-CHALARONNE,01140,SAINT-DIDIER-SUR-CHALARONNE,01,,,,01,2011-06-15,5499,P1,API Recherche Entreprises / INSEE Sirene,2026-05-09
53402897200048,534028972,LOIC MENDES TOSELLO (MENDES),MENDES TOSELLO (MENDES),43.31Z,43.31Z,45 CHEMIN DES BLANCHONS 69790 SAINT-IGNY-DE-VERS,69790,SAINT-IGNY-DE-VERS,69,,,,NN,2011-08-05,1000,P1,API Recherche Entreprises / INSEE Sirene,2026-05-09
53832347800015,538323478,BRUNO PARENT,PARENT (PARENT),43.31Z,43.31Z,LA JUMELLE 165 RTE DE SAINT NIZIER 01240 MARLIEUX,01240,MARLIEUX,01,,,,01,2011-11-21,5710,P1,API Recherche Entreprises / INSEE Sirene,2026-05-09
53847767000029,538477670,GARRY DURAND,DURAND (DURAND),43.31Z,43.31Z,CHEZ MME PAGNEUX VIRGINIE 480 ROUTE DES MOUILLES 01190 CHEVROUX,01190,CHEVROUX,01,,,,NN,2011-11-25,1000,P1,API Recherche Entreprises / INSEE Sirene,2026-05-09
53895721800026,538957218,EMMANUEL MOLLARD,MOLLARD (MOLLARD),43.31Z,43.31Z,53 RUE HENRI JOMAIN 01120 NIEVROZ,01120,NIEVROZ,01,,,,NN,2012-01-12,1000,P1,API Recherche Entreprises / INSEE Sirene,2026-05-09
52950768300017,529507683,MATHIEU BRETAGNOLLES,BRETAGNOLLES (BRETAGNOLLES),43.31Z,43.31Z,99 CHEMIN DES BRUYERES 01360 BELIGNEUX,01360,BELIGNEUX,01,,,,NN,2011-01-12,1000,P1,API Recherche Entreprises / INSEE Sirene,2026-05-09
53002737400012,530027374,MICKAEL MOREIRA,MOREIRA (MOREIRA),43.31Z,43.31Z,28 RUE MARSALE 01380 BAGE-LE-CHATEL,01380,BAGE-LE-CHATEL,01,,,,NN,2011-01-01,1000,P1,API Recherche Entreprises / INSEE Sirene,2026-05-09
52375252500031,523752525,GREGORY CHANEL,CHANEL (CHANEL),43.31Z,43.31Z,28 RUE ANATOLE FRANCE 01100 OYONNAX,01100,OYONNAX,01,,,,NN,2010-07-16,1000,P1,API Recherche Entreprises / INSEE Sirene,2026-05-09
53427832000039,534278320,DANIEL LAGOACA,LAGOACA (LAGOACA),43.31Z,43.31Z,GRANDE RUE 01400 NEUVILLE-LES-DAMES,01400,NEUVILLE-LES-DAMES,01,,,,01,2011-09-01,1000,P1,API Recherche Entreprises / INSEE Sirene,2026-05-09
53444597800024,534445978,MATHIEU BARTHELEMY (M B T I),BARTHELEMY (BARTHELEMY),43.31Z,43.31Z,642 CHEMIN DE RONDE 01500 DOUVRES,01500,DOUVRES,01,,,,NN,2011-09-01,1000,P1,API Recherche Entreprises / INSEE Sirene,2026-05-09
53468658900043,534686589,LUGIS,CHOPINOT,43.31Z,43.31Z,6 IMPASSE MONGE 69330 MEYZIEU,69330,MEYZIEU,69,,,,03,2011-09-13,5499,P1,API Recherche Entreprises / INSEE Sirene,2026-05-09
53738336600037,537383366,MOHSEN MTAALLAH,MTAALLAH (MTAALLAH),43.31Z,43.31Z,83 RUE JEAN SARRAZIN 69008 LYON,69008,LYON,69,,,,NN,2011-11-02,1000,P1,API Recherche Entreprises / INSEE Sirene,2026-05-09
53740952600036,537409526,AHMET CELIKTAS (CA CLOISON MOBILE),CELIKTAS,43.31Z,43.31Z,41 LE CLOS MARGUERITE 01480 FAREINS,01480,FAREINS,01,,,,NN,2011-10-24,1000,P1,API Recherche Entreprises / INSEE Sirene,2026-05-09
75364270100035,753642701,TRAVO@FR (TRAVO@FR),MELEIRO,43.31Z,43.31Z,136 RUE DES CHARTINIERES 01120 DAGNEUX,01120,DAGNEUX,01,,,,NN,2012-09-10,5499,P1,API Recherche Entreprises / INSEE Sirene,2026-05-09
75368774800016,753687748,MB,MAACH (MAACH),43.31Z,43.31Z,32 RUE BRILLAT SAVARIN 01000 SAINT-DENIS-LES-BOURG,01000,SAINT-DENIS-LES-BOURG,01,,,,NN,2012-08-01,5710,P1,API Recherche Entreprises / INSEE Sirene,2026-05-09
75386414900020,753864149,GANI REVUCI,REVUCI (REVUCI),43.31Z,43.31Z,16 ROUTE DE GENEVE 01700 SAINT-MAURICE-DE-BEYNOST,01700,SAINT-MAURICE-DE-BEYNOST,01,,,,NN,2012-09-18,1000,P1,API Recherche Entreprises / INSEE Sirene,2026-05-09
39528574500059,395285745,SERGE SIMO,SIMO (SIMO),43.31Z,43.31Z,VERGONGEAT 01270 COLIGNY,01270,COLIGNY,01,,,,NN,1994-06-07,1000,P1,API Recherche Entreprises / INSEE Sirene,2026-05-09
34430072800039,344300728,MANUEL BARROSO FERREIRA,BARROSO FERREIRA (BARROSO FERREIRA),43.31Z,43.31Z,80 GRANDE RUE 01600 TREVOUX,01600,TREVOUX,01,,,,01,1988-03-14,1000,P1,API Recherche Entreprises / INSEE Sirene,2026-05-09
34450174700051,344501747,HERVE FOULON,FOULON,43.31Z,43.31Z,144 IMPASSE DES PECHEURS 01660 MEZERIAT,01660,MEZERIAT,01,,,,NN,1988-04-12,1000,P1,API Recherche Entreprises / INSEE Sirene,2026-05-09
39931252900023,399312529,ACOUSTIQUE TECHNIQUE AMOVIBLE (ATA),TAPONAT,43.31Z,43.31Z,ZONE INDUSTRIELLE 415 ALLEE DE FETAN 01600 TREVOUX,01600,TREVOUX,01,,,,02,1994-12-19,5499,P1,API Recherche Entreprises / INSEE Sirene,2026-05-09
37843269400024,378432694,SARL SGM,DOS SANTOS (DOS SANTOS),43.31Z,43.31Z,625 RUE DE L'INDUSTRIE 01480 JASSANS-RIOTTIER,01480,JASSANS-RIOTTIER,01,,,,02,1990-05-02,5499,P1,API Recherche Entreprises / INSEE Sirene,2026-05-09
41778811400037,417788114,PASCAL LEMOINE,LEMOINE (LEMOINE),43.31Z,43.31Z,LE BOURG 01090 LURCY,01090,LURCY,01,,,,NN,1998-03-02,1000,P1,API Recherche Entreprises / INSEE Sirene,2026-05-09
83804935100011,838049351,FREDERIC COGNARD (FREDERIC COGNARD (FPS)),COGNARD (COGNARD),43.31Z,43.31Z,152 RUE DE TANTENAY 01300 CONZIEU,01300,CONZIEU,01,,,,NN,2018-03-01,1000,P1,API Recherche Entreprises / INSEE Sirene,2026-05-09
83816979500021,838169795,BIDARD ANTHONY,BIDARD,43.31Z,43.31Z,195 ROUTE DE CHANTE-POULET 01990 RELEVANT,01990,RELEVANT,01,,,,02,2018-04-01,5710,P1,API Recherche Entreprises / INSEE Sirene,2026-05-09
83818594000015,838185940,SPP STYLE PLATRERIE PEINTURE (SPP STYLE PLATRERIE PEINTURE),AJMI (AJMI),43.31Z,43.31Z,CHEMIN DU PRE MAYEUX 01700 BEYNOST,01700,BEYNOST,01,,,,02,2018-03-06,5710,P1,API Recherche Entreprises / INSEE Sirene,2026-05-09
83841028000013,838410280,ALEXANDRE NIVIERE (A.N.B),NIVIERE (NIVIERE),43.31Z,43.31Z,310 RUE DU 12 JUILLET 1944 01450 CERDON,01450,CERDON,01,,,,NN,2018-03-22,1000,P1,API Recherche Entreprises / INSEE Sirene,2026-05-09
83865562900015,838655629,JONATHAN HOGERT,HOGERT,43.31Z,43.31Z,277 RUE DE LA BRESSE 01400 NEUVILLE-LES-DAMES,01400,NEUVILLE-LES-DAMES,01,,,,NN,2018-03-19,1000,P1,API Recherche Entreprises / INSEE Sirene,2026-05-09
83871763500034,838717635,PMPA POSE MENUISERIE PLAQUE DE PLATRE AZEVEDO (PMPA POSE MENUISERIE PLAQUE DE PLATRE AZEVEDO),MARTINS DE AZEVEDO,43.31Z,43.31Z,349 ROUTE DE CHANTECLAIR 01480 JASSANS-RIOTTIER,01480,JASSANS-RIOTTIER,01,,,,01,2018-04-01,5710,P1,API Recherche Entreprises / INSEE Sirene,2026-05-09
84178639500019,841786395,ENVER OZKARA,OZKARA (OZKARA),43.31Z,43.31Z,401 MONTEE D'ARS 01600 TREVOUX,01600,TREVOUX,01,,,,NN,2018-08-27,1000,P1,API Recherche Entreprises / INSEE Sirene,2026-05-09
84243706300022,842437063,MEHMET OLCAY (OLC PLAQUISTE),OLCAY (OLCAY),43.31Z,43.31Z,241 CHEMIN DE TOURNOD 01300 BELLEY,01300,BELLEY,01,,,,NN,2018-09-13,1000,P1,API Recherche Entreprises / INSEE Sirene,2026-05-09
83977773700017,839777737,ALVES LUIS MIGUEL,ANTUNES BARROSSO ALVES (ANTUNES BARROSSO ALVES),43.31Z,43.31Z,LE CLOS DES FRENES 1379 ROUTE DE CIVRIEUX 01600 MASSIEUX,01600,MASSIEUX,01,,,,01,2018-04-19,5710,P1,API Recherche Entreprises / INSEE Sirene,2026-05-09
83983674900011,839836749,ARGAUD STEPHANE,ARGAUD (ARGAUD),43.31Z,43.31Z,404 GRANDE RUE 01370 BENY,01370,BENY,01,,,,01,2018-06-15,5710,P1,API Recherche Entreprises / INSEE Sirene,2026-05-09
83983698800015,839836988,CHRISTIAN PONSON (CHRIS PLATRERIE PEINTURE),PONSON (PONSON),43.31Z,43.31Z,250 IMPASSE DE LA COFFIRE 01170 CESSY,01170,CESSY,01,,,,NN,2018-05-02,1000,P1,API Recherche Entreprises / INSEE Sirene,2026-05-09
84019046600010,840190466,BBS-BATI,COTE,43.31Z,43.31Z,LE BESSAY 01400 SANDRANS,01400,SANDRANS,01,,,,NN,2018-06-01,5710,P1,API Recherche Entreprises / INSEE Sirene,2026-05-09
84038059600014,840380596,EXPERT DESIGN,SAHIN (SAHIN),43.31Z,43.31Z,4 IMPASSE DU BOULODROME 01150 LAGNIEU,01150,LAGNIEU,01,,,,NN,2018-06-18,5710,P1,API Recherche Entreprises / INSEE Sirene,2026-05-09
84093640500017,840936405,OMER YUCE (YUCE CONSTRUCTION 01),YUCE (YUCE),43.31Z,43.31Z,4 RUE RACINE 01200 VALSERHONE,01200,VALSERHONE,01,,,,NN,2018-06-01,1000,P1,API Recherche Entreprises / INSEE Sirene,2026-05-09
84123995700019,841239957,LEMOIGNE PLATRIER PEINTRE,LEMOIGNE (LEMOIGNE),43.31Z,43.31Z,320 CHEMIN DE BONAFOU 01310 BUELLAS,01310,BUELLAS,01,,,,NN,2018-06-30,5499,P1,API Recherche Entreprises / INSEE Sirene,2026-05-09
44531923900031,445319239,ENRICO LARANJEIRA (ML FINITIONS),LARANJEIRA,43.31Z,43.31Z,970 RUE DE LA CORNICHE 69400 LIMAS,69400,LIMAS,69,,,,NN,2002-10-03,1000,P1,API Recherche Entreprises / INSEE Sirene,2026-05-09
45157834800034,451578348,ZOUHAIER MECHRI,MECHRI,43.31Z,43.31Z,242 AVENUE DE LA GARE 01700 MIRIBEL,01700,MIRIBEL,01,,,,NN,2004-01-12,1000,P1,API Recherche Entreprises / INSEE Sirene,2026-05-09
43246212500068,432462125,SARL COSI,COSI (COSI),43.31Z,43.31Z,89 RUE DES ECOLIERS 01400 L'ABERGEMENT-CLEMENCIAT,01400,L'ABERGEMENT-CLEMENCIAT,01,,,,02,2000-08-04,5710,P1,API Recherche Entreprises / INSEE Sirene,2026-05-09
43252625900044,432526259,PATRICK BOURG,BOURG (BOURG),43.31Z,43.31Z,12 PLACE DES CEDRES 01390 SAINT-ANDRE-DE-CORCY,01390,SAINT-ANDRE-DE-CORCY,01,,,,NN,2000-08-09,1000,P1,API Recherche Entreprises / INSEE Sirene,2026-05-09
42111057800026,421110578,MICHEL BLANC,BLANC (BLANC),43.31Z,43.31Z,LIEU DIT LE LARGE 01330 VILLARS-LES-DOMBES,01330,VILLARS-LES-DOMBES,01,,,,NN,1999-01-05,1000,P1,API Recherche Entreprises / INSEE Sirene,2026-05-09
42155130000047,421551300,PASCAL VIETTE (PROCOLORS),VIETTE (VIETTE),43.31Z,43.31Z,5 COURS EMILE ZOLA 69100 VILLEURBANNE,69100,VILLEURBANNE,69,,,,NN,1999-01-21,1000,P1,API Recherche Entreprises / INSEE Sirene,2026-05-09
43417166600028,434171666,SCHULER CHRISTOPHE,SCHULER (SCHULER),43.31Z,43.31Z,287 RUE DES BROTTEAUX 01700 MIRIBEL,01700,MIRIBEL,01,,,,NN,2001-01-02,5499,P1,API Recherche Entreprises / INSEE Sirene,2026-05-09
45259409600037,452594096,MUSTAFA DOGAN (DECORA),DOGAN (DOGAN),43.31Z,43.31Z,13 CITE DES FOLLIETS 01700 SAINT-MAURICE-DE-BEYNOST,01700,SAINT-MAURICE-DE-BEYNOST,01,,,,NN,2004-03-01,1000,P1,API Recherche Entreprises / INSEE Sirene,2026-05-09
45300664500023,453006645,SEBAHATTIN AYDIN,AYDIN (AYDIN),43.31Z,43.31Z,12 A RUE DES TOURTERELLES 01340 MONTREVEL-EN-BRESSE,01340,MONTREVEL-EN-BRESSE,01,,,,NN,2004-04-15,1000,P1,API Recherche Entreprises / INSEE Sirene,2026-05-09
45340156400043,453401564,PHILIPPE CORUJEIRA (CORUJEIRA) (EI CORUJEIRA),CORUJEIRA,43.31Z,43.31Z,123 RUE GENERAL DEGOUTTE 01700 MIRIBEL,01700,MIRIBEL,01,,,,NN,2004-04-27,1000,P1,API Recherche Entreprises / INSEE Sirene,2026-05-09
45408554900029,454085549,JMP ENTREPRISE,MARC (MELLET),43.31Z,43.31Z,Z I LES VERCHERES 11 IMPASSE DE LA LEPPE 01800 MEXIMIEUX,01800,MEXIMIEUX,01,,,,NN,2004-07-01,5710,P1,API Recherche Entreprises / INSEE Sirene,2026-05-09
45015360600014,450153606,AHMED LAAROUSSI,LAAROUSSI,43.31Z,43.31Z,1036 RUE AIME BONNEVILLE 01200 VALSERHONE,01200,VALSERHONE,01,,,,NN,2003-09-26,1000,P1,API Recherche Entreprises / INSEE Sirene,2026-05-09
43138805700017,431388057,SARL MOIROUX SEVE,MOIROUX (MOIROUX),43.31Z,43.31Z,160 ROUTE DE VILLARS 01480 VILLENEUVE,01480,VILLENEUVE,01,,,,01,2000-04-03,5499,P1,API Recherche Entreprises / INSEE Sirene,2026-05-09
10174547900010,101745479,BRENDAN LEMARCHAND SCHOUWEY (PLAKOLOR),LEMARCHAND SCHOUWEY,43.31Z,43.31Z,700 ROUTE DE CHANVANT 01400 CHANOZ-CHATENAY,01400,CHANOZ-CHATENAY,01,,,,NN,2026-02-05,1000,P1,API Recherche Entreprises / INSEE Sirene,2026-05-09
10232053800014,102320538,BUGEY BATIMENT (BUGEY BATIMENT),DA COSTA,43.31Z,43.31Z,68 RUE ANTOINE LAURENT DE LAVOISIER 01300 BELLEY,01300,BELLEY,01,,,,NN,2026-02-18,5710,P1,API Recherche Entreprises / INSEE Sirene,2026-05-09
31670377600047,316703776,LUIGI DI-LITTA (DI LITTA),DI-LITTA (DI LITTA),43.31Z,43.31Z,890 CHEMIN GAILLEBEAU 01390 MIONNAY,01390,MIONNAY,01,,,,NN,1979-01-01,1000,P1,API Recherche Entreprises / INSEE Sirene,2026-05-09
30890213900010,308902139,DENIS GIROUD (G.D PLATRERIE PEINTURE),GIROUD,43.31Z,43.31Z,MARCILLEUX 323 RUE DU GRAND GAILLOT 01150 SAINT-VULBAS,01150,SAINT-VULBAS,01,,,,NN,1976-01-01,1000,P1,API Recherche Entreprises / INSEE Sirene,2026-05-09
30925193200070,309251932,JEAN-PIERRE GENOUD,GENOUD,43.31Z,43.31Z,47 RUE PHILIPPE GOY 69500 BRON,69500,BRON,69,,,,NN,2000-02-14,1000,P1,API Recherche Entreprises / INSEE Sirene,2026-05-09
33275592500069,332755925,PATRICK JULIAN (PATRICK JULIAN),JULIAN (JULIAN),43.31Z,43.31Z,363 ROUTE DU BARRAGE 01420 CORBONOD,01420,CORBONOD,01,,,,NN,1985-06-03,1000,P1,API Recherche Entreprises / INSEE Sirene,2026-05-09
33289147200026,332891472,MICHEL DUTREUIL,DUTREUIL (DUTREUIL),43.31Z,43.31Z,LESPARSOU 24140 MONTAGNAC LA CREMPSE,24140,MONTAGNAC LA CREMPSE,24,,,,NN,1985-06-10,1000,P1,API Recherche Entreprises / INSEE Sirene,2026-05-09
52496840100025,524968401,ALI ISIKSOY (HOME'AIN),ISIKSOY (ISIKSOY),43.31Z,43.31Z,6 RUE DE L'EGALITE 01460 MONTREAL-LA-CLUSE,01460,MONTREAL-LA-CLUSE,01,,,,NN,2010-09-15,1000,P1,API Recherche Entreprises / INSEE Sirene,2026-05-09
52752226200031,527522262,SARL AB FACADES (G. MOIRAUD),ABOUDI,43.31Z,43.31Z,363 RUE DE PARIS 71000 MACON,71000,MACON,71,,,,NN,2010-10-08,5499,P1,API Recherche Entreprises / INSEE Sirene,2026-05-09
52794911900012,527949119,SARL DESIGN,ERDOGAN (ERDOGAN),43.31Z,43.31Z,BELLEGARDE SUR VALSERINE 1 ESPACE RENE DINNAT 01200 VALSERHONE,01200,VALSERHONE,01,,,,NN,2010-10-15,5499,P1,API Recherche Entreprises / INSEE Sirene,2026-05-09
52809605000018,528096050,LUDOVIC GIVAUDAN,GIVAUDAN,43.31Z,43.31Z,PARKING SAINT ETIENNE PASSAGE SAINT ETIENNE 01120 MONTLUEL,01120,MONTLUEL,01,,,,02,2010-11-02,1000,P1,API Recherche Entreprises / INSEE Sirene,2026-05-09
51404098900030,514040989,ADRIEN TEMPORAL,TEMPORAL (TEMPORAL),43.31Z,43.31Z,20 IMPASSE DES ROUSSETS 01190 CHEVROUX,01190,CHEVROUX,01,,,,NN,2009-08-01,1000,P1,API Recherche Entreprises / INSEE Sirene,2026-05-09
51497147200022,514971472,PIPC,POULENARD (POULENARD),43.31Z,43.31Z,78 CHEMIN DES LAURIERS 01240 CERTINES,01240,CERTINES,01,,,,NN,2009-09-18,5499,P1,API Recherche Entreprises / INSEE Sirene,2026-05-09
53090075200011,530900752,JOSE SANTOS,SANTOS (SANTOS),43.31Z,43.31Z,149 ROUTE DU POUX 01570 FEILLENS,01570,FEILLENS,01,,,,NN,2011-03-08,1000,P1,API Recherche Entreprises / INSEE Sirene,2026-05-09
53120507800037,531205078,EMRAH DEMIR (EIPRO),DEMIR,43.31Z,43.31Z,6 RUE DU SAUGET 39300 CHAMPAGNOLE,39300,CHAMPAGNOLE,39,,,,NN,2011-03-23,1000,P1,API Recherche Entreprises / INSEE Sirene,2026-05-09
53224207000029,532242070,CST BATIMENT (CST BATIMENT),BERNARD (BERNARD),43.31Z,43.31Z,PARC D'ACTIVITES DU BIEF 165 ALLEE DU BIEF 01600 TREVOUX,01600,TREVOUX,01,,,,NN,2011-04-06,5499,P1,API Recherche Entreprises / INSEE Sirene,2026-05-09
79066439500023,790664395,MOHAMED AMRI (IRMA BTP 01),AMRI,43.31Z,43.31Z,28 RUE DE POUILLY 01630 SAINT-GENIS-POUILLY,01630,SAINT-GENIS-POUILLY,01,,,,NN,2013-01-23,1000,P1,API Recherche Entreprises / INSEE Sirene,2026-05-09
79120712900028,791207129,ART&TECH PLATRERIE,LAZARE (LAZARE),43.31Z,43.31Z,ZI REYRIEUX RUE DES ASTERS 01600 REYRIEUX,01600,REYRIEUX,01,,,,NN,2013-02-14,5710,P1,API Recherche Entreprises / INSEE Sirene,2026-05-09
78919888400015,789198884,JOHNNY FERNANDES,FERNANDES,43.31Z,43.31Z,348 ALLEE DE L'AULNAIE 01340 ATTIGNAT,01340,ATTIGNAT,01,,,,NN,2012-10-15,1000,P1,API Recherche Entreprises / INSEE Sirene,2026-05-09
78947735300047,789477353,DAVID MERANDAT (AIN AMENAGEMENT),MERANDAT (MERANDAT),43.31Z,43.31Z,LES CHAFFANGERES 01240 MARLIEUX,01240,MARLIEUX,01,,,,NN,2012-11-01,1000,P1,API Recherche Entreprises / INSEE Sirene,2026-05-09
34468995500013,344689955,SAGA ISOLATION,,43.32A,43.32A,PAE LES GLAISINS 18 RUE DU PRE FAUCON 74000 ANNECY,74000,ANNECY,74,,,,NN,1988-03-01,5499,P1,API Recherche Entreprises / INSEE Sirene,2026-05-09
78813928500027,788139285,THEVENIN SA,THEVENIN,43.32A,43.32A,ZI LA SAUSSAYE 193 RUE DES BRUYERES 45590 SAINT-CYR-EN-VAL,45590,SAINT-CYR-EN-VAL,45,,,,32,1900-01-01,5710,P1,API Recherche Entreprises / INSEE Sirene,2026-05-09
51313165600029,513131656,A CIEL OUVERT,ADN ACO,43.32A,43.32A,PARC BOURDARIAS 2 RUE GABRIEL BOURDARIAS 69200 VENISSIEUX,69200,VENISSIEUX,69,,,,11,2009-06-05,5710,P1,API Recherche Entreprises / INSEE Sirene,2026-05-09
94834566500012,948345665,GLOBAL HABITAT SOLUTION,FAITOT,43.32A,43.32A,JARNIOUX 21 CHE DE LA CROIX JARNIOUX 69400 PORTE-DES-PIERRES-DOREES,69400,PORTE-DES-PIERRES-DOREES,69,,,,01,2023-01-23,5499,P1,API Recherche Entreprises / INSEE Sirene,2026-05-09
52950152000017,529501520,ARTEBA,BELLET-BRISSAUD (BELLET-BRISSAUD),43.32A,43.32A,5 RUE ALFRED DORNIER 70180 DAMPIERRE-SUR-SALON,70180,DAMPIERRE-SUR-SALON,70,,,,11,2011-01-06,5710,P1,API Recherche Entreprises / INSEE Sirene,2026-05-09
89875030200033,898750302,HOME ENERGIE CONCEPT,CM HOLDING,43.32A,43.32A,340 RUE DES SAMBETES 38460 SAINT-ROMAIN-DE-JALIONAS,38460,SAINT-ROMAIN-DE-JALIONAS,38,,,,11,2021-04-20,5710,P1,API Recherche Entreprises / INSEE Sirene,2026-05-09
39829339900067,398293399,XAVIER FAUCHERRE (FX CUISINES),FAUCHERRE (FAUCHERRE),43.32A,43.32A,19 ALLEE DES BRUYERES 69290 SAINT-GENIS-LES-OLLIERES,69290,SAINT-GENIS-LES-OLLIERES,69,,,,01,1994-09-14,1000,P1,API Recherche Entreprises / INSEE Sirene,2026-05-09
79145084400026,791450844,PULCINA SEBASTIEN,PULCINA (PULCINA),43.32A,43.32A,ROUTE DE PORT GALLAND 01360 LOYETTES,01360,LOYETTES,01,,,,03,2013-02-07,5499,P1,API Recherche Entreprises / INSEE Sirene,2026-05-09
34140614800054,341406148,RENOV'EST,BS FERMETURES,43.32A,43.32A,16 RUE DE LA CROISEE 25400 TAILLECOURT,25400,TAILLECOURT,25,,,,11,1987-06-02,5710,P1,API Recherche Entreprises / INSEE Sirene,2026-05-09
38198426900013,381984269,INTERIEUR - EXTERIEUR (INTERIEUR- EXTERIEUR),BOURJON (BOURJON),43.32A,16.29Z,625 ROUTE DE BEAUPONT 01560 LESCHEROUX,01560,LESCHEROUX,01,,,,03,1991-05-15,5499,P1,API Recherche Entreprises / INSEE Sirene,2026-05-09
49172963800016,491729638,RAOUL LAGRIFFOUL,LAGRIFFOUL (LAGRIFFOUL),43.32A,43.32A,34 RTE DE BELLEGARDE CHANCY SUISSE,,,,,,,NN,2005-12-01,1000,P2,API Recherche Entreprises / INSEE Sirene,2026-05-09
84846656100026,848466561,FRANCE SIX SERVICES (REPAR'STORES),SOURNAC,43.32A,43.32A,166 IMPASSE DES SOURCES 01310 CURTAFOND,01310,CURTAFOND,01,,,,01,2019-02-04,5710,P1,API Recherche Entreprises / INSEE Sirene,2026-05-09
39468826100038,394688261,CHRISTIAN GABRIEL ROBEZ,GABRIEL-ROBEZ (GABRIEL ROBEZ),43.32A,43.32A,VILLENEUVE 44 RUE DES LONGETS 01170 CROZET,01170,CROZET,01,,,,NN,1994-04-15,1000,P1,API Recherche Entreprises / INSEE Sirene,2026-05-09
37756715100016,377567151,HERVE BUIRON,BUIRON (BUIRON),43.32A,43.32A,132 ZONE ARTISANALE DU MOLLARD 01340 FOISSIAT,01340,FOISSIAT,01,,,,02,1990-05-02,1000,P1,API Recherche Entreprises / INSEE Sirene,2026-05-09
41492107200024,414921072,PASCAL CERVERA,CERVERA (CERVERA),43.32A,43.32A,225 CHEMIN DE LA TOUR 01580 MATAFELON-GRANGES,01580,MATAFELON-GRANGES,01,,,,NN,1998-01-05,1000,P1,API Recherche Entreprises / INSEE Sirene,2026-05-09
40842615300040,408426153,KHONE BACCAM,BACCAM (BACCAM),43.32A,43.32A,136 RUE NEUVE 01120 THIL,01120,THIL,01,,,,03,1996-07-08,1000,P1,API Recherche Entreprises / INSEE Sirene,2026-05-09
42198991400047,421989914,SUNSTORE (SUNSTORE),WYSS,43.32A,43.32A,ZA DE LA PRAILLE 6 RUE DE L’ARTISANAT 01710 THOIRY,01710,THOIRY,01,,,,NN,1999-01-01,5499,P1,API Recherche Entreprises / INSEE Sirene,2026-05-09
45347361300033,453473613,GILLES MARVIE,MARVIE (MARVIE),43.32A,43.32A,143 GRANDE RUE 01110 PLATEAU D'HAUTEVILLE,01110,PLATEAU D'HAUTEVILLE,01,,,,NN,2004-05-17,1000,P1,API Recherche Entreprises / INSEE Sirene,2026-05-09
43135053700046,431350537,PASCAL TOURNIER (TP4),TOURNIER (TOURNIER),43.32A,43.32A,80 CHEMIN DE LA DAME 01430 LANTENAY,01430,LANTENAY,01,,,,NN,2000-04-02,1000,P1,API Recherche Entreprises / INSEE Sirene,2026-05-09
33275943000017,332759430,FLASH-BAT,PETITJEAN,43.32A,25.12Z,LD LES ORMES RN 6 71680 CRECHES-SUR-SAONE,71680,CRECHES-SUR-SAONE,71,,,,03,1985-06-01,5499,P1,API Recherche Entreprises / INSEE Sirene,2026-05-09
53087834700018,530878347,AMEKO,SANCHEZ (SANCHEZ),43.32A,43.32A,423 CHEMIN DE L'ALAGNIER 01000 BOURG-EN-BRESSE,01000,BOURG-EN-BRESSE,01,,,,NN,2011-03-01,5499,P1,API Recherche Entreprises / INSEE Sirene,2026-05-09
53099689100020,530996891,P.P.F.,C2B,43.32A,43.32A,150 RUE GEORGES CHARPAK LD EN BELVARD 01390 CIVRIEUX,01390,CIVRIEUX,01,,,,01,2011-01-24,5710,P1,API Recherche Entreprises / INSEE Sirene,2026-05-09
79238382000034,792383820,PATRICE RIVAL,RIVAL,43.32A,43.32A,430 ROUTE DU FILLIAN 74490 ONNION,74490,ONNION,74,,,,NN,2013-05-01,1000,P1,API Recherche Entreprises / INSEE Sirene,2026-05-09
79533905000028,795339050,MARC ROBIN (AIN PASSION BOIS),ROBIN (ROBIN),43.32A,43.32A,9 CHEMIN DE LA JACINIERE 01500 AMBERIEU-EN-BUGEY,01500,AMBERIEU-EN-BUGEY,01,,,,NN,2013-08-27,1000,P1,API Recherche Entreprises / INSEE Sirene,2026-05-09
80134017500018,801340175,AS & FENETRES,GARCIA,43.32A,70.10Z,302 RUE DE L’ECOSSAIS 69400 LIMAS,69400,LIMAS,69,,,,02,2014-04-02,5499,P1,API Recherche Entreprises / INSEE Sirene,2026-05-09
81121993000021,811219930,SEBMENUISERIE,PAUGET,43.32A,43.32A,LOT LES TERRASSES DU PAVILLON 01090 GENOUILLEUX,01090,GENOUILLEUX,01,,,,01,2015-05-18,5710,P1,API Recherche Entreprises / INSEE Sirene,2026-05-09
40324345400028,403243454,PASCAL PONCET,PONCET (PONCET),43.32A,43.32A,425 RTE DE SURJOUX 01300 PEYRIEU,01300,PEYRIEU,01,,,,NN,1996-01-02,1000,P1,API Recherche Entreprises / INSEE Sirene,2026-05-09
38033396300011,380333963,MENUISERIE ALAIN,POLLINA (POLLINA),43.32A,43.32C,LIEUDIT EVIEU RTE DE LA SAUGE 01300 GROSLEE-SAINT-BENOIT,01300,GROSLEE-SAINT-BENOIT,01,,,,NN,1990-10-01,5499,P1,API Recherche Entreprises / INSEE Sirene,2026-05-09
44043437100058,440434371,ANTONIO FERREIRA PINTO (MENUISERIE PINTO),FERREIRA PINTO (FERREIRA PINTO),43.32A,43.32A,6 RUE DE LA CITE BELLEVUE 01140 THOISSEY,01140,THOISSEY,01,,,,NN,2002-01-14,1000,P1,API Recherche Entreprises / INSEE Sirene,2026-05-09
44162844300026,441628443,GREGORY PAUGET,PAUGET (PAUGET),43.32A,43.32A,276 ROUTE DE LA FORET 01190 BOISSEY,01190,BOISSEY,01,,,,02,2002-04-15,1000,P1,API Recherche Entreprises / INSEE Sirene,2026-05-09
82901570000026,829015700,GCDH NORD (GENERATION CONFORT DE L'HABITAT),BARDOL (BARDOL),43.32A,43.32A,87 AVENUE DE LANESSAN 69410 CHAMPAGNE-AU-MONT-D'OR,69410,CHAMPAGNE-AU-MONT-D'OR,69,,,,02,2017-03-21,5710,P1,API Recherche Entreprises / INSEE Sirene,2026-05-09
81738109800018,817381098,JULIEN GUILLAUMON (JGR),GUILLAUMON,43.32A,43.32A,287 AVENUE DU MONT 01700 BEYNOST,01700,BEYNOST,01,,,,NN,2016-01-01,1000,P1,API Recherche Entreprises / INSEE Sirene,2026-05-09
49530534400022,495305344,M.C.B.,BUDILLON (BUDILLON),43.32A,43.32A,ZA DE PENAYE 01300 CHAZEY-BONS,01300,CHAZEY-BONS,01,,,,03,2007-04-05,5710,P1,API Recherche Entreprises / INSEE Sirene,2026-05-09
49783002600041,497830026,F.R . MENUISERIES (OUTDOOR CONCEPT & DESIGN),ROUX,43.32A,43.32A,146 RUE DES ENTREPRENEURS 01170 GEX,01170,GEX,01,,,,03,2007-05-01,5499,P1,API Recherche Entreprises / INSEE Sirene,2026-05-09
42489711400064,424897114,FREDERIC NALLET (NALLET FREDERIC AZUR AGENCEMENT),NALLET,43.32A,43.32A,4 AVENUE DE L'EST 06220 VALLAURIS,06220,VALLAURIS,06,,,,NN,1999-10-01,1000,P1,API Recherche Entreprises / INSEE Sirene,2026-05-09
87827174100026,878271741,CIMEO CONCEP'T (CIMEO CONCEP'T),BERNIGAUD (BERNIGAUD),43.32A,43.32A,143 TREPONT 01110 PLATEAU D'HAUTEVILLE,01110,PLATEAU D'HAUTEVILLE,01,,,,NN,2019-10-22,5499,P1,API Recherche Entreprises / INSEE Sirene,2026-05-09
50770408800016,507704088,ANTONINO MONTARELLO (MENUISERIE ET AGENCEMENT),MONTARELLO (MONTARELLO),43.32A,43.32A,65 CHEMIN DE BOLAROS 01150 VILLEBOIS,01150,VILLEBOIS,01,,,,01,2008-08-18,1000,P1,API Recherche Entreprises / INSEE Sirene,2026-05-09
49932116400059,499321164,B.P.I. (B.P.I.),MPI,43.32A,43.32A,350 ROUTE DE THIL 01700 BEYNOST,01700,BEYNOST,01,,,,12,2007-07-20,5499,P1,API Recherche Entreprises / INSEE Sirene,2026-05-09
80259252700013,802592527,HOMENUISERIES (HOMENUISERIES),CORDONNIER (CORDONNIER),43.32A,43.32A,ZI LES DRAGIEZ 387 AVENUE JEAN MORIN 74800 LA ROCHE-SUR-FORON,74800,LA ROCHE-SUR-FORON,74,,,,03,2014-05-20,5710,P1,API Recherche Entreprises / INSEE Sirene,2026-05-09
80274613100019,802746131,KREMER MENUISERIE,KREMER (BONNET),43.32A,43.32A,1905 ROUTE DU GOUVERNEUR 01330 AMBERIEUX-EN-DOMBES,01330,AMBERIEUX-EN-DOMBES,01,,,,NN,2014-01-01,5499,P1,API Recherche Entreprises / INSEE Sirene,2026-05-09
99009744600019,990097446,LES ATELIERS LARGE,PERRET,43.32A,70.10Z,72 AVENUE DU PROGRES 69680 CHASSIEU,69680,CHASSIEU,69,,,,NN,2025-08-05,5499,P1,API Recherche Entreprises / INSEE Sirene,2026-05-09
90832459300023,908324593,JH AGENCEMENT (JH AGENCEMENT),HUGUET,43.32A,43.32A,369 RUE DU PLATEAU DE CHALLES 01140 SAINT-DIDIER-SUR-CHALARONNE,01140,SAINT-DIDIER-SUR-CHALARONNE,01,,,,NN,2022-01-03,5499,P1,API Recherche Entreprises / INSEE Sirene,2026-05-09
90938977700014,909389777,DE BUT EN BOIS,COCHET,43.32A,43.32A,34 ALLEE DES THUYAS 01480 ARS-SUR-FORMANS,01480,ARS-SUR-FORMANS,01,,,,NN,2022-01-14,5499,P1,API Recherche Entreprises / INSEE Sirene,2026-05-09
39169567300080,391695673,YVAN MONZY,MONZY (MONZY),43.32A,43.32A,155 CHEMIN CHEZ L’ANDRE 01160 SAINT-MARTIN-DU-MONT,01160,SAINT-MARTIN-DU-MONT,01,,,,NN,1993-07-01,1000,P1,API Recherche Entreprises / INSEE Sirene,2026-05-09
10203600100018,102036001,CORBOZ BOIS MENUISERIE CHARPENTE FR,CORBOZ,43.32A,70.10Z,6 SUR L'ETRAZ 1608  ORON-LE-CHATEL SUISSE,1608,,,,,,NN,2026-02-12,3120,P2,API Recherche Entreprises / INSEE Sirene,2026-05-09
79195033000021,791950330,MENUISERIE CHRISTOPHE FAURITE,FAURITE INVEST,43.32A,43.32A,PARC D'ACTIVITE DE MONTFRAY 30 ALL DES PIERRONNES 01480 FAREINS,01480,FAREINS,01,,,,02,2013-04-01,5710,P1,API Recherche Entreprises / INSEE Sirene,2026-05-09
80452294400011,804522944,TLB HABITAT,TLB MANAGEMENT,43.32A,43.32A,28 RUE DE DORTAN 01100 OYONNAX,01100,OYONNAX,01,,,,03,2014-08-26,5710,P1,API Recherche Entreprises / INSEE Sirene,2026-05-09
80009130800026,800091308,ATELIER JALOUSIE BY LINOA (ATELIER JALOUSIE - JALOUSIE FRANCE - BSO BOIS) (L'ATELIER JALOUSIE),GJBOIS,43.32A,43.32A,30 RUE SEGUIN 69002 LYON,69002,LYON,69,,,,03,2014-02-01,5710,P1,API Recherche Entreprises / INSEE Sirene,2026-05-09
80886037300014,808860373,POLYHABITAT OUEST (POLYHABITAT OUEST),RONGIER (RONGIER),43.32A,43.32A,320 CHEMIN DU BIOLAY 01660 MEZERIAT,01660,MEZERIAT,01,,,,02,2015-01-28,5710,P1,API Recherche Entreprises / INSEE Sirene,2026-05-09
47964151600022,479641516,FRANK SAULET-MOES,SAULET-MOES (SAULET-MOES),43.32A,43.32A,MARCHON 8 RUE DU LARDON 01100 ARBENT,01100,ARBENT,01,,,,02,2004-11-29,1000,P1,API Recherche Entreprises / INSEE Sirene,2026-05-09
48517777800019,485177778,ART DECO HABITAT,DAR,43.32A,43.32A,ZAC EN POINT BOEUF 01500 AMBERIEU-EN-BUGEY,01500,AMBERIEU-EN-BUGEY,01,,,,03,2005-12-01,5499,P1,API Recherche Entreprises / INSEE Sirene,2026-05-09
40952522700057,409525227,FRANCOIS MEYNET,MEYNET (MEYNET),43.32A,43.32A,131 CHEMIN DU RIONDET 74200 ANTHY-SUR-LEMAN,74200,ANTHY-SUR-LEMAN,74,,,,11,1996-11-01,5710,P1,API Recherche Entreprises / INSEE Sirene,2026-05-09
49003940100016,490039401,SOCIETE NOUVELLE GEXALU,COTTIER (COTTIER),43.32A,43.32A,183 ROUTE DES VIGNES 01170 CESSY,01170,CESSY,01,,,,NN,2006-04-12,5499,P1,API Recherche Entreprises / INSEE Sirene,2026-05-09
75103756500031,751037565,UFUK YILDIRIM (UMC MENUISERIE CHARPENTE),YILDIRIM (YILDIRIM),43.32A,43.32A,5 RUE PASTEUR 01200 VALSERHONE,01200,VALSERHONE,01,,,,NN,2012-04-08,1000,P1,API Recherche Entreprises / INSEE Sirene,2026-05-09
53425128500019,534251285,EURL MENUISERIE HILARION (LES ESCALIERS DE LA NOUE) (LES ESCALIERS DE LA),HILARION,43.32A,43.32A,CHAMPS THIBAULT 71520 LA CHAPELLE-DU-MONT-DE-FRANCE,71520,LA CHAPELLE-DU-MONT-DE-FRANCE,71,,,,NN,2011-09-03,5499,P1,API Recherche Entreprises / INSEE Sirene,2026-05-09
53755302600049,537553026,FLORIAN LACOST,LACOST (LACOST),43.32A,43.32A,[NON-DIFFUSIBLE],[NON-DIFFUSIBLE],FERNEY-VOLTAIRE,01,,,,NN,2011-09-20,1000,P1,API Recherche Entreprises / INSEE Sirene,2026-05-09
50832009000014,508320090,YANNICK LOUVET,LOUVET (LOUVET),43.32A,43.32A,18 ROUTE D'ETREZ 01340 MALAFRETAZ,01340,MALAFRETAZ,01,,,,NN,2008-10-01,1000,P1,API Recherche Entreprises / INSEE Sirene,2026-05-09
51154356300015,511543563,MICHEL SAUNIER,SAUNIER,43.32A,43.32A,BEZENT 01340 FOISSIAT,01340,FOISSIAT,01,,,,NN,2009-04-01,1000,P1,API Recherche Entreprises / INSEE Sirene,2026-05-09
41406837900026,414068379,MENUISERIE GUICHARDAN,BRILLE (BRILLE),43.32A,43.32A,Z A DES BRUYERES RUE LAVOISIER 01960 PERONNAS,01960,PERONNAS,01,,,,11,1997-10-01,5499,P1,API Recherche Entreprises / INSEE Sirene,2026-05-09
40255145100071,402551451,ADRIEN MEZINO (MENUISERIES M3MF RENOVATION),MEZINO,43.32A,43.32A,69 AV HONORE DE BALZAC 19360 MALEMORT,19360,MALEMORT,19,,,,NN,1995-11-01,1000,P1,API Recherche Entreprises / INSEE Sirene,2026-05-09
51466929000025,514669290,JOSE FERREIRA,FERREIRA (FERREIRA),43.32A,43.32A,294 ROUTE DE MONS 01290 LAIZ,01290,LAIZ,01,,,,00,2009-09-14,1000,P1,API Recherche Entreprises / INSEE Sirene,2026-05-09
53124980300010,531249803,HUGO FAURE (L'ATELIER DU BOIS),FAURE (FAURE),43.32A,43.32A,259 ROUTE DE LOZANNE 69380 DOMMARTIN,69380,DOMMARTIN,69,,,,NN,2011-03-17,1000,P1,API Recherche Entreprises / INSEE Sirene,2026-05-09
44828664100031,448286641,LUC BLAZER,BLAZER (BLAZER),43.32A,43.32A,1 CHEMIN DES BUCHAILLES 01200 BILLIAT,01200,BILLIAT,01,,,,NN,2003-05-02,1000,P1,API Recherche Entreprises / INSEE Sirene,2026-05-09
50039410100025,500394101,TLB MENUISERIES,HOLDING HDG,43.32A,43.32A,652 AVENUE DE LYON 01960 PERONNAS,01960,PERONNAS,01,,,,11,2007-10-01,5710,P1,API Recherche Entreprises / INSEE Sirene,2026-05-09
78993120100014,789931201,O.M.A. (O.M.A.),DUCHEMIN,43.32A,43.32A,LONGEVILLE 01500 AMBRONAY,01500,AMBRONAY,01,,,,NN,2012-12-01,5710,P1,API Recherche Entreprises / INSEE Sirene,2026-05-09
88934440400013,889344404,RB MENUISERIES,BAVOUX (BAVOUX),43.32A,43.32A,26 AVENUE DU GENERAL SARRAIL 01500 AMBERIEU-EN-BUGEY,01500,AMBERIEU-EN-BUGEY,01,,,,03,2020-10-01,5499,P1,API Recherche Entreprises / INSEE Sirene,2026-05-09
90486936900010,904869369,MENUISERIE DEBARGE,DEBARGE (DEBARGE),43.32A,43.32A,48 LE PETIT CHEMIN 01300 MAGNIEU,01300,MAGNIEU,01,,,,01,2021-11-01,5499,P1,API Recherche Entreprises / INSEE Sirene,2026-05-09
92888813000012,928888130,STEPHANE GACHOT (DEPANNEMENUISERIEEXPRESS),GACHOT,43.32A,43.32A,68 ALLEE DES NEFLIERS 01340 ATTIGNAT,01340,ATTIGNAT,01,,,,NN,2024-06-01,1000,P1,API Recherche Entreprises / INSEE Sirene,2026-05-09
92819925600019,928199256,MONTARELLO,MONTARELLO,43.32A,43.32A,12 RUE DU VERGER 01470 SERRIERES-DE-BRIORD,01470,SERRIERES-DE-BRIORD,01,,,,NN,2024-04-18,5499,P1,API Recherche Entreprises / INSEE Sirene,2026-05-09
94835099600039,948350996,MENUISERIE MAUCHAND,MAUCHAND,43.32A,43.32A,1682 ROUTE DE VONNAS 01540 SAINT-JULIEN-SUR-VEYLE,01540,SAINT-JULIEN-SUR-VEYLE,01,,,,NN,2023-01-16,5499,P1,API Recherche Entreprises / INSEE Sirene,2026-05-09
75007242300023,750072423,JEROME RUIZ (RUIZ JEROME),RUIZ (RUIZ),43.32A,43.32A,5 PLACE DE L’HOPITAL 01320 CHALAMONT,01320,CHALAMONT,01,,,,NN,2012-03-02,1000,P1,API Recherche Entreprises / INSEE Sirene,2026-05-09
75010031500043,750100315,JORIS SANVERT (JSMENUISERIE),SANVERT (SANVERT),43.32A,43.32A,1666 ROUTE DE LYON 01800 PEROUGES,01800,PEROUGES,01,,,,02,2012-03-01,1000,P1,API Recherche Entreprises / INSEE Sirene,2026-05-09
75028467100021,750284671,LUDOVIC MOREL (DOMBES BRESSE AGENCEMENT),MOREL (MOREL),43.32A,43.32A,268 ROUTE DU GOUVERNEUR 01330 AMBERIEUX-EN-DOMBES,01330,AMBERIEUX-EN-DOMBES,01,,,,01,2012-03-22,1000,P1,API Recherche Entreprises / INSEE Sirene,2026-05-09
75051514000028,750515140,MONNET PHILIPPE,RAFAL,43.32A,43.32A,322 AVENUE DU COLOMBIER 01330 VILLARS-LES-DOMBES,01330,VILLARS-LES-DOMBES,01,,,,11,2012-04-10,5710,P1,API Recherche Entreprises / INSEE Sirene,2026-05-09
53255409400013,532554094,RAKI PERE ET FILS,RAKI (RAKI),43.32A,43.32A,81 RUE DES CREUZATS 01480 FRANS,01480,FRANS,01,,,,NN,2011-05-20,5499,P1,API Recherche Entreprises / INSEE Sirene,2026-05-09
53257494400015,532574944,ALI TAHIR (TAHIR),TAHIR (TAHIR),43.32A,43.32A,532 RTE ROUTE DE LYON 01360 BALAN,01360,BALAN,01,,,,NN,2011-04-01,1000,P1,API Recherche Entreprises / INSEE Sirene,2026-05-09
53299255900015,532992559,THOMAS MOUSSERON,MOUSSERON,43.32A,43.32A,CHEMIN DES BOIS 01310 MONTCET,01310,MONTCET,01,,,,NN,2011-06-06,1000,P1,API Recherche Entreprises / INSEE Sirene,2026-05-09
53339585100033,533395851,S.M.E. SOCIETE DE MENUISERIE ET D ELECTRICITE (S.M.E. - SOCIETE DE MENUISERIE ET D'ELECTRICITE),MAYER,43.32A,43.32A,19 PASSAGE DES PROMENEURS 01960 SERVAS,01960,SERVAS,01,,,,NN,2011-07-01,5499,P1,API Recherche Entreprises / INSEE Sirene,2026-05-09
53370404500020,533704045,CB AGENCEMENTS,BONNAIRE (BONNAIRE),43.32A,43.32A,344 CHEMIN DES MINIMES 01600 REYRIEUX,01600,REYRIEUX,01,,,,NN,2011-08-29,5499,P1,API Recherche Entreprises / INSEE Sirene,2026-05-09
53400891700013,534008917,JEAN-BAPTISTE JULLIARD (MENUISERIE JULLIARD),JULLIARD,43.32A,43.32A,RTE D'EVOSGES 01110 ARANC,01110,ARANC,01,,,,NN,2011-09-01,1000,P1,API Recherche Entreprises / INSEE Sirene,2026-05-09
53804647500025,538046475,WINEA,METZGER (METZGER),43.32A,43.32A,BP 104 79 AVENUE DE LA LIBERATION 01500 AMBERIEU-EN-BUGEY,01500,AMBERIEU-EN-BUGEY,01,,,,00,2011-10-24,5499,P1,API Recherche Entreprises / INSEE Sirene,2026-05-09
51094202200029,510942022,GBRA,,43.32A,43.32A,638 AVENUE DE THIOLLET 01090 MONTMERLE-SUR-SAONE,01090,MONTMERLE-SUR-SAONE,01,,,,NN,2009-03-03,5499,P1,API Recherche Entreprises / INSEE Sirene,2026-05-09
52989810800038,529898108,FLORIAN GENDRE,GENDRE,43.32A,43.32A,1971 ROUTE DE POLLIAT 01310 CURTAFOND,01310,CURTAFOND,01,,,,NN,2011-01-24,1000,P1,API Recherche Entreprises / INSEE Sirene,2026-05-09
53043169100019,530431691,LA PETITE LUCARNE,MONNET (MONNET),43.32A,43.32A,FORENS 62 RUE DE LA POIVRIERE 01410 CHEZERY-FORENS,01410,CHEZERY-FORENS,01,,,,01,2011-03-01,5499,P1,API Recherche Entreprises / INSEE Sirene,2026-05-09
50886610000029,508866100,SARL GIROD (GIROD AGENCEURS),GIROD (GIROD),43.32A,43.32A,431 RTE DES CENT SILLONS 01340 BRESSE VALLONS,01340,BRESSE VALLONS,01,,,,11,2008-10-01,5499,P1,API Recherche Entreprises / INSEE Sirene,2026-05-09
50960959000021,509609590,ESPACE CHAIMBAULT SOCIETE NOUVELLE,ZARLENGA (ZARLENGA),43.32A,43.32A,BEARD 429 ZA EN FAURIANNE 2 01460 BEARD-GEOVREISSIAT,01460,BEARD-GEOVREISSIAT,01,,,,01,2008-11-28,5710,P1,API Recherche Entreprises / INSEE Sirene,2026-05-09
50999123800015,509991238,AMH MENUISERIE,HYVERNAT (HYVERNAT),43.32A,43.32A,379 RUE LEOPOLD LE HON 01000 BOURG-EN-BRESSE,01000,BOURG-EN-BRESSE,01,,,,NN,2009-02-02,5499,P1,API Recherche Entreprises / INSEE Sirene,2026-05-09
53472185700025,534721857,THOMAS CAPELLI (CT MENUISERIE),CAPELLI (CAPELLI),43.32A,43.32A,16 RUE SOUS CHAMOISE 01430 SAINT-MARTIN-DU-FRENE,01430,SAINT-MARTIN-DU-FRENE,01,,,,NN,2011-09-02,1000,P1,API Recherche Entreprises / INSEE Sirene,2026-05-09
53489179100012,534891791,PC POSE,GIRARDOT (GIRARDOT),43.32A,43.32A,5 LOT DES ALOUETTES 01480 SAVIGNEUX,01480,SAVIGNEUX,01,,,,NN,2011-09-01,5499,P1,API Recherche Entreprises / INSEE Sirene,2026-05-09
53749209200011,537492092,AMPCT,COURTOIS,43.32A,43.32A,LE PRUNIER 544 RTE DE CHALEINS 01990 SAINT-TRIVIER-SUR-MOIGNANS,01990,SAINT-TRIVIER-SUR-MOIGNANS,01,,,,NN,2011-09-30,5499,P1,API Recherche Entreprises / INSEE Sirene,2026-05-09
75356534000027,753565340,NICOLAS PELLERIN (NP AGENCEMENT),PELLERIN (PELLERIN),43.32A,43.32A,467 ROUTE DE L'AVOCAT 01430 VIEU-D'IZENAVE,01430,VIEU-D'IZENAVE,01,,,,NN,2012-08-28,1000,P1,API Recherche Entreprises / INSEE Sirene,2026-05-09
75361988100018,753619881,JORDANE ANTOINET,ANTOINET,43.32A,43.32A,LA CROIX CHARPENAZ 01660 CHAVEYRIAT,01660,CHAVEYRIAT,01,,,,NN,2012-08-20,1000,P1,API Recherche Entreprises / INSEE Sirene,2026-05-09
77320002700011,773200027,ETABLISSEMENTS MERMILLON FILS,MERMILLON,43.32A,43.32A,307 ROUTE DE L'ABBAYE 01410 CHEZERY-FORENS,01410,CHEZERY-FORENS,01,,,,02,1973-01-01,5710,P1,API Recherche Entreprises / INSEE Sirene,2026-05-09
39497680700062,394976807,JEAN GOMEZ (SMGP),GOMEZ (GOMEZ),43.32A,43.32A,374 RUE DE LA CHAMBIERE 01000 BOURG-EN-BRESSE,01000,BOURG-EN-BRESSE,01,,,,NN,1994-05-02,1000,P1,API Recherche Entreprises / INSEE Sirene,2026-05-09
41197440500044,411974405,GUILLAUME CAMPAGNE,CAMPAGNE,43.32A,43.32A,PLACE ECUYER DESPINE 01350 POLLIEU,01350,POLLIEU,01,,,,NN,1997-05-02,1000,P1,API Recherche Entreprises / INSEE Sirene,2026-05-09
41246675700017,412466757,MENUISERIE CHARPENTE DU BUGEY,BRUNET (BRUNET),43.32A,43.32A,ZONE D'ACTIVITE LE CAMP 01300 PEYRIEU,01300,PEYRIEU,01,,,,NN,1997-06-01,5499,P1,API Recherche Entreprises / INSEE Sirene,2026-05-09
40216639100027,402166391,MANUFACTURE D'EBENISTERIE GARLANT (MANUFACTURE  D'EBENISTERIE GARLANT),BAILLY,43.32A,43.32A,259 RUE DES CHARTINIERES 01120 DAGNEUX,01120,DAGNEUX,01,,,,03,1995-07-01,5499,P1,API Recherche Entreprises / INSEE Sirene,2026-05-09
10420787300019,104207873,ZOLTAN SZEKELY (GANESHA WOOD),SZEKELY,43.32A,43.32A,178 GRANDE RUE 01110 PLATEAU D'HAUTEVILLE,01110,PLATEAU D'HAUTEVILLE,01,,,,NN,2026-03-21,1000,P1,API Recherche Entreprises / INSEE Sirene,2026-05-09
37811279100025,378112791,PHILIPPE DUVERT (C POSE),DUVERT (DUVERT),43.32A,43.32A,7 RUE DES PRADASSES 34360 SAINT-CHINIAN,34360,SAINT-CHINIAN,34,,,,NN,1990-06-01,1000,P1,API Recherche Entreprises / INSEE Sirene,2026-05-09
41841648300034,418416483,DIMITRI MORGAN (DMPI),MORGAN,43.32A,43.32A,254 RUE LEO LAGRANGE 59460 JEUMONT,59460,JEUMONT,59,,,,NN,1998-04-04,1000,P1,API Recherche Entreprises / INSEE Sirene,2026-05-09
42040340400015,420403404,AKENA,BONTEMPS (BONTEMPS),43.32B,25.11Z,ZAC DE L'ERAUDIERE 85170 DOMPIERRE-SUR-YON,85170,DOMPIERRE-SUR-YON,85,,,,32,1998-08-26,5710,P1,API Recherche Entreprises / INSEE Sirene,2026-05-09
38939094900201,389390949,CLESTRA - ENSEIGNES   HAUSERMAN MECANOBLOC,AMOYAL,43.32B,25.12Z,USINE 1 RUE DU DOCTEUR ALBERT SCHWEITZER 67400 ILLKIRCH-GRAFFENSTADEN,67400,ILLKIRCH-GRAFFENSTADEN,67,,,,NN,1992-09-22,5710,P1,API Recherche Entreprises / INSEE Sirene,2026-05-09
51177549600017,511775496,YONI BENSOUSSAN,BENSOUSSAN,43.32B,43.32B,18 RUE PAUL CAZENEUVE 69008 LYON,69008,LYON,69,,,,NN,2009-04-01,1000,P1,API Recherche Entreprises / INSEE Sirene,2026-05-09
49976846300022,499768463,QUALIVERRE (MIROITERIE D'ALESSANDRI - DESIGN METAL),PAILLEUX (MARICHY),43.32B,43.34Z,59 AVENUE DU 8 MAI 1945 69120 VAULX-EN-VELIN,69120,VAULX-EN-VELIN,69,,,,11,2007-10-01,5710,P1,API Recherche Entreprises / INSEE Sirene,2026-05-09
37882969100021,378829691,MULTI BLINDAGES SERVICES (MBS),PHILIPPE HAOND AUDIT CONSEILS - P.H.A.C,43.32B,43.32B,130 AVENUE PAUL SANTY 69008 LYON,69008,LYON,69,,,,NN,1990-07-02,5710,P1,API Recherche Entreprises / INSEE Sirene,2026-05-09
34206649500058,342066495,FREDERIC MARIA,MARIA,43.32B,68.20B,LE MOUSTEIRET 01260 VALROMEY-SUR-SERAN,01260,VALROMEY-SUR-SERAN,01,,,,NN,1983-04-01,1000,P1,API Recherche Entreprises / INSEE Sirene,2026-05-09
35378650200032,353786502,DIFFUSION MENUISERIES FERMETURES (DMF),LANGER (LANGER),43.32B,43.32B,ZONE INDUSTRIELLE 6 AVENUE DOCTEUR SCHWEITZER 69330 MEYZIEU,69330,MEYZIEU,69,,,,11,1989-12-06,5499,P1,API Recherche Entreprises / INSEE Sirene,2026-05-09
89161736700059,891617367,SOLEMBRA SUD ATLANTIQUE,FAS-T,43.32B,70.10Z,115 AVENUE AMEDEE MERCIER 01000 BOURG-EN-BRESSE,01000,BOURG-EN-BRESSE,01,,,,02,2020-12-01,5710,P1,API Recherche Entreprises / INSEE Sirene,2026-05-09
51015343000044,510153430,OPTI-ENERGIE (STBN ALUMINIUM),LAURENT (LAURENT),43.32B,43.32B,LE SEPEY 01120 MONTLUEL,01120,MONTLUEL,01,,,,NN,2009-02-02,5499,P1,API Recherche Entreprises / INSEE Sirene,2026-05-09
83418755100058,834187551,SOLEMBRA COTE D'AZUR,FAS-T,43.32B,70.10Z,115 AVENUE AMEDEE MERCIER 01000 BOURG-EN-BRESSE,01000,BOURG-EN-BRESSE,01,,,,02,2017-12-18,5710,P1,API Recherche Entreprises / INSEE Sirene,2026-05-09
44147814600059,441478146,VAR'INSTALL,ROUX (ROUX),43.32B,43.32A,BATIMENT LE CEDRE RUE ALEXANDRE REVERCHON 01170 GEX,01170,GEX,01,,,,NN,2002-04-01,5499,P1,API Recherche Entreprises / INSEE Sirene,2026-05-09
41422701700053,414227017,METALLERIE JONDOT,JONDOT (JONDOT),43.32B,43.32B,411 RUE DES MURIERS 01500 CHATEAU-GAILLARD,01500,CHATEAU-GAILLARD,01,,,,NN,1997-10-07,5499,P1,API Recherche Entreprises / INSEE Sirene,2026-05-09
43935370700011,439353707,VAL DE SAONE AUTOMATISME,BUATHIER (BUATHIER),43.32B,43.32B,184 ALLEE DE LA POIPE 01290 CORMORANCHE-SUR-SAONE,01290,CORMORANCHE-SUR-SAONE,01,,,,01,2001-10-05,5499,P1,API Recherche Entreprises / INSEE Sirene,2026-05-09
88934591400028,889345914,MARTIALU (MARTIALU),GROSJEAN (GROSJEAN),43.32B,43.32B,ZONE ARTISANALE LE PARDY 01480 FRANS,01480,FRANS,01,,,,01,2020-10-01,5710,P1,API Recherche Entreprises / INSEE Sirene,2026-05-09
98963620400012,989636204,METALSAN,LAVILLE,43.32B,43.32B,ZA  LA BARE 01480 CHALEINS,01480,CHALEINS,01,,,,NN,2025-07-23,5710,P1,API Recherche Entreprises / INSEE Sirene,2026-05-09
32876376800038,328763768,PHILIPPE GOUDIN,GOUDIN (GOUDIN),43.32B,43.32B,CLOS DU MOULIN BLANC 01090 GENOUILLEUX,01090,GENOUILLEUX,01,,,,NN,1984-01-05,1000,P1,API Recherche Entreprises / INSEE Sirene,2026-05-09
32892155600044,328921556,DECOTECH,AUDIT COMPTABILITE RHONE ALPES - ACORA,43.32B,43.32B,2246 AVENUE DE L'EUROPE 69140 RILLIEUX-LA-PAPE,69140,RILLIEUX-LA-PAPE,69,,,,12,1983-12-15,5710,P1,API Recherche Entreprises / INSEE Sirene,2026-05-09
82241986700046,822419867,2C PROTECTION (BATISECUR),CAULIEZ (CAULIEZ),43.32B,70.10Z,11 RUE ADRIEN DUCROT 69250 NEUVILLE-SUR-SAONE,69250,NEUVILLE-SUR-SAONE,69,,,,02,2016-09-12,5710,P1,API Recherche Entreprises / INSEE Sirene,2026-05-09
48349553700019,483495537,ASFP (A.S.F.P),PERIER (PERIER),43.32B,43.32B,63 ROUTE DE LYON 01990 SAINT-TRIVIER-SUR-MOIGNANS,01990,SAINT-TRIVIER-SUR-MOIGNANS,01,,,,NN,2005-07-01,5499,P1,API Recherche Entreprises / INSEE Sirene,2026-05-09
41809631900011,418096319,MENUISERIE BATIMENT ALUMINIUM (M B A) (MBA),BOURALY (BERTHOLON),43.32B,43.32B,40 IMPASSE DES NOISETIERS 01140 SAINT-ETIENNE-SUR-CHALARONNE,01140,SAINT-ETIENNE-SUR-CHALARONNE,01,,,,03,1998-03-07,5710,P1,API Recherche Entreprises / INSEE Sirene,2026-05-09
40954696700061,409546967,MORAND,GALLO & ASSOCIES AUDIT,43.32B,46.73A,21 ROUTE D'ALEX 01100 BELLIGNAT,01100,BELLIGNAT,01,,,,12,1996-07-01,5710,P1,API Recherche Entreprises / INSEE Sirene,2026-05-09
39768406900065,397684069,SALAH EL KHOUTABI,EL KHOUTABI (EL KHOUTABI),43.32B,01.49Z,LIEUDIT LES PARAILLES PREAU 01450 CERDON,01450,CERDON,01,,,,NN,1994-07-01,1000,P1,API Recherche Entreprises / INSEE Sirene,2026-05-09
42490177500017,424901775,MONTAGE THIRY MAINTENANCE (MTM),DOMAISON,43.32B,43.32B,239 RUE DES ARTISANS CORGENON 01310 BUELLAS,01310,BUELLAS,01,,,,12,1999-08-01,5710,P1,API Recherche Entreprises / INSEE Sirene,2026-05-09
44147843500023,441478435,LECANU CONSTRUCTION ET MONTAGE INDUSTRIEL (L.C.M.I.),LECANU (LECANU),43.32B,70.10Z,740 ROUTE DES BROUILLY 69220 SAINT-LAGER,69220,SAINT-LAGER,69,,,,01,2002-03-01,5710,P1,API Recherche Entreprises / INSEE Sirene,2026-05-09
88899106400021,888991064,LYES MAZOUZ (OPEN ME SERRURERIE),MAZOUZ (MAZOUZ),43.32B,43.32B,3 ALLEE DES LILAS 01800 RIGNIEUX-LE-FRANC,01800,RIGNIEUX-LE-FRANC,01,,,,NN,2020-09-16,1000,P1,API Recherche Entreprises / INSEE Sirene,2026-05-09
90921551900010,909215519,AD METAL RHONE ALPES,DIOP (DIOP),43.32B,43.32B,20 RUE LOUIS DE CHALON 38230 CHARVIEU-CHAVAGNEUX,38230,CHARVIEU-CHAVAGNEUX,38,,,,NN,2022-01-12,5710,P1,API Recherche Entreprises / INSEE Sirene,2026-05-09
91235102000017,912351020,AIN PRO FERMETURE (APFERMETURE - APF),ALLINI-JAMOT (ALLINI),43.32B,43.32B,24 B RUE DU CHAMP FLEURI 01800 RIGNIEUX-LE-FRANC,01800,RIGNIEUX-LE-FRANC,01,,,,NN,2022-04-08,5499,P1,API Recherche Entreprises / INSEE Sirene,2026-05-09
53312736100012,533127361,RUIZ Y CASTELLO FABIEN,RUIZ Y CASTELLO (RUIZ Y CASTELLO),43.32B,43.32B,ZI CHALLES PARC ACTIVAL 01140 SAINT-DIDIER-SUR-CHALARONNE,01140,SAINT-DIDIER-SUR-CHALARONNE,01,,,,NN,2011-06-10,5499,P1,API Recherche Entreprises / INSEE Sirene,2026-05-09
52964481700015,529644817,DAMIEN FONTAINE,FONTAINE,43.32B,43.32B,37 ALLEE DES COURS 01380 SAINT-CYR-SUR-MENTHON,01380,SAINT-CYR-SUR-MENTHON,01,,,,NN,2011-01-24,1000,P1,API Recherche Entreprises / INSEE Sirene,2026-05-09
52344873600026,523448736,CEDRIC VERKYNDT (CEDRIC SERRURERIE METALLERIE),VERKYNDT,43.32B,43.32B,MORNE CANADA 97112 GRAND-BOURG,97112,GRAND-BOURG,971,,,,NN,2010-04-01,1000,P1,API Recherche Entreprises / INSEE Sirene,2026-05-09
53441010500025,534410105,JEREMY HERIVEAU,HERIVEAU,43.32B,43.32B,248 RUE HECTOR BERLIOZ 01480 BEAUREGARD,01480,BEAUREGARD,01,,,,NN,2011-09-05,1000,P1,API Recherche Entreprises / INSEE Sirene,2026-05-09
53535129000031,535351290,BLONDEAU SERRURERIE,ANTUNES (ANTUNES),43.32B,43.32B,BATIMENT JEAN-BAPTISTE SAY 13 B CHEMIN DU LEVANT 01210 FERNEY-VOLTAIRE,01210,FERNEY-VOLTAIRE,01,,,,01,2011-10-01,5710,P1,API Recherche Entreprises / INSEE Sirene,2026-05-09
53741956600014,537419566,METALLERIE BEYRAND FRERES (L'ATELIER),BEYRAND,43.32B,43.32B,381 RUE DU MONT BLANC 01630 SAINT-GENIS-POUILLY,01630,SAINT-GENIS-POUILLY,01,,,,01,2011-10-20,5499,P1,API Recherche Entreprises / INSEE Sirene,2026-05-09
77020131700029,770201317,ENTREPRISE GRAMMATICO SARL,GRAMMATICO,43.32B,43.32B,RUE DES CHARTINIERES ZI 01120 DAGNEUX,01120,DAGNEUX,01,,,,NN,1968-01-01,5499,P1,API Recherche Entreprises / INSEE Sirene,2026-05-09
77220112500022,772201125,CARRAZ METALLERIE,CARRAZ (AVIGNANT),43.32B,43.32B,AUX ECHARMASSES 01200 VALSERHONE,01200,VALSERHONE,01,,,,12,1972-01-01,5710,P1,API Recherche Entreprises / INSEE Sirene,2026-05-09
41920974700023,419209747,CHEVALLIER SARL,CHEVALIER (CHEVALIER),43.32B,43.32B,ZA DES PRESLES 230 RUE DE PRESLE 01310 POLLIAT,01310,POLLIAT,01,,,,01,1998-05-01,5499,P1,API Recherche Entreprises / INSEE Sirene,2026-05-09
39459427900041,394594279,PATRICK VIGNERON,VIGNERON (VIGNERON),43.32B,43.32B,13 CHEMIN DE GERRIER 01800 SAINT-MAURICE-DE-GOURDANS,01800,SAINT-MAURICE-DE-GOURDANS,01,,,,NN,1994-04-01,1000,P1,API Recherche Entreprises / INSEE Sirene,2026-05-09
39806215800058,398062158,MARC HERLANT (SMH - SERRURERIE METALLERIE HERLANT),HERLANT (HERLANT),43.32B,43.32B,LE VILLAGE 01330 BOULIGNEUX,01330,BOULIGNEUX,01,,,,NN,1994-08-08,1000,P1,API Recherche Entreprises / INSEE Sirene,2026-05-09
39837983400011,398379834,AIN ELEVAGE,BQGM,43.32B,43.32B,275 ROUTE DU COTTELARD 01560 LESCHEROUX,01560,LESCHEROUX,01,,,,03,1994-09-21,5710,P1,API Recherche Entreprises / INSEE Sirene,2026-05-09
39948587900072,399485879,DAVID BOISSET,BOISSET (BOISSET),43.32B,43.32B,49 CHEMIN DU RHONE 01300 VIRIGNIN,01300,VIRIGNIN,01,,,,NN,1994-11-01,1000,P1,API Recherche Entreprises / INSEE Sirene,2026-05-09
41758220200038,417582202,PIERRE-LAURENT BERNARD (L'ART DE FER),BERNARD (BERNARD),43.32B,43.32B,2058 ROUTE DE BIESSE 01480 FRANS,01480,FRANS,01,,,,00,1997-12-30,1000,P1,API Recherche Entreprises / INSEE Sirene,2026-05-09
83845008800029,838450088,MY STEEL METALLERIE (MSM),BRUNET,43.32B,43.32B,448 RUE LOUIS BLERIOT 01200 VALSERHONE,01200,VALSERHONE,01,,,,01,2018-04-02,5499,P1,API Recherche Entreprises / INSEE Sirene,2026-05-09
83911561500016,839115615,DOORTAL SERVICE,VALIG,43.32B,43.32B,ZI LES ECHETS 181 ROUTE DE STRASBOURG 01700 MIRIBEL,01700,MIRIBEL,01,,,,03,2018-04-12,5710,P1,API Recherche Entreprises / INSEE Sirene,2026-05-09
84008829800020,840088298,ABSD,DUTHEL (DUTHEL),43.32B,43.32B,CITE DE L'ENTREPRISE BATIMENT MB 200 BOULEVARD DE LA RESISTANCE 71000 MACON,71000,MACON,71,,,,NN,2018-06-01,5499,P1,API Recherche Entreprises / INSEE Sirene,2026-05-09
84051422800013,840514228,FOUDILE LARBI (AG METALLERIE SERRURERIE),LARBI (LARBI),43.32B,43.32B,LIEU DIT HEYRIAT 183 ROUTE DE LA POCHETTE 01580 SONTHONNAX-LA-MONTAGNE,01580,SONTHONNAX-LA-MONTAGNE,01,,,,NN,2018-08-01,1000,P1,API Recherche Entreprises / INSEE Sirene,2026-05-09
44799196900034,447991969,STEELGLASS,ARLOT,43.32B,43.32B,ZAC DU CHAMP PERIER 26 ZA PORTE DU GRAND LYON 01700 NEYRON,01700,NEYRON,01,,,,11,2003-03-28,5499,P1,API Recherche Entreprises / INSEE Sirene,2026-05-09
44851190700017,448511907,RHONE ALPES SECURITE,BERRUYER (BERRUYER),43.32B,43.32B,6 LOTISSEMENT LA COTE PERRIERE 01360 BALAN,01360,BALAN,01,,,,NN,2003-04-11,5499,P1,API Recherche Entreprises / INSEE Sirene,2026-05-09
43243121100015,432431211,EURL  REYDELLET S METALLERIE,REYDELLET (REYDELLET),43.32B,43.32B,VEYZIAT 395 RUE ALPHONSE DAUDET 01100 OYONNAX,01100,OYONNAX,01,,,,NN,2000-07-01,5499,P1,API Recherche Entreprises / INSEE Sirene,2026-05-09
42145109700016,421451097,ENTREPRISE GOUDIN SARL,,43.32B,43.32B,RUE DU PLATEAU DE CHALLES 01140 SAINT-DIDIER-SUR-CHALARONNE,01140,SAINT-DIDIER-SUR-CHALARONNE,01,,,,NN,1999-01-01,5499,P1,API Recherche Entreprises / INSEE Sirene,2026-05-09
42173415300073,421734153,FRANCK BELOT,BELOT,43.32B,43.32B,20 RUE DU CHAMP CHOLET 71260 CLESSE,71260,CLESSE,71,,,,NN,1999-02-15,1000,P1,API Recherche Entreprises / INSEE Sirene,2026-05-09
43411368400014,434113684,SERRURERIE METALLERIE GAGNEUX,GAGNEUX (GAGNEUX),43.32B,43.32B,LE BOURG 01390 CIVRIEUX,01390,CIVRIEUX,01,,,,01,2001-01-02,5499,P1,API Recherche Entreprises / INSEE Sirene,2026-05-09
43533477600059,435334776,MOHAMED MEHRI (RENOVINTER),MEHRI,43.32B,43.32B,"RESIDENCE HENRI DUNANT, LOGEMENT 204 43 RUE DE VERSOIX 01210 FERNEY-VOLTAIRE",01210,FERNEY-VOLTAIRE,01,,,,NN,2001-04-17,1000,P1,API Recherche Entreprises / INSEE Sirene,2026-05-09
45294096800012,452940968,THEVENARD ET FILS,THEVENARD (THEVENARD),43.32B,43.32B,42 CHEMIN DES BAISSES 01440 VIRIAT,01440,VIRIAT,01,,,,NN,2004-04-01,5499,P1,API Recherche Entreprises / INSEE Sirene,2026-05-09
45362036100015,453620361,DANIEL OLIVETTI,OLIVETTI (OLIVETTI),43.32B,43.32B,SERRIERES 01230 SAINT-RAMBERT-EN-BUGEY,01230,SAINT-RAMBERT-EN-BUGEY,01,,,,NN,2004-05-19,1000,P1,API Recherche Entreprises / INSEE Sirene,2026-05-09
44905288500067,449052885,JEAN RAVASSEAU,RAVASSEAU,43.32B,43.32B,140 CHEMIN DE COROBERT 01660 MEZERIAT,01660,MEZERIAT,01,,,,NN,2003-06-25,1000,P1,API Recherche Entreprises / INSEE Sirene,2026-05-09
43169733300034,431697333,CARLOS RATAO (RC MENUISERIE),RATAO,43.32B,43.32B,32 BOULEVARD DES ROSES 69800 SAINT-PRIEST,69800,SAINT-PRIEST,69,,,,NN,2000-06-02,1000,P1,API Recherche Entreprises / INSEE Sirene,2026-05-09
10139454200019,101394542,SG SERRURERIE,GILETTO,43.32B,43.32B,LES RIVAUX 601 ROUTE DE L'ANCIENNE GARE 01090 GENOUILLEUX,01090,GENOUILLEUX,01,,,,NN,2026-02-18,5710,P1,API Recherche Entreprises / INSEE Sirene,2026-05-09
30818560200015,308185602,PUGET BERNARD ET PUGET PIERRE,,43.32B,43.32B,01560 SAINT-NIZIER-LE-BOUCHOUX,01560,SAINT-NIZIER-LE-BOUCHOUX,01,,,,NN,1964-01-01,2210,P1,API Recherche Entreprises / INSEE Sirene,2026-05-09
31393550400040,313935504,ANDRE CLEMENT,CLEMENT (CLEMENT),43.32B,43.32B,PARC ACTIVALE 116 RUE DE L’INDUSTRIE 01140 SAINT-DIDIER-SUR-CHALARONNE,01140,SAINT-DIDIER-SUR-CHALARONNE,01,,,,NN,1978-01-01,1000,P1,API Recherche Entreprises / INSEE Sirene,2026-05-09
32610323100022,326103231,DIDIER PERRET,PERRET (PERRET),43.32B,43.32B,5 SOUS LA COTE 01430 CEIGNES,01430,CEIGNES,01,,,,NN,1900-01-01,1000,P1,API Recherche Entreprises / INSEE Sirene,2026-05-09
51468936300018,514689363,SYLVAIN BERTHOLON,BERTHOLON,43.32B,43.32B,LE VILLAGE 01450 CHALLES-LA-MONTAGNE,01450,CHALLES-LA-MONTAGNE,01,,,,NN,2009-08-21,1000,P1,API Recherche Entreprises / INSEE Sirene,2026-05-09
53127226800016,531272268,AIN BATI NATURE,RUDE (RUDE),43.32B,43.32B,SALLES 245 CHEMIN DU PAVILLON 01160 SAINT-MARTIN-DU-MONT,01160,SAINT-MARTIN-DU-MONT,01,,,,NN,2011-04-01,5499,P1,API Recherche Entreprises / INSEE Sirene,2026-05-09
50237436600032,502374366,EMMANUEL BRIDOUX (EB LOISIRS / SERRURERIE BRIDOUX),BRIDOUX (BRIDOUX),43.32B,43.32B,24 RUE DE L'ORME 35120 SAINT-BROLADRE,35120,SAINT-BROLADRE,35,,,,NN,2007-12-14,1000,P1,API Recherche Entreprises / INSEE Sirene,2026-05-09
78847235500015,788472355,GUILLAUME CHEVELU (CHEVELU GUILLAUME),CHEVELU (CHEVELU),43.32B,43.32B,264 RUE DE FARAMANS 01800 BOURG-SAINT-CHRISTOPHE,01800,BOURG-SAINT-CHRISTOPHE,01,,,,NN,2012-10-01,1000,P1,API Recherche Entreprises / INSEE Sirene,2026-05-09
78909886000032,789098860,UNIACCESS,GREGOIRE (GREGOIRE),43.32B,43.32B,215 RUE GEORGES CHARPAK 01390 CIVRIEUX,01390,CIVRIEUX,01,,,,03,2012-10-19,5499,P1,API Recherche Entreprises / INSEE Sirene,2026-05-09
79864233600019,798642336,CARLIER FREDERIC,CARLIER,43.32B,43.32B,121 CHEMIN DU BOIS D'AMONT 01960 SAINT-ANDRE-SUR-VIEUX-JONC,01960,SAINT-ANDRE-SUR-VIEUX-JONC,01,,,,01,2013-07-01,5499,P1,API Recherche Entreprises / INSEE Sirene,2026-05-09
79985171200015,799851712,THOMAS DUPRE,DUPRE (DUPRE),43.32B,43.32B,LA LECHERE 01330 BIRIEUX,01330,BIRIEUX,01,,,,NN,2014-01-10,1000,P1,API Recherche Entreprises / INSEE Sirene,2026-05-09
49196842600024,491968426,NICOLAS MOLLEX (SERRURERIE MOLLEX),MOLLEX (MOLLEX),43.32B,43.32B,198 ROUTE DE LYON 01300 BELLEY,01300,BELLEY,01,,,,01,2006-09-01,1000,P1,API Recherche Entreprises / INSEE Sirene,2026-05-09
39090154400044,390901544,PMC,MASSA (MASSA),43.32B,43.32B,ZA DE FAREINS 01480 FAREINS,01480,FAREINS,01,,,,02,1993-04-01,5499,P1,API Recherche Entreprises / INSEE Sirene,2026-05-09
49001409900033,490014099,ABDELILLAH RIABI,RIABI (RIABI),43.32B,43.32B,2 ALLEE HENRI LE NAVIGATEUR 38090 VILLEFONTAINE,38090,VILLEFONTAINE,38,,,,01,2006-05-10,1000,P1,API Recherche Entreprises / INSEE Sirene,2026-05-09
49174755600026,491747556,CHMC,MARQUIANT (MARQUIANT),43.32B,43.32B,150 RUE DE LA OUTARDE ZA EN BEAUVOIR 01500 CHATEAU-GAILLARD,01500,CHATEAU-GAILLARD,01,,,,01,2006-09-06,5499,P1,API Recherche Entreprises / INSEE Sirene,2026-05-09
41066427000031,410664270,RM TECH,GARRIDO,43.32B,43.32B,6 AVENUE DOCTEUR SCHWEITZER 69330 MEYZIEU,69330,MEYZIEU,69,,,,NN,1997-01-07,5499,P1,API Recherche Entreprises / INSEE Sirene,2026-05-09
75232484800015,752324848,ENERGY PLUS (ENERGY PLUS) (ENERGY PLUS),DELAPIERRE (DELAPIERRE),43.32B,43.32B,TECHNOPARC - BAT. A 55 AV AUGUSTE PICARD 01630 SAINT-GENIS-POUILLY,01630,SAINT-GENIS-POUILLY,01,,,,NN,2012-04-23,5499,P1,API Recherche Entreprises / INSEE Sirene,2026-05-09
80043947300011,800439473,RENN SPORT EXPERIENCE,HANSELMANN (HANSELMANN),43.32B,43.32B,BONVENT 01240 LA CHAPELLE DU CHATELARD,01240,LA CHAPELLE DU CHATELARD,01,,,,01,2014-02-04,5710,P1,API Recherche Entreprises / INSEE Sirene,2026-05-09
80790845400026,807908454,PROGO-RENOALU (PROGO-LEVAGE),GORRINDO (GORRINDO),43.32B,43.32B,LIEUDIT AUX MANETTES Z.A. ACTIPARC NORD 01990 CHANEINS,01990,CHANEINS,01,,,,01,2014-11-05,5499,P1,API Recherche Entreprises / INSEE Sirene,2026-05-09
80795763400015,807957634,PATRICK SIBELLE,SIBELLE (SIBELLE),43.32B,43.32B,766 ROUTE DU VILLAGE 01250 MONTAGNAT,01250,MONTAGNAT,01,,,,NN,2014-11-21,5710,P1,API Recherche Entreprises / INSEE Sirene,2026-05-09
80820859900023,808208599,EURL C.G METALLERIE (C.G METALLERIE FERRONNERIE D'ART),COLMARD,43.32B,43.32B,ZA PRE BUIRON 55 CHEMIN DES PRALES 01570 MANZIAT,01570,MANZIAT,01,,,,02,2014-12-04,5499,P1,API Recherche Entreprises / INSEE Sirene,2026-05-09
80833713300017,808337133,SAS PLANCHE,PLANCHE (PLANCHE),43.32B,43.32B,498 RUE DU MIDI 01700 BEYNOST,01700,BEYNOST,01,,,,NN,2014-12-01,5710,P1,API Recherche Entreprises / INSEE Sirene,2026-05-09
80918286800012,809182868,AIN BRESSE MENUISERIES FERMETURES (AIN BRESSE MENUISERIES FERMETURES) (A.B.M.F.),PIN (PIN),43.32B,43.32B,120 IMPASSE CLAUDE BERTHOLLET 01960 PERONNAS,01960,PERONNAS,01,,,,NN,2015-01-15,5710,P1,API Recherche Entreprises / INSEE Sirene,2026-05-09
80996515500017,809965155,PERRIN METALLERIE SERRURERIE (PMS),PERRIN,43.32B,43.32B,LA LUENAZ 01120 NIEVROZ,01120,NIEVROZ,01,,,,01,2015-02-10,5710,P1,API Recherche Entreprises / INSEE Sirene,2026-05-09
38343359600038,383433596,FRANCK BERGER (S.F.B. ATELIER METAL DESIGN),BERGER (BERGER),43.32B,43.32B,110 RUE DU STADE 01360 BALAN,01360,BALAN,01,,,,NN,1991-11-04,1000,P1,API Recherche Entreprises / INSEE Sirene,2026-05-09
38977331800016,389773318,CHRISTIAN JACQUET SCM,JACQUET (JACQUET),43.32B,43.32B,LES PUTHODS AUX PUTHODS 01340 BRESSE VALLONS,01340,BRESSE VALLONS,01,,,,01,1993-01-02,5499,P1,API Recherche Entreprises / INSEE Sirene,2026-05-09
39072267600017,390722676,REYDELLET METALLERIE,REYDELLET,43.32B,43.32B,VEYZIAT 395 RUE ALPHONSE DAUDET 01100 OYONNAX,01100,OYONNAX,01,,,,NN,1993-04-01,5499,P1,API Recherche Entreprises / INSEE Sirene,2026-05-09
39080338500025,390803385,BARBIER FRERES,BARBIER,43.32B,43.32B,ZONE INDUSTRIELLE 9 IMPASSE DE LA LEPPE 01800 MEXIMIEUX,01800,MEXIMIEUX,01,,,,11,1993-02-01,5710,P1,API Recherche Entreprises / INSEE Sirene,2026-05-09
30518835100061,305188351,CESARANI,CESARANI (CESARANI),43.32B,43.32B,4 T PLACE ALBERT THEVENON 38110 LA TOUR-DU-PIN,38110,LA TOUR-DU-PIN,38,,,,NN,1976-01-01,5499,P1,API Recherche Entreprises / INSEE Sirene,2026-05-09
34959965400044,349599654,CONCEPT METAL,BOUVIER,43.32B,43.32B,ZA LA BASSETTE 613 RUE DES ARTISANS 01800 MEXIMIEUX,01800,MEXIMIEUX,01,,,,11,1989-02-13,5710,P1,API Recherche Entreprises / INSEE Sirene,2026-05-09
33004278900033,330042789,METALLERIE JEROME ROUSSET,ROUSSET (ROUSSET),43.32B,43.32B,ZAC D EPINAY 360 RUE DE LA FARNIERE 69400 GLEIZE,69400,GLEIZE,69,,,,NN,1984-04-04,5499,P1,API Recherche Entreprises / INSEE Sirene,2026-05-09
43994430700024,439944307,"AUTOMATISMES PORTES ET PORTAILS RHONE AL (AUTOMATISMES, PORTES ET PORTAILS RHONE-ALPES) (A2P RHONE ALPES)",SALA (SALA),43.32B,43.32B,129 CHEMIN DU BAS DE BIESSE 42540 SAINT-JUST-LA-PENDUE,42540,SAINT-JUST-LA-PENDUE,42,,,,NN,2001-10-29,5499,P1,API Recherche Entreprises / INSEE Sirene,2026-05-09
44039509300014,440395093,BUSIC,BUSIC (BUSIC),43.32B,43.32B,LOT 3 ZONE ARTISANALE DU VORGEY 01800 CHARNOZ-SUR-AIN,01800,CHARNOZ-SUR-AIN,01,,,,02,2001-11-01,5710,P1,API Recherche Entreprises / INSEE Sirene,2026-05-09
44258394400024,442583944,CHRISTOPHE DJOURI (DC METALLERIE (ETS CUTELLE)),DJOURI (DJOURI),43.32B,43.32B,419 AV DE VERDUN 01200 VALSERHONE,01200,VALSERHONE,01,,,,01,2002-07-02,1000,P1,API Recherche Entreprises / INSEE Sirene,2026-05-09
44318561600028,443185616,FABRICE MORGILLO,MORGILLO (MORGILLO),43.32B,43.32B,174 RUE DU DEVANT 01800 BOURG-SAINT-CHRISTOPHE,01800,BOURG-SAINT-CHRISTOPHE,01,,,,NN,2002-09-02,1000,P1,API Recherche Entreprises / INSEE Sirene,2026-05-09
82790023400051,827900234,CSFP (CSFP),GASC (GASC),43.32B,43.32B,144 ROUTE DE LA PRAIRIE 01190 REYSSOUZE,01190,REYSSOUZE,01,,,,01,2017-02-10,5710,P1,API Recherche Entreprises / INSEE Sirene,2026-05-09
82528805300036,825288053,LOIC HAUER (HAUER LOIC),HAUER (HAUER),43.32B,43.32B,6 RUE DESCARTES 01100 OYONNAX,01100,OYONNAX,01,,,,NN,2017-02-01,1000,P1,API Recherche Entreprises / INSEE Sirene,2026-05-09
83151513500018,831515135,BENJAMIN ROPPA,ROPPA (ROPPA),43.32B,43.32B,960 CHEMIN DES FLECHES 01000 SAINT-DENIS-LES-BOURG,01000,SAINT-DENIS-LES-BOURG,01,,,,NN,2017-08-06,1000,P1,API Recherche Entreprises / INSEE Sirene,2026-05-09
83159692900024,831596929,ADRIEN FLORIDO,FLORIDO (FLORIDO),43.32B,43.32B,LIEU-DIT CORMOZ 3 RUE DE LA CROIX 01500 CHATEAU-GAILLARD,01500,CHATEAU-GAILLARD,01,,,,NN,2017-06-26,1000,P1,API Recherche Entreprises / INSEE Sirene,2026-05-09
81322159500024,813221595,2MC METAL,CHASSAGNE (CHASSAGNE),43.32B,43.32B,ZA LA BARE 483 RUE DU CHENE ZA LA BARE 01480 CHALEINS,01480,CHALEINS,01,,,,02,2015-08-03,5710,P1,API Recherche Entreprises / INSEE Sirene,2026-05-09
81346423700029,813464237,JEROME NICOLLET,NICOLLET (NICOLLET),43.32B,43.32B,917 ROUTE DE MACON 01540 VONNAS,01540,VONNAS,01,,,,01,2015-09-10,1000,P1,API Recherche Entreprises / INSEE Sirene,2026-05-09
81350103800018,813501038,DOMINIQUE MARGUIN,MARGUIN (MARGUIN),43.32B,43.32B,1125 ROUTE D'ALLONZIAT 01190 OZAN,01190,OZAN,01,,,,NN,2015-09-01,1000,P1,API Recherche Entreprises / INSEE Sirene,2026-05-09
48213529000039,482135290,ACSE FERMETURES,CSUNDERLIK (CSUNDERLIK),43.32B,43.32B,LES COMMUNAUS 132 ROUTE DU BOIS GIRARD 01390 RANCE,01390,RANCE,01,,,,NN,2005-05-01,5499,P1,API Recherche Entreprises / INSEE Sirene,2026-05-09
48246226400037,482462264,BMD (BMD),BAUDET (BAUDET),43.32B,43.32B,291 RUE DE L'INDUSTRIE 01390 SAINT-ANDRE-DE-CORCY,01390,SAINT-ANDRE-DE-CORCY,01,,,,01,2005-06-01,5710,P1,API Recherche Entreprises / INSEE Sirene,2026-05-09
38508721800074,385087218,AIN CARRELAGES (AIN CARRELAGES),INKIPIO AUDIT,43.33Z,43.33Z,405 CHEMIN DES VIGNES 01360 BRESSOLLES,01360,BRESSOLLES,01,,,,21,1992-04-03,5499,P1,API Recherche Entreprises / INSEE Sirene,2026-05-09
43772398400013,437723984,DIDIER GARIN,GARIN (GARIN),43.33Z,43.33Z,22 B RUE DU PLATRE 01510 ARTEMARE,01510,ARTEMARE,01,,,,NN,2001-06-01,1000,P1,API Recherche Entreprises / INSEE Sirene,2026-05-09
48765518500014,487655185,CARRELAGES DU HAUT BUGEY,MAZUY,43.33Z,43.33Z,ZONE ARTISANALE EN CHAMPAGNE Z.A. EN CHAMPAGNE 01580 IZERNORE,01580,IZERNORE,01,,,,11,2005-12-15,5710,P1,API Recherche Entreprises / INSEE Sirene,2026-05-09
82093547600037,820935476,SOLSYSTEM SN,BONGLET (BONGLET),43.33Z,43.33Z,1425 RUE BLAISE PASCAL 39000 LONS-LE-SAUNIER,39000,LONS-LE-SAUNIER,39,,,,NN,2016-06-06,5710,P1,API Recherche Entreprises / INSEE Sirene,2026-05-09
45183261200019,451832612,MARCO NUNES GODINHO (COORDI CONCEPT BATI),NUNES (NUNES GODINHO),43.33Z,43.33Z,144 ROUTE DE VEISSIEUX LE BAS 01600 REYRIEUX,01600,REYRIEUX,01,,,,NN,2004-02-02,1000,P1,API Recherche Entreprises / INSEE Sirene,2026-05-09
43412410300020,434124103,DANIEL SIGAUD,SIGAUD,43.33Z,43.33Z,668 AV NAPOLEON BULLUKIAN 69830 SAINT-GEORGES-DE-RENEINS,69830,SAINT-GEORGES-DE-RENEINS,69,,,,02,2001-01-25,1000,P1,API Recherche Entreprises / INSEE Sirene,2026-05-09
40762969000048,407629690,VINCENT BERNARD,BERNARD,43.33Z,43.33Z,917 CHEMIN DES GARRIGUES 84210 PERNES-LES-FONTAINES,84210,PERNES-LES-FONTAINES,84,,,,NN,1996-04-01,1000,P1,API Recherche Entreprises / INSEE Sirene,2026-05-09
81111707600026,811117076,HESTIA FINITIONS (HESTIA FINITIONS),HOLDING ANDRE CORENTIN,43.33Z,43.33Z,16 CHEMIN DES MURIERS 69740 GENAS,69740,GENAS,69,,,,11,2015-04-23,5710,P1,API Recherche Entreprises / INSEE Sirene,2026-05-09
44266035300024,442660353,PIERRE MARBRE DECORATION - P.M.D.,DUSSILLOLS,43.33Z,43.33Z,69 RUE DES COLOMBAGES 01370 MEILLONNAS,01370,MEILLONNAS,01,,,,02,2002-06-01,5710,P1,API Recherche Entreprises / INSEE Sirene,2026-05-09
83045253800028,830452538,NP CARRELAGE (NP CARRELAGE),PARDON (PARDON),43.33Z,43.33Z,63 IMPASSE DE LA ROCHERE 01300 PARVES ET NATTAGES,01300,PARVES ET NATTAGES,01,,,,01,2017-06-20,5710,P1,API Recherche Entreprises / INSEE Sirene,2026-05-09
42413825300069,424138253,FEKI KRASNIQI,KRASNIQI (KRASNIQI),43.33Z,43.33Z,LOT 04 49 CHEMIN DES CURTILS 01340 MONTREVEL-EN-BRESSE,01340,MONTREVEL-EN-BRESSE,01,,,,02,1999-09-01,1000,P1,API Recherche Entreprises / INSEE Sirene,2026-05-09
85376638400038,853766384,SAS E.R.2.A. (BARRISOL E.R.2.A PLAFOND ET MUR),BOUILLOT,43.33Z,43.33Z,BAGE LA VILLE 119 IMPASSE DE LA GRIFFONNIERE 01380 BAGE-DOMMARTIN,01380,BAGE-DOMMARTIN,01,,,,01,2019-09-05,5710,P1,API Recherche Entreprises / INSEE Sirene,2026-05-09
40029262900039,400292629,ANDREW ARMSTRONG,ARMSTRONG (ARMSTRONG),43.33Z,55.20Z,LES BARELLES 01390 SAINT-JEAN-DE-THURIGNEUX,01390,SAINT-JEAN-DE-THURIGNEUX,01,,,,NN,1995-02-27,1000,P1,API Recherche Entreprises / INSEE Sirene,2026-05-09
84791435500015,847914355,NICUSOR GHIOCALESCU,GHIOCALESCU (GHIOCALESCU),43.33Z,43.33Z,460 CHEMIN DE CULACHON 01960 SAINT-ANDRE-SUR-VIEUX-JONC,01960,SAINT-ANDRE-SUR-VIEUX-JONC,01,,,,NN,2019-01-01,1000,P1,API Recherche Entreprises / INSEE Sirene,2026-05-09
38428859300039,384288593,EDUARDO DE SOUSA PEREIRA,DE SOUSA PEREIRA,43.33Z,43.33Z,370 CHEMIN DU GLACIS 01120 MONTLUEL,01120,MONTLUEL,01,,,,NN,1992-01-24,1000,P1,API Recherche Entreprises / INSEE Sirene,2026-05-09
32269697200056,322696972,SOCIETE BRETONNE DE RESINE ARMEE (SOBRA),CHATAIN (SEROL),43.33Z,43.33Z,73 RUE ROLAND GARROS 01540 VONNAS,01540,VONNAS,01,,,,11,1981-09-14,5710,P1,API Recherche Entreprises / INSEE Sirene,2026-05-09
80126564600019,801265646,JOAO PAULO MIRANDA OLIVEIRA (OLIVEIRA PAULO),MIRANDA OLIVEIRA (MIRANDA OLIVEIRA),43.33Z,43.33Z,252 ROUTE DE NIEVROZ 01120 THIL,01120,THIL,01,,,,NN,2014-04-01,1000,P1,API Recherche Entreprises / INSEE Sirene,2026-05-09
80837907700015,808379077,VIVIANE BRAILLARD (DEPLANCHE),BRAILLARD (DEPLANCHE),43.33Z,43.33Z,3387 CHEMIN DU MOULIN DES LOUPS 01000 BOURG-EN-BRESSE,01000,BOURG-EN-BRESSE,01,,,,01,2015-01-02,1000,P1,API Recherche Entreprises / INSEE Sirene,2026-05-09
48008509100027,480085091,LYNES REVETEMENTS,EL JAOUHARI (EL JAOUHARI),43.33Z,43.33Z,LE JEAN-BAPTISTE SAY 13 CHEMIN DU LEVANT 01210 FERNEY-VOLTAIRE,01210,FERNEY-VOLTAIRE,01,,,,NN,2004-12-01,5499,P1,API Recherche Entreprises / INSEE Sirene,2026-05-09
32704852600013,327048526,DANIEL CRISTINI,CRISTINI,43.33Z,43.33Z,207 ROUTE DE TALOUR 01100 MARTIGNAT,01100,MARTIGNAT,01,,,,NN,1983-05-15,1000,P1,API Recherche Entreprises / INSEE Sirene,2026-05-09
30082378800025,300823788,LE VERSEAU SARL,BEAUVIEUX,43.33Z,43.33Z,CHE DE CHATEAU BLANC 01800 VILLIEU-LOYES-MOLLON,01800,VILLIEU-LOYES-MOLLON,01,,,,NN,1966-01-01,5499,P1,API Recherche Entreprises / INSEE Sirene,2026-05-09
41967527700018,419675277,TECHNI BATI,GERARDI (GERARDI),43.33Z,43.33Z,2815 ROUTE DU DAUPHINE 01360 BELIGNEUX,01360,BELIGNEUX,01,,,,01,1998-07-01,5499,P1,API Recherche Entreprises / INSEE Sirene,2026-05-09
84115829800031,841158298,EMERIC LAROCHETTE,LAROCHETTE (LAROCHETTE),43.33Z,43.33Z,126 LE MOLLARD 01350 CRESSIN-ROCHEFORT,01350,CRESSIN-ROCHEFORT,01,,,,NN,2018-06-25,1000,P1,API Recherche Entreprises / INSEE Sirene,2026-05-09
90095862000016,900958620,CARRELAGES V.B.,BENEFICE,43.33Z,43.33Z,351 RUE DU BEAUJOLAIS 01480 JASSANS-RIOTTIER,01480,JASSANS-RIOTTIER,01,,,,01,2021-07-01,5499,P1,API Recherche Entreprises / INSEE Sirene,2026-05-09
74993379200048,749933792,CARRELAGE MARBRERIE MIRIBEL (C.M.M.),THERIOT (THERIOT),43.33Z,43.33Z,ZI LA BOCQUETTE QUAI DU RHONE 01700 MIRIBEL,01700,MIRIBEL,01,,,,02,2012-02-22,5499,P1,API Recherche Entreprises / INSEE Sirene,2026-05-09
75027181900021,750271819,FREDDY PEREIRA,PEREIRA,43.33Z,43.33Z,189 ROUTE DE PACCARD 01400 NEUVILLE-LES-DAMES,01400,NEUVILLE-LES-DAMES,01,,,,NN,2012-03-19,1000,P1,API Recherche Entreprises / INSEE Sirene,2026-05-09
75060517200014,750605172,GEPRO CARRELAGES,GEDIK (GEDIK),43.33Z,43.33Z,TECHNO-PARC DU PAYS DE GEX 30 RUE AUGUSTE PICCARD 01630 SAINT-GENIS-POUILLY,01630,SAINT-GENIS-POUILLY,01,,,,NN,2012-04-02,5499,P1,API Recherche Entreprises / INSEE Sirene,2026-05-09
75064792700011,750647927,ERDAL BULUT (BULUT CARRELAGE),BULUT (BULUT),43.33Z,43.33Z,7 RUE DU 19 MARS 1962 - BELLEGARDE 01200 VALSERHONE,01200,VALSERHONE,01,,,,NN,2012-04-02,1000,P1,API Recherche Entreprises / INSEE Sirene,2026-05-09
75069637900015,750696379,MICKAEL AJOUX,AJOUX (AJOUX),43.33Z,43.33Z,LES CURTALLINS 01660 MEZERIAT,01660,MEZERIAT,01,,,,NN,2012-05-02,1000,P1,API Recherche Entreprises / INSEE Sirene,2026-05-09
53252167100026,532521671,CYRILLE MARTEL (MC CARRELAGE),MARTEL,43.33Z,43.33Z,380 CHEMIN DU MONT 01000 SAINT-DENIS-LES-BOURG,01000,SAINT-DENIS-LES-BOURG,01,,,,01,2011-06-01,1000,P1,API Recherche Entreprises / INSEE Sirene,2026-05-09
53352172000011,533521720,EDDY ROUX,ROUX,43.33Z,43.33Z,4 IMPASSE DES MESANGES 01500 SAINT-DENIS-EN-BUGEY,01500,SAINT-DENIS-EN-BUGEY,01,,,,NN,2011-07-11,1000,P1,API Recherche Entreprises / INSEE Sirene,2026-05-09
53808660400013,538086604,SOCIETE BOISSON (SOCIETE BOISSON),BOISSON (BOISSON),43.33Z,43.33Z,RUE DES CROZES 38118 HIERES-SUR-AMBY,38118,HIERES-SUR-AMBY,38,,,,01,2011-11-02,5499,P1,API Recherche Entreprises / INSEE Sirene,2026-05-09
51040224100028,510402241,FABRICE KELER,KELER,43.33Z,43.33Z,LD BOSVIEL 81190 SAINTE-GEMME,81190,SAINTE-GEMME,81,,,,NN,2009-03-02,1000,P1,API Recherche Entreprises / INSEE Sirene,2026-05-09
51110322800025,511103228,EMMANUEL LIEUTARD,LIEUTARD (LIEUTARD),43.33Z,43.33Z,93 ALLEE DE L’ETRAC 01500 AMBERIEU-EN-BUGEY,01500,AMBERIEU-EN-BUGEY,01,,,,NN,2009-03-12,1000,P1,API Recherche Entreprises / INSEE Sirene,2026-05-09
52906083200019,529060832,WOSCIECH LANIEWSKI,LANIEWSKI,43.33Z,43.33Z,RIVERIAT 01140 ILLIAT,01140,ILLIAT,01,,,,NN,2010-12-20,1000,P1,API Recherche Entreprises / INSEE Sirene,2026-05-09
52912929800012,529129298,P.E.P. PISCINES,POUILLARD (POUILLARD),43.33Z,43.33Z,70 IMPASSE DE LA BUTTE 01250 MONTAGNAT,01250,MONTAGNAT,01,,,,NN,2011-01-01,5499,P1,API Recherche Entreprises / INSEE Sirene,2026-05-09
52946473700012,529464737,GILBERT NAVISSEAU,NAVISSEAU (NAVISSEAU),43.33Z,43.33Z,4 RUE DE LA MADONE 01090 MONTCEAUX,01090,MONTCEAUX,01,,,,NN,2011-01-11,1000,P1,API Recherche Entreprises / INSEE Sirene,2026-05-09
52952570100015,529525701,GILLES FRAYSSE,FRAYSSE,43.33Z,43.33Z,50 RUE DU COTTEY 01120 DAGNEUX,01120,DAGNEUX,01,,,,NN,2011-02-01,1000,P1,API Recherche Entreprises / INSEE Sirene,2026-05-09
53008816000011,530088160,WALTER MARTINI,MARTINI (MARTINI),43.33Z,43.33Z,16 RUE DE L'OIGNIN 01460 BRION,01460,BRION,01,,,,NN,2011-01-18,1000,P1,API Recherche Entreprises / INSEE Sirene,2026-05-09
50863071200018,508630712,CERAMIC' HOME,VIOLAIN (VIOLAIN),43.33Z,43.33Z,46 AVENUE DE MACON 01000 BOURG-EN-BRESSE,01000,BOURG-EN-BRESSE,01,,,,NN,2008-10-01,5499,P1,API Recherche Entreprises / INSEE Sirene,2026-05-09
50933530300046,509335303,MAXIMUS CARRELAGES,ANDRE,43.33Z,43.33Z,15 CHEMIN DES CURES 01600 SAINT-BERNARD,01600,SAINT-BERNARD,01,,,,00,2009-01-05,5499,P1,API Recherche Entreprises / INSEE Sirene,2026-05-09
50938668600018,509386686,EURL CARRELAGE BUGEY O FAIENCE CHAPE,,43.33Z,43.33Z,26 RUE JEAN DE PARIS 01500 AMBERIEU-EN-BUGEY,01500,AMBERIEU-EN-BUGEY,01,,,,NN,2008-12-01,5499,P1,API Recherche Entreprises / INSEE Sirene,2026-05-09
50942572400028,509425724,C.G.V. CARRELAGE MULTISERVICES,VASSALLO,43.33Z,43.33Z,22 RTE DU VALROMEY 01260 VALROMEY-SUR-SERAN,01260,VALROMEY-SUR-SERAN,01,,,,NN,2008-12-02,5499,P1,API Recherche Entreprises / INSEE Sirene,2026-05-09
52467864600026,524678646,NORDINE HAMDAOUI (VLM CARRELAGE),HAMDAOUI,43.33Z,43.33Z,31 RUE DE LA BRUGNIERE 01800 VILLIEU-LOYES-MOLLON,01800,VILLIEU-LOYES-MOLLON,01,,,,NN,2010-09-01,1000,P1,API Recherche Entreprises / INSEE Sirene,2026-05-09
53438601600024,534386016,LIONEL COLLIN,COLLIN (COLLIN),43.33Z,43.33Z,ZA DE PENAYE 393 PRE BONGUIN 01300 CHAZEY-BONS,01300,CHAZEY-BONS,01,,,,03,2011-09-01,1000,P1,API Recherche Entreprises / INSEE Sirene,2026-05-09
53443737100022,534437371,GUILLAUME THIBOUD (THIBOUD CARRELAGE),THIBOUD (THIBOUD),43.33Z,43.33Z,ZI DE CORON 60 ROUTE DE PARVES 01300 BELLEY,01300,BELLEY,01,,,,03,2011-09-01,1000,P1,API Recherche Entreprises / INSEE Sirene,2026-05-09
53496531400014,534965314,AK (EURL),AK (AK),43.33Z,43.33Z,1 RUE LA FAYETTE 01630 SAINT-GENIS-POUILLY,01630,SAINT-GENIS-POUILLY,01,,,,01,2011-09-08,5499,P1,API Recherche Entreprises / INSEE Sirene,2026-05-09
75345895900040,753458959,J P CARRELAGE (J-P CARRELAGE),PILLARD (PILLARD),43.33Z,43.33Z,308 ROUTE DE GENEVE 01700 BEYNOST,01700,BEYNOST,01,,,,NN,2012-09-17,5499,P1,API Recherche Entreprises / INSEE Sirene,2026-05-09
75375330000015,753753300,MICHAL ZAKRZEWSKI (A.M.E.),ZAKRZEWSKI (ZAKRZEWSKI),43.33Z,43.33Z,3 RUE DE CROZET 01630 SAINT-GENIS-POUILLY,01630,SAINT-GENIS-POUILLY,01,,,,NN,2012-09-01,1000,P1,API Recherche Entreprises / INSEE Sirene,2026-05-09
75406585200016,754065852,HERVE PALANCHON,PALANCHON (PALANCHON),43.33Z,43.33Z,3880 ROUTE DE BOURG-EN-BRESSE 01851 MARBOZ,01851,MARBOZ,01,,,,NN,2012-10-01,1000,P1,API Recherche Entreprises / INSEE Sirene,2026-05-09
75406647000016,754066470,LAURENT PAULINIER (POLY'PRESTA),PAULINIER (PAULINIER),43.33Z,43.33Z,216 CHEMIN DE LA DESERTE 01800 SAINT-JEAN-DE-NIOST,01800,SAINT-JEAN-DE-NIOST,01,,,,NN,2012-09-20,1000,P1,API Recherche Entreprises / INSEE Sirene,2026-05-09
75409937200056,754099372,FLORIAN DELORME (NINA CERAMIQUE),DELORME (DELORME),43.33Z,43.33Z,CORMOZ 2 RUE DE LA FORGE 01500 CHATEAU-GAILLARD,01500,CHATEAU-GAILLARD,01,,,,NN,2012-09-10,1000,P1,API Recherche Entreprises / INSEE Sirene,2026-05-09
77320086000015,773200860,ETABLISSEMENTS JEAN CRETIN,MARTIN,43.33Z,43.33Z,132 RUE ANATOLE FRANCE 01100 OYONNAX,01100,OYONNAX,01,,,,02,1973-01-01,5710,P1,API Recherche Entreprises / INSEE Sirene,2026-05-09
41941522900063,419415229,CHRISTOPHE SASSI,SASSI (SASSI),43.33Z,43.33Z,388 GRANDE RUE 01390 MONTHIEUX,01390,MONTHIEUX,01,,,,01,1998-07-02,1000,P1,API Recherche Entreprises / INSEE Sirene,2026-05-09
42012290500029,420122905,CHRISTIAN BEY,BEY (BEY),43.33Z,43.33Z,101 RUE DES JACQUETIERES 01700 BEYNOST,01700,BEYNOST,01,,,,NN,1998-10-02,1000,P1,API Recherche Entreprises / INSEE Sirene,2026-05-09
41203765700050,412037657,JOAQUIM DE CASTRO MOURA (DE CASTRO),DE CASTRO MOURA,43.33Z,43.33Z,28 RUE DES VIGNES 01800 MEXIMIEUX,01800,MEXIMIEUX,01,,,,NN,1997-05-13,1000,P1,API Recherche Entreprises / INSEE Sirene,2026-05-09
34392512900037,343925129,ENTREPRISE ABGRALL CHASTEL (ENTREPRISE ABGRALL CHASTEL),CHASTEL-NOBILITATO (CHASTEL),43.33Z,43.33Z,35 IMPASSE DES FRAMBOISIERS 01170 CESSY,01170,CESSY,01,,,,01,1988-01-01,5710,P1,API Recherche Entreprises / INSEE Sirene,2026-05-09
34393839500054,343938395,BATIMENT CONSTRUCTION BATI BC BATI,VALLEE,43.33Z,43.33Z,LOT A10 470 RUE DES VALETS 01120 MONTLUEL,01120,MONTLUEL,01,,,,03,1988-01-15,5710,P1,API Recherche Entreprises / INSEE Sirene,2026-05-09
37872201100038,378722011,CARRELAGES BERRY,BOYER,43.33Z,43.33Z,122 ZONE DE LA TEPPE 01380 SAINT-ANDRE-DE-BAGE,01380,SAINT-ANDRE-DE-BAGE,01,,,,12,1990-07-01,5499,P1,API Recherche Entreprises / INSEE Sirene,2026-05-09
83884755600019,838847556,CARRELAGES SPJ,PAASCH (PAASCH),43.33Z,43.33Z,36 RUE DE LA NETRIERE 01200 BILLIAT,01200,BILLIAT,01,,,,01,2018-03-01,5710,P1,API Recherche Entreprises / INSEE Sirene,2026-05-09
83906001900032,839060019,ERIC BACOT (SESAM HABITAT 01),BACOT (BACOT),43.33Z,43.33Z,31 RUE PARADIS 01100 OYONNAX,01100,OYONNAX,01,,,,NN,2018-04-09,1000,P1,API Recherche Entreprises / INSEE Sirene,2026-05-09
84162090900025,841620909,AHMED OUTOUMACHE,OUTOUMACHE (OUTOUMACHE),43.33Z,43.33Z,11 RUE DE CROUY 01000 BOURG-EN-BRESSE,01000,BOURG-EN-BRESSE,01,,,,NN,2018-07-01,1000,P1,API Recherche Entreprises / INSEE Sirene,2026-05-09
84287052900026,842870529,EHK BATIMENT (EHK BATIMENT),COLAK (COLAK),43.33Z,43.33Z,7 B AVENUE DES ECOLES 01700 SAINT-MAURICE-DE-BEYNOST,01700,SAINT-MAURICE-DE-BEYNOST,01,,,,00,2018-09-25,5499,P1,API Recherche Entreprises / INSEE Sirene,2026-05-09
83981042100025,839810421,ALEXANDRE BECQUET,BECQUET,43.33Z,43.33Z,85 RUE DES BERGERS 01190 SAINT-BENIGNE,01190,SAINT-BENIGNE,01,,,,NN,2018-05-14,1000,P1,API Recherche Entreprises / INSEE Sirene,2026-05-09
83990078400027,839900784,BERTULESSI J.CARRELAGE (CARRELAGE ET PETITE MACONNERIE),BERTULESSI (BERTULESSI),43.33Z,43.33Z,67 RUE DE CHENAVIER 01470 BRIORD,01470,BRIORD,01,,,,02,2018-05-02,5499,P1,API Recherche Entreprises / INSEE Sirene,2026-05-09
83993855200016,839938552,ABDELGHAFOUR ZAIDI (ZAIDI CARRELAGE ET MACONNERIE),ZAIDI SOUKRAT,43.33Z,43.33Z,72 ALLEE DES CAPUCINES 01630 SAINT-GENIS-POUILLY,01630,SAINT-GENIS-POUILLY,01,,,,NN,2018-05-28,1000,P1,API Recherche Entreprises / INSEE Sirene,2026-05-09
84012124800024,840121248,MUHAMMED HALICI,HALICI,43.33Z,43.33Z,8 RUE MARIUS PINARD 01200 VALSERHONE,01200,VALSERHONE,01,,,,NN,2018-04-20,1000,P1,API Recherche Entreprises / INSEE Sirene,2026-05-09
84090208400010,840902084,HAKAN HIDIROGLU (HAKAN H),HIDIROGLU (HIDIROGLU),43.33Z,43.33Z,438 ROUTE DE CHAVEYRIAT 01660 MEZERIAT,01660,MEZERIAT,01,,,,NN,2018-07-06,1000,P1,API Recherche Entreprises / INSEE Sirene,2026-05-09
83280392800015,832803928,AHMET ATIK,ATIK (ATIK),43.33Z,43.33Z,8 RUE DU 19 MARS 1962 - BELLEGARDE 01200 VALSERHONE,01200,VALSERHONE,01,,,,NN,2017-11-01,1000,P1,API Recherche Entreprises / INSEE Sirene,2026-05-09
83314001500011,833140015,JOEL BATISTA BARATA (BATIS' CARRELAGE),BATISTA BARATA (BATISTA BARATA),43.33Z,43.33Z,50 RUE COPERNIC 01100 OYONNAX,01100,OYONNAX,01,,,,NN,2017-12-01,1000,P1,API Recherche Entreprises / INSEE Sirene,2026-05-09
44820674800031,448206748,MEHMET GUVERCIN,GUVERCIN (GUVERCIN),43.33Z,43.33Z,351 RUE DE L'ECOLE DE VANCHY 01200 VALSERHONE,01200,VALSERHONE,01,,,,NN,2003-04-01,1000,P1,API Recherche Entreprises / INSEE Sirene,2026-05-09
45149089000048,451490890,DAVID MONTAGNA,MONTAGNA,43.33Z,43.33Z,607 RUE DE LA TOUR 01140 VALEINS,01140,VALEINS,01,,,,NN,2004-01-12,1000,P1,API Recherche Entreprises / INSEE Sirene,2026-05-09
45149629300031,451496293,BREVET FRERES CARRELAGE-FAIENCES,BREVET (BREVET),43.33Z,43.33Z,208 CHEMIN DE TANVOL 01440 VIRIAT,01440,VIRIAT,01,,,,02,2004-01-12,5499,P1,API Recherche Entreprises / INSEE Sirene,2026-05-09
45221987600037,452219876,AHMET OZER (RSP OZER),OZER (OZER),43.33Z,43.33Z,1 CHEMIN DE FORTUNAS 01250 REVONNAS,01250,REVONNAS,01,,,,NN,2004-03-01,1000,P1,API Recherche Entreprises / INSEE Sirene,2026-05-09
43203939400072,432039394,MOHAMED ABIDALLAH,ABIDALLAH,43.33Z,43.33Z,140 RUE DU SALEVE 01170 CROZET,01170,CROZET,01,,,,01,2000-07-03,1000,P1,API Recherche Entreprises / INSEE Sirene,2026-05-09
43281634600048,432816346,PATRICE BEAUT,BEAUT (BEAUT),43.33Z,43.33Z,CRAS SUR REYSSOUZE 1487 RTE PROSPER CONVERT 01340 BRESSE VALLONS,01340,BRESSE VALLONS,01,,,,01,2000-10-03,1000,P1,API Recherche Entreprises / INSEE Sirene,2026-05-09
43350435400039,433504354,LES CARRELEURS EUROPEENS,DE CASTRO MOURA (DE CASTRO MOURA),43.33Z,43.33Z,Z.A. DES MAVAUVRES 01370 MEILLONNAS,01370,MEILLONNAS,01,,,,NN,2000-10-04,5499,P1,API Recherche Entreprises / INSEE Sirene,2026-05-09
42063981700055,420639817,ROBERT D ORSI,D'ORSI (D ORSI),43.33Z,43.33Z,TERRE BRACHET 191 IMPASSE DU CLOS DU THOU 01330 SAINTE-OLIVE,01330,SAINTE-OLIVE,01,,,,NN,1998-10-05,1000,P1,API Recherche Entreprises / INSEE Sirene,2026-05-09
43458108800060,434581088,SAID EL KHALDI (RMJ),EL KHALDI,43.33Z,43.33Z,1445 ROUTE DU PORT 01150 LAGNIEU,01150,LAGNIEU,01,,,,01,2001-02-01,1000,P1,API Recherche Entreprises / INSEE Sirene,2026-05-09
43517417200047,435174172,MANUEL ROCHE (ACC'ROCHE),ROCHE,43.33Z,43.33Z,MONTANGERAND 71520 BOURGVILAIN,71520,BOURGVILAIN,71,,,,NN,2001-04-02,1000,P1,API Recherche Entreprises / INSEE Sirene,2026-05-09
44905522700044,449055227,GREGOR PEREVALOFF (SDP CARRELAGE),PEREVALOFF,43.33Z,43.33Z,130 RUE GUSTAVE FLAUBERT 01000 SAINT-DENIS-LES-BOURG,01000,SAINT-DENIS-LES-BOURG,01,,,,NN,2003-07-07,1000,P1,API Recherche Entreprises / INSEE Sirene,2026-05-09
44933353300031,449333533,ARCATELLES,RODRIGUES FERREIRA (RODRIGUES FERREIRA),43.33Z,43.33Z,969 RUE DE LA FORET DE DISSE 01170 GEX,01170,GEX,01,,,,NN,2003-07-01,5499,P1,API Recherche Entreprises / INSEE Sirene,2026-05-09
43040738700017,430407387,BERNARD FERLET,FERLET (FERLET),43.33Z,43.33Z,LE VILLAGE 01400 SANDRANS,01400,SANDRANS,01,,,,NN,2000-05-02,1000,P1,API Recherche Entreprises / INSEE Sirene,2026-05-09
10049607400012,100496074,BMD CARRELAGE,SIMSEK,43.33Z,43.33Z,8 AVENUE DES BALMES 01700 MIRIBEL,01700,MIRIBEL,01,,,,NN,2026-01-21,5710,P1,API Recherche Entreprises / INSEE Sirene,2026-05-09
10237599500010,102375995,YILD SOLUTIONS (YILD SOLUTIONS),YILDIRIM (YILDIRIM),43.33Z,43.33Z,432 RUE DES VALETS 01120 MONTLUEL,01120,MONTLUEL,01,,,,NN,2026-01-01,5710,P1,API Recherche Entreprises / INSEE Sirene,2026-05-09
32528384400042,325283844,JEAN-LOUIS LOUVIGNY,LOUVIGNY (LOUVIGNY),43.33Z,43.33Z,96 CHEMIN DE MONTRAY 69110 SAINTE-FOY-LES-LYON,69110,SAINTE-FOY-LES-LYON,69,,,,NN,1982-09-01,1000,P1,API Recherche Entreprises / INSEE Sirene,2026-05-09
32634374600029,326343746,LOUIS FONTAINE,FONTAINE,43.33Z,43.33Z,ZONE INDUSTRIELLE RUE JULES FERRY 01480 JASSANS-RIOTTIER,01480,JASSANS-RIOTTIER,01,,,,03,1968-01-01,5710,P1,API Recherche Entreprises / INSEE Sirene,2026-05-09
51420370200030,514203702,LUDOVIC DE SA,DE SA,43.33Z,43.33Z,356 RUE SOUS LES TILLEULS 01130 LE POIZAT-LALLEYRIAT,01130,LE POIZAT-LALLEYRIAT,01,,,,NN,2009-08-10,1000,P1,API Recherche Entreprises / INSEE Sirene,2026-05-09
51494659900040,514946599,FRANCK RODIER,RODIER,43.33Z,43.33Z,144 IMPASSE DU RENOM 01330 LE PLANTAY,01330,LE PLANTAY,01,,,,NN,2009-10-01,1000,P1,API Recherche Entreprises / INSEE Sirene,2026-05-09
53143742400017,531437424,RHONE ALPES CARRELAGE,ACIKGOZ (ACIKGOZ),43.33Z,43.33Z,116 COURS DE VERDUN 01100 OYONNAX,01100,OYONNAX,01,,,,NN,2011-04-01,5499,P1,API Recherche Entreprises / INSEE Sirene,2026-05-09
53145680400016,531456804,CLEMENT FAFIOTTE,FAFIOTTE,43.33Z,43.33Z,RUE DU FRENE 01500 CHATEAU-GAILLARD,01500,CHATEAU-GAILLARD,01,,,,NN,2011-03-26,1000,P1,API Recherche Entreprises / INSEE Sirene,2026-05-09
78976119400016,789761194,CHRIS HABITAT (CHRIS HABITAT),KERROUX (KERROUX),43.33Z,43.33Z,83 CHE DU CIMETIERE 01200 VALSERHONE,01200,VALSERHONE,01,,,,00,2012-11-22,5710,P1,API Recherche Entreprises / INSEE Sirene,2026-05-09
79068544000014,790685440,ARMAN,ARMAGAN (ARMAGAN),43.33Z,43.33Z,12 ALLEE LOUIS MOUTHIER 01500 AMBERIEU-EN-BUGEY,01500,AMBERIEU-EN-BUGEY,01,,,,NN,2013-01-07,5499,P1,API Recherche Entreprises / INSEE Sirene,2026-05-09
79180089900027,791800899,JULIEN FEVRIER (JSOLPRO),FEVRIER,43.33Z,43.33Z,MAISON NUMERO 2 370 RUE DES GABETTES 01120 DAGNEUX,01120,DAGNEUX,01,,,,NN,2012-12-10,1000,P1,API Recherche Entreprises / INSEE Sirene,2026-05-09
79525063800025,795250638,ABDULKADIR GURSEL,GURSEL,43.33Z,43.33Z,18 RUE DES CITES DES PEROUSES 01500 AMBERIEU-EN-BUGEY,01500,AMBERIEU-EN-BUGEY,01,,,,NN,2013-09-07,1000,P1,API Recherche Entreprises / INSEE Sirene,2026-05-09
79909734000019,799097340,GERARD MAGLIONE (OHMS),MAGLIONE (MAGLIONE),43.33Z,43.33Z,40 ALLEE ISENGRIN 01000 BOURG-EN-BRESSE,01000,BOURG-EN-BRESSE,01,,,,NN,2013-11-12,1000,P1,API Recherche Entreprises / INSEE Sirene,2026-05-09
79975506100014,799755061,SEBASTIEN BOZONNET,BOZONNET,43.33Z,43.33Z,ROUTE DE NEGREFEUILLE 01340 MARSONNAS,01340,MARSONNAS,01,,,,01,2014-01-01,5499,P1,API Recherche Entreprises / INSEE Sirene,2026-05-09
79996353300028,799963533,MG CARRELAGE (MG CARRELAGE),DE JESUS MARTINS (DE JESUS MARTINS),43.33Z,43.33Z,406 ROUTE DU GROBON 01400 CHATILLON-SUR-CHALARONNE,01400,CHATILLON-SUR-CHALARONNE,01,,,,01,2014-02-01,5499,P1,API Recherche Entreprises / INSEE Sirene,2026-05-09
34289467200050,342894672,ALAIN KILMAN,KILMAN,43.33Z,43.33Z,199 CHEMIN D'HERBEVACHE 01600 REYRIEUX,01600,REYRIEUX,01,,,,NN,1987-11-03,1000,P1,API Recherche Entreprises / INSEE Sirene,2026-05-09
40975352200047,409753522,HILENO CANEDO-FERNANDES,FERNANDES (CANEDO-FERNANDES),43.33Z,43.33Z,44 RUE DU CEDRE 69730 GENAY,69730,GENAY,69,,,,NN,1996-11-12,1000,P1,API Recherche Entreprises / INSEE Sirene,2026-05-09
35086379100017,350863791,BELLET INDUSTRIE,BELLET,43.39Z,43.39Z,PLN PLAINE DE LONGEFAN 73300 LA TOUR-EN-MAURIENNE,73300,LA TOUR-EN-MAURIENNE,73,,,,12,1989-05-01,5710,P1,API Recherche Entreprises / INSEE Sirene,2026-05-09
87983584100013,879835841,NICOLAS OSTAPETZ (NICO MULTI SERVICES),OSTAPETZ (OSTAPETZ),43.39Z,43.39Z,POSAFOL 51 ROUTE DE LEYMENT 01150 LAGNIEU,01150,LAGNIEU,01,,,,NN,2019-12-04,1000,P1,API Recherche Entreprises / INSEE Sirene,2026-05-09
80049216700013,800492167,HANIFI AKCASOY,AKCASOY,43.39Z,43.39Z,7 RTE DE LA PLAINE 01460 PORT,01460,PORT,01,,,,NN,2014-01-23,1000,P1,API Recherche Entreprises / INSEE Sirene,2026-05-09
44377790900062,443777909,NEOM,HUMBLOT,43.39Z,43.39Z,ZAC DU PETIT LEROY 2 RUE DU COTTAGE TOLBIAC 94550 CHEVILLY-LARUE,94550,CHEVILLY-LARUE,94,,,,32,2002-10-08,5710,P1,API Recherche Entreprises / INSEE Sirene,2026-05-09
84134338700012,841343387,FACADES FRANCE RENOVATION 74,GROUPE FFR,43.39Z,43.39Z,ATHENA 1 - ARCHAMPS TECHNOPOLE 72 RUE GEORGES DE MESTRAL 74160 ARCHAMPS,74160,ARCHAMPS,74,,,,01,2018-07-12,5710,P1,API Recherche Entreprises / INSEE Sirene,2026-05-09
52897756400061,528977564,FILIPPELLI SARL (FILIPPELLI  RENOVATION),FILIPPELLI (FILIPPELLI),43.39Z,43.39Z,40 RUE JEAN D'ABBANS 25220 THISE,25220,THISE,25,,,,00,2011-01-01,5499,P1,API Recherche Entreprises / INSEE Sirene,2026-05-09
51029190900024,510291909,SAUVEUR CORDARO,CORDARO,43.39Z,43.39Z,55 IMPASSE DU GOULU 01480 FAREINS,01480,FAREINS,01,,,,NN,2009-01-01,1000,P1,API Recherche Entreprises / INSEE Sirene,2026-05-09
42444856100011,424448561,BESSARD PISCINES & ESPACES VERTS,BESSARD (BESSARD),43.39Z,43.39Z,29 CHEMIN DE LA SOUTIERE 01330 VILLARS-LES-DOMBES,01330,VILLARS-LES-DOMBES,01,,,,12,1999-09-15,5710,P1,API Recherche Entreprises / INSEE Sirene,2026-05-09
35026703500037,350267035,CHRISTIAN LEUREAU,LEUREAU,43.39Z,43.39Z,238 CHEMIN DES CAILLATES 01480 FRANS,01480,FRANS,01,,,,NN,1989-04-17,1000,P1,API Recherche Entreprises / INSEE Sirene,2026-05-09
75031627500023,750316275,DAVIN HAINES,HAINES (HAINES),43.39Z,43.39Z,LA PROPRIETE BAT. 4 297 ROUTE DE VESEGNIN 01280 PREVESSIN-MOENS,01280,PREVESSIN-MOENS,01,,,,NN,2012-02-16,1000,P1,API Recherche Entreprises / INSEE Sirene,2026-05-09
53271212200029,532712122,JS (JS),JEBABLI (JEBABLI),43.39Z,43.39Z,580 RUE LAVOISIER 01960 PERONNAS,01960,PERONNAS,01,,,,NN,2011-05-01,5499,P1,API Recherche Entreprises / INSEE Sirene,2026-05-09
53396635400011,533966354,SYLVAIN HAUW,HAUW,43.39Z,43.39Z,ROUTE DE PEYRIAT 01430 MAILLAT,01430,MAILLAT,01,,,,NN,2011-08-01,1000,P1,API Recherche Entreprises / INSEE Sirene,2026-05-09
53892020800013,538920208,YVAN MATKOVIC (MTK SERVICES),MATKOVIC (MATKOVIC),43.39Z,43.39Z,4 CHE DU ROCHET 01370 VAL-REVERMONT,01370,VAL-REVERMONT,01,,,,NN,2012-02-01,1000,P1,API Recherche Entreprises / INSEE Sirene,2026-05-09
52935875600011,529358756,DOMENICO CONCU,CONCU,43.39Z,43.39Z,CHAMP BOUVIER 1 RUE JEAN RACINE 01480 JASSANS-RIOTTIER,01480,JASSANS-RIOTTIER,01,,,,NN,2011-01-10,1000,P1,API Recherche Entreprises / INSEE Sirene,2026-05-09
52375176600016,523751766,BRUNO COTTEY,COTTEY (COTTEY),43.39Z,43.39Z,CHAMP FAVRE RUE DE L’EGLISE 01140 PEYZIEUX-SUR-SAONE,01140,PEYZIEUX-SUR-SAONE,01,,,,NN,2010-08-01,1000,P1,API Recherche Entreprises / INSEE Sirene,2026-05-09
53425679700026,534256797,JONATHAN SALGUEIRO (LJR SERVICES),SALGUEIRO (SALGUEIRO),43.39Z,43.39Z,70 ROUTE DE LA MOLANDIERE 01570 FEILLENS,01570,FEILLENS,01,,,,NN,2011-09-15,1000,P1,API Recherche Entreprises / INSEE Sirene,2026-05-09
53750091000014,537500910,ERIC BELLON,BELLON,43.39Z,43.39Z,9 RUE DE LA TERMETTE 01350 CULOZ-BEON,01350,CULOZ-BEON,01,,,,NN,2011-10-20,1000,P1,API Recherche Entreprises / INSEE Sirene,2026-05-09
42014730800027,420147308,MARIE CAVALHEIRO (BEAUREPAIRE),CAVALHEIRO (BEAUREPAIRE),43.39Z,43.39Z,281 RUE DU CENTRE 01300 BRENS,01300,BRENS,01,,,,NN,1998-07-09,1000,P1,API Recherche Entreprises / INSEE Sirene,2026-05-09
39752891000029,397528910,OMAR FERDJALLAH (MACONNERIE REMI 04),FERDJALLAH,43.39Z,43.39Z,DE FORCHY 118 RUE 01420 CORBONOD,01420,CORBONOD,01,,,,NN,1994-05-30,1000,P1,API Recherche Entreprises / INSEE Sirene,2026-05-09
34366751500039,343667515,PASCAL LEGROS,LEGROS,43.39Z,43.39Z,251 ROUTE DU MORBIER 01390 RANCE,01390,RANCE,01,,,,NN,1988-01-18,1000,P1,API Recherche Entreprises / INSEE Sirene,2026-05-09
39954083000029,399540830,SERGE CAPPUCCIO,CAPPUCCIO (CAPPUCCIO),43.39Z,43.39Z,RACOUZE 01250 GRAND-CORENT,01250,GRAND-CORENT,01,,,,NN,1995-01-03,1000,P1,API Recherche Entreprises / INSEE Sirene,2026-05-09
84225408800045,842254088,LORIS CHAMI (LC SOLUTION),CHAMI,43.39Z,43.39Z,22 A RUE DE LA TOUR DEAUL 01250 REVONNAS,01250,REVONNAS,01,,,,NN,2018-09-12,1000,P1,API Recherche Entreprises / INSEE Sirene,2026-05-09
43420108300046,434201083,PISCINES BY  GIACOMINI (GIACOMINI),GIACOMINI,43.39Z,43.39Z,ZA LES PLAYES 64 RUE DE LA GARDE 83140 SIX-FOURS-LES-PLAGES,83140,SIX-FOURS-LES-PLAGES,83,,,,NN,2001-01-08,5499,P1,API Recherche Entreprises / INSEE Sirene,2026-05-09
45382014400047,453820144,CONFORT ET FERMETURES,RETAMAL (RETAMAL),43.39Z,43.39Z,2 RUE DE FOUILLEUSE 01460 MONTREAL-LA-CLUSE,01460,MONTREAL-LA-CLUSE,01,,,,NN,2004-07-05,5499,P1,API Recherche Entreprises / INSEE Sirene,2026-05-09
43771851300025,437718513,FRANCK GENEVRIER,GENEVRIER (GENEVRIER),43.39Z,43.39Z,3 IMPASSE SUR LE CHENE 01500 AMBUTRIX,01500,AMBUTRIX,01,,,,NN,2001-04-01,1000,P1,API Recherche Entreprises / INSEE Sirene,2026-05-09
31108629200076,311086292,PATRICK SUAREZ (AK-SION SERVICES),SUAREZ (SUAREZ),43.39Z,43.39Z,MAISON NO 2 71 AVENUE DE BOHLEN 69120 VAULX-EN-VELIN,69120,VAULX-EN-VELIN,69,,,,NN,1985-05-15,1000,P1,API Recherche Entreprises / INSEE Sirene,2026-05-09
31332292700028,313322927,ALEXIS BONHOMME,BONHOMME (BONHOMME),43.39Z,43.39Z,73 RUE DU CHATEAU 92100 BOULOGNE-BILLANCOURT,92100,BOULOGNE-BILLANCOURT,92,,,,NN,1978-01-01,1000,P1,API Recherche Entreprises / INSEE Sirene,2026-05-09
10063087000010,100630870,SINAN KAYAN (SK MULTISERVICES),KAYAN,43.39Z,43.39Z,4 RUE COURTELINE 01100 OYONNAX,01100,OYONNAX,01,,,,NN,2026-02-01,1000,P1,API Recherche Entreprises / INSEE Sirene,2026-05-09
31884095600029,318840956,MICHEL LEVEDER,LEVEDER,43.39Z,43.39Z,VILLA 10 128 CHEMIN DE SOUS LA CERVOISE 01300 BELLEY,01300,BELLEY,01,,,,NN,1980-05-01,1000,P1,API Recherche Entreprises / INSEE Sirene,2026-05-09
52833068100024,528330681,ALEXIS BLANCHON (AB CREATION),BLANCHON,43.39Z,43.39Z,5 RUE DU STADE 01510 ARTEMARE,01510,ARTEMARE,01,,,,NN,2010-11-15,1000,P1,API Recherche Entreprises / INSEE Sirene,2026-05-09
53099468000029,530994680,TONY AGNIEL (TMS),AGNIEL,43.39Z,43.39Z,10 RUE DU PONT 01150 SAULT-BRENAZ,01150,SAULT-BRENAZ,01,,,,NN,2011-03-09,1000,P1,API Recherche Entreprises / INSEE Sirene,2026-05-09
53190818400041,531908184,CREALIS,SCILINGUO (SCILINGUO),43.39Z,43.39Z,140 RUE DU DANET 38290 LA VERPILLIERE,38290,LA VERPILLIERE,38,,,,02,2011-04-01,5710,P1,API Recherche Entreprises / INSEE Sirene,2026-05-09
79091990600020,790919906,FRANCE PLAFOND 01 (FRANCE PLAFOND),CHAVY (CHAVY),43.39Z,43.39Z,190 CHEMIN DE LA THEVENETTE 01570 FEILLENS,01570,FEILLENS,01,,,,NN,2013-01-02,5499,P1,API Recherche Entreprises / INSEE Sirene,2026-05-09
78862593700016,788625937,LIONEL DULUYE,DULUYE,43.39Z,43.39Z,59 RTE DE L'ECOLE RIGNIEU LE DESERT 01150 CHAZEY-SUR-AIN,01150,CHAZEY-SUR-AIN,01,,,,NN,2012-09-24,1000,P1,API Recherche Entreprises / INSEE Sirene,2026-05-09
79153668300018,791536683,PETR BATEK,BATEK,43.39Z,43.39Z,10 RUE MANTE 01300 BELLEY,01300,BELLEY,01,,,,NN,2013-03-18,1000,P1,API Recherche Entreprises / INSEE Sirene,2026-05-09
79256846100026,792568461,PIERRE MARTIN,MARTIN,43.39Z,43.39Z,LOT LA CHEVRE VERTE 35 RUE VOLTAIRE 01150 SAINTE-JULIE,01150,SAINTE-JULIE,01,,,,NN,2013-04-16,1000,P1,API Recherche Entreprises / INSEE Sirene,2026-05-09
79751700000023,797517000,FLORIAN ANDRAULT (ETS ANDRAULT),ANDRAULT (ANDRAULT),43.39Z,43.39Z,2026 ROUTE NATIONALE 6 69400 ARNAS,69400,ARNAS,69,,,,NN,2013-09-13,1000,P1,API Recherche Entreprises / INSEE Sirene,2026-05-09
48270359200030,482703592,YVES PLANARD (PLANARD),PLANARD (PLANARD),43.39Z,43.39Z,335 ROUTE DES PERTHUISETTES 01340 BRESSE VALLONS,01340,BRESSE VALLONS,01,,,,NN,2005-05-28,1000,P1,API Recherche Entreprises / INSEE Sirene,2026-05-09
49182801800029,491828018,D S V,DA SILVA (DA SILVA),43.39Z,43.39Z,662 RUE DE BRIEUX 38510 BRANGUES,38510,BRANGUES,38,,,,NN,2006-09-01,5499,P1,API Recherche Entreprises / INSEE Sirene,2026-05-09
75180913800033,751809138,MARTIN DIDIER,DIDIER (DIDIER),43.39Z,43.39Z,3 RUE DE L’HERBERIE 01600 TREVOUX,01600,TREVOUX,01,,,,NN,2012-06-01,1000,P1,API Recherche Entreprises / INSEE Sirene,2026-05-09
80338458500011,803384585,DANIEL PONCET,PONCET (PONCET),43.39Z,43.39Z,580 ROUTE DE SAINT-GERMAIN 01270 VILLEMOTIER,01270,VILLEMOTIER,01,,,,NN,2014-08-01,1000,P1,API Recherche Entreprises / INSEE Sirene,2026-05-09
80359914100014,803599141,STEPHAN WEISS,WEISS,43.39Z,43.39Z,86 ROUTE DE LA SOURCE 01170 CHEVRY,01170,CHEVRY,01,,,,NN,2014-07-01,1000,P1,API Recherche Entreprises / INSEE Sirene,2026-05-09
30590513500037,305905135,BERNARD LARACINE,LARACINE,43.39Z,43.39Z,3 RUELLE DE CUCUEN 01640 JUJURIEUX,01640,JUJURIEUX,01,,,,NN,1965-01-01,1000,P1,API Recherche Entreprises / INSEE Sirene,2026-05-09
34783720500025,347837205,MICHEL MARECHAL,MARECHAL (MARECHAL),43.39Z,43.39Z,391 CHEMIN DU GRAND BUISSON 01390 CIVRIEUX,01390,CIVRIEUX,01,,,,NN,1988-08-22,1000,P1,API Recherche Entreprises / INSEE Sirene,2026-05-09
32780757400030,327807574,SYLVAIN MAILLOT,MAILLOT,43.39Z,43.39Z,GIRIAT 184 IMPASSE DU FORIOU 01430 PEYRIAT,01430,PEYRIAT,01,,,,NN,1983-07-01,1000,P1,API Recherche Entreprises / INSEE Sirene,2026-05-09
33844171000021,338441710,DOMINIQUE DUCIMETIERE,DUCIMETIERE,43.39Z,43.39Z,4 IMPASSE DE LA GARE 01200 INJOUX-GENISSIAT,01200,INJOUX-GENISSIAT,01,,,,NN,1986-07-25,1000,P1,API Recherche Entreprises / INSEE Sirene,2026-05-09
33415619700058,334156197,JEAN LESEURRE,LESEURRE,43.39Z,43.39Z,RUE GEORGES MUSY 71100 SAINT-REMY,71100,SAINT-REMY,71,,,,NN,1985-09-01,1000,P1,API Recherche Entreprises / INSEE Sirene,2026-05-09
42302267200053,423022672,ALAIN GROS,GROS,43.39Z,43.39Z,55 ALL DU NIEVRE 01200 VALSERHONE,01200,VALSERHONE,01,,,,NN,1999-04-29,1000,P1,API Recherche Entreprises / INSEE Sirene,2026-05-09
44221671900017,442216719,ERIC MONTILLOT,MONTILLOT,43.39Z,43.39Z,97 CHEMIN DU COTEAU 01280 PREVESSIN-MOENS,01280,PREVESSIN-MOENS,01,,,,NN,2002-07-02,1000,P1,API Recherche Entreprises / INSEE Sirene,2026-05-09
81787626100022,817876261,NICOLAS RADIX (PS.NR),RADIX (RADIX),43.39Z,43.39Z,221 RUE DE LA VIA COLLA 01360 LOYETTES,01360,LOYETTES,01,,,,NN,2016-01-20,1000,P1,API Recherche Entreprises / INSEE Sirene,2026-05-09
81876738600019,818767386,M&G,MEROINI (MEROINI),43.39Z,43.39Z,44 ROUTE DE LA FORGE 01100 OYONNAX,01100,OYONNAX,01,,,,00,2016-01-24,5710,P1,API Recherche Entreprises / INSEE Sirene,2026-05-09
82039036700010,820390367,NICOLAS DUBOIS (DUBOIS BATIMENT),DUBOIS (DUBOIS),43.39Z,43.39Z,274 RTE DES BIDETS 01380 BAGE-DOMMARTIN,01380,BAGE-DOMMARTIN,01,,,,NN,2016-05-19,1000,P1,API Recherche Entreprises / INSEE Sirene,2026-05-09
82813123500024,828131235,SER & BAT,CHEVAILLER,43.39Z,43.39Z,69 IMPASSE SAINT RAMBERT 01360 LOYETTES,01360,LOYETTES,01,,,,NN,2017-01-18,5710,P1,API Recherche Entreprises / INSEE Sirene,2026-05-09
81452008600020,814520086,SECA CLEAN (VERTIGE ELAGAGE),MARCUCCILLI (MARCUCCILLI),43.39Z,43.39Z,16 RUE DES ECOLES 01700 MIRIBEL,01700,MIRIBEL,01,,,,02,2015-10-01,5710,P1,API Recherche Entreprises / INSEE Sirene,2026-05-09
81486174600018,814861746,AURELIEN PINEL,PINEL,43.39Z,43.39Z,LA BREVIERE D'EN HAUT 01230 SAINT-RAMBERT-EN-BUGEY,01230,SAINT-RAMBERT-EN-BUGEY,01,,,,NN,2015-12-01,1000,P1,API Recherche Entreprises / INSEE Sirene,2026-05-09
81314767500017,813147675,BBDEP,DE BOISSIEU (DE BOISSIEU),43.39Z,43.39Z,478 RUE DU CHATEAU 01160 VARAMBON,01160,VARAMBON,01,,,,NN,2015-07-30,5710,P1,API Recherche Entreprises / INSEE Sirene,2026-05-09
48123722000027,481237220,LYON EST PISCINES,BONHOMME (BONHOMME),43.39Z,43.39Z,1 ROUTE DE GENEVE 01700 SAINT-MAURICE-DE-BEYNOST,01700,SAINT-MAURICE-DE-BEYNOST,01,,,,03,2005-02-18,5499,P1,API Recherche Entreprises / INSEE Sirene,2026-05-09
49365580700037,493655807,FLORIAN ROBIN,ROBIN,43.39Z,43.39Z,2 RUE DU BON LAIT 01750 CROTTET,01750,CROTTET,01,,,,NN,2007-01-02,1000,P1,API Recherche Entreprises / INSEE Sirene,2026-05-09
48944186500024,489441865,JULIEN PAUGET,PAUGET,43.39Z,43.39Z,1256 CHEMIN DES CADALLES 01000 SAINT-DENIS-LES-BOURG,01000,SAINT-DENIS-LES-BOURG,01,,,,NN,2006-04-01,1000,P1,API Recherche Entreprises / INSEE Sirene,2026-05-09
49104588600018,491045886,RAMAZAN UCARLI (UCARLI),UCARLI (UCARLI),43.39Z,43.39Z,RN 84 01130 SAINT-GERMAIN-DE-JOUX,01130,SAINT-GERMAIN-DE-JOUX,01,,,,NN,2006-07-06,1000,P1,API Recherche Entreprises / INSEE Sirene,2026-05-09
85052031300014,850520313,FATOS MUSTAFA (DESIGN HOME),MUSTAFA (MUSTAFA),43.39Z,43.39Z,19 RUE CASTELLION 01100 OYONNAX,01100,OYONNAX,01,,,,NN,2019-05-10,1000,P1,API Recherche Entreprises / INSEE Sirene,2026-05-09
85134618900026,851346189,ISABEL MOREIRA DE OLIVEIRA (MOREIRA DE OLIVEIRA ISABEL),MOREIRA DE OLIVEIRA (MOREIRA DE OLIVEIRA),43.39Z,43.39Z,93 ALLEE DU PRESSOIR 01600 SAINT-BERNARD,01600,SAINT-BERNARD,01,,,,NN,2019-06-05,1000,P1,API Recherche Entreprises / INSEE Sirene,2026-05-09
85138369500018,851383695,SANDRINE GRAS,GRAS (GRAS),43.39Z,43.39Z,130 ROUTE DU MOULIN DE LA DEBONNE 01570 FEILLENS,01570,FEILLENS,01,,,,NN,2019-06-05,1000,P1,API Recherche Entreprises / INSEE Sirene,2026-05-09
85219859700019,852198597,PHILIPPE VASSEL,VASSEL (VASSEL),43.39Z,43.39Z,207 IMPASSE DU CHATELET 01140 SAINT-ETIENNE-SUR-CHALARONNE,01140,SAINT-ETIENNE-SUR-CHALARONNE,01,,,,NN,2019-07-05,1000,P1,API Recherche Entreprises / INSEE Sirene,2026-05-09
85379204200022,853792042,HACIALI OZTEMIR (01 DECOR),OZTEMIR (OZTEMIR),43.39Z,43.39Z,12 RUE DU PONT DES CHEVRES 01000 BOURG-EN-BRESSE,01000,BOURG-EN-BRESSE,01,,,,NN,2019-09-12,1000,P1,API Recherche Entreprises / INSEE Sirene,2026-05-09
43932603400030,439326034,STEPHANE VAUCANSON,VAUCANSON (VAUCANSON),43.39Z,43.39Z,44 RUE DU PIC MAR 01960 PERONNAS,01960,PERONNAS,01,,,,NN,2001-08-20,1000,P1,API Recherche Entreprises / INSEE Sirene,2026-05-09
43954012100068,439540121,SALVATORE INGEGNERI,INGEGNERI (INGEGNERI),43.39Z,43.39Z,ZA DU BACHAS PARCELLE 15 469 RUE DU BACHAS 01150 LAGNIEU,01150,LAGNIEU,01,,,,01,2001-10-16,1000,P1,API Recherche Entreprises / INSEE Sirene,2026-05-09
51870089300010,518700893,JACQUES SCHAEFER,SCHAEFER,43.39Z,43.39Z,LA POUSSE 01390 SAINT-ANDRE-DE-CORCY,01390,SAINT-ANDRE-DE-CORCY,01,,,,NN,2009-12-01,1000,P1,API Recherche Entreprises / INSEE Sirene,2026-05-09
51271057500048,512710575,ACCORD DECO,JOLY (JOLY),43.39Z,43.39Z,2 RUE NEUVE 43240 SAINT-JUST-MALMONT,43240,SAINT-JUST-MALMONT,43,,,,NN,2009-06-01,5499,P1,API Recherche Entreprises / INSEE Sirene,2026-05-09
51332180200029,513321802,ERIC SERRAND (ERIC RENOV'SERVICES),SERRAND,43.39Z,43.39Z,154 RUE ANDRE DERAIN 71000 MACON,71000,MACON,71,,,,NN,2009-07-01,1000,P1,API Recherche Entreprises / INSEE Sirene,2026-05-09
52151490100011,521514901,SARL DI GIORGIO,DI GIORGIO (DI GIORGIO),43.39Z,43.39Z,84 ALLEE DES VERDIERS 01330 VILLARS-LES-DOMBES,01330,VILLARS-LES-DOMBES,01,,,,NN,2010-04-01,5499,P1,API Recherche Entreprises / INSEE Sirene,2026-05-09
50300627200036,503006272,DENIS BARON,BARON (BARON),43.39Z,43.39Z,100 CHEMIN DU VIGNOBLE 01630 CHALLEX,01630,CHALLEX,01,,,,NN,2004-05-07,1000,P1,API Recherche Entreprises / INSEE Sirene,2026-05-09
50377046300027,503770463,SEBASTIEN DEBLOCK (LAS NETTOYAGE),DEBLOCK,43.39Z,43.39Z,369 CHEMIN DE FONTAINE 01480 SAVIGNEUX,01480,SAVIGNEUX,01,,,,NN,2008-05-02,1000,P1,API Recherche Entreprises / INSEE Sirene,2026-05-09
49943763000027,499437630,DANYBAT (C P I),PLASSE (PLASSE),43.39Z,43.39Z,ZI DE LA CROZE 574 RUE DE L'INDUSTRIE 01360 LOYETTES,01360,LOYETTES,01,,,,02,2007-08-01,5710,P1,API Recherche Entreprises / INSEE Sirene,2026-05-09
87906891400016,879068914,ANTHONY CAPILLO,CAPILLO,43.39Z,43.39Z,37 AVENUE AMEDEE MERCIER 01000 BOURG-EN-BRESSE,01000,BOURG-EN-BRESSE,01,,,,NN,2019-10-29,1000,P1,API Recherche Entreprises / INSEE Sirene,2026-05-09
83524779200020,835247792,NICOLAS ROY,ROY (ROY),43.39Z,43.39Z,22 RUE DU BAN THEVENIN 01800 MEXIMIEUX,01800,MEXIMIEUX,01,,,,NN,2018-01-29,1000,P1,API Recherche Entreprises / INSEE Sirene,2026-05-09
84497818900018,844978189,EURL PPI,GUIGNARD (GUIGNARD),43.39Z,43.39Z,381 ROUTE DE MONS 01290 LAIZ,01290,LAIZ,01,,,,NN,2018-12-15,5499,P1,API Recherche Entreprises / INSEE Sirene,2026-05-09
84778079800017,847780798,SYLVAIN MONDANGE,MONDANGE (MONDANGE),43.39Z,43.39Z,BOHAS 243 RUE RUE DE CHATILLONNET 01250 BOHAS-MEYRIAT-RIGNAT,01250,BOHAS-MEYRIAT-RIGNAT,01,,,,NN,2019-02-04,1000,P1,API Recherche Entreprises / INSEE Sirene,2026-05-09
88961907800013,889619078,YVAN DUVAREILLE (MFD),DUVAREILLE (DUVAREILLE),43.39Z,43.39Z,25 CHEMIN DE L'EGLISE 01390 MIONNAY,01390,MIONNAY,01,,,,NN,2020-10-15,1000,P1,API Recherche Entreprises / INSEE Sirene,2026-05-09
89848362300010,898483623,AEB MULTISERVICES (AEB MULTISERVICES),DUPERRIER (DUPERRIER),43.39Z,43.39Z,260 CHEMIN DU GOSSET 01320 CHATENAY,01320,CHATENAY,01,,,,01,2021-04-01,5710,P1,API Recherche Entreprises / INSEE Sirene,2026-05-09
91891402900015,918914029,LEO GILAVERT (LG BAT 01),GILAVERT (GILAVERT),43.39Z,43.39Z,43 RUE BENOIT GATHERON 01290 GRIEGES,01290,GRIEGES,01,,,,NN,2022-09-05,1000,P1,API Recherche Entreprises / INSEE Sirene,2026-05-09
52132535700015,521325357,CEDRIC BERTHO,BERTHO,43.39Z,43.39Z,19 GRANDE RUE 01200 VALSERHONE,01200,VALSERHONE,01,,,,NN,2010-02-01,1000,P1,API Recherche Entreprises / INSEE Sirene,2026-05-09
80494808100018,804948081,ERKAN HOKELEKLI,HOKELEKLI (HOKELEKLI),43.39Z,43.39Z,34 AV SAINT EXUPERY - BELLEGARDE 01200 VALSERHONE,01200,VALSERHONE,01,,,,NN,2014-08-25,1000,P1,API Recherche Entreprises / INSEE Sirene,2026-05-09
80528711700016,805287117,GREGORY GUERIN,GUERIN,43.39Z,43.39Z,95 ROUTE DE LAGNAT 01290 CRUZILLES-LES-MEPILLAT,01290,CRUZILLES-LES-MEPILLAT,01,,,,NN,2014-11-01,1000,P1,API Recherche Entreprises / INSEE Sirene,2026-05-09
93013231100018,930132311,IYAD MAHAMDI,MAHAMDI,43.39Z,43.39Z,CCAS 3 RUE DU BAN THEVENIN 01800 MEXIMIEUX,01800,MEXIMIEUX,01,,,,NN,2024-06-10,1000,P1,API Recherche Entreprises / INSEE Sirene,2026-05-09
80263585400010,802635854,SABERI TERRA,TERRA (TERRA),43.39Z,43.39Z,3 RUE DES DIMES 01000 BOURG-EN-BRESSE,01000,BOURG-EN-BRESSE,01,,,,NN,2014-05-01,1000,P1,API Recherche Entreprises / INSEE Sirene,2026-05-09
53959950600018,539599506,JEREMY ROBESSON,ROBESSON,43.39Z,43.39Z,HAM VALENCIENNES 01140 SAINT-DIDIER-SUR-CHALARONNE,01140,SAINT-DIDIER-SUR-CHALARONNE,01,,,,NN,2012-01-21,1000,P1,API Recherche Entreprises / INSEE Sirene,2026-05-09
53988223300015,539882233,DIDIER BLANC (BRICO SERVICES),BLANC (BLANC),43.39Z,43.39Z,DINGIER 87 CHEMIN DU BAS 01270 SALAVRE,01270,SALAVRE,01,,,,NN,2012-02-01,1000,P1,API Recherche Entreprises / INSEE Sirene,2026-05-09
54003018600030,540030186,LYOCHON MULTI SERVICES,LYOCHON (LYOCHON),43.39Z,43.39Z,256 ROUTE DE TOULON 01340 JAYAT,01340,JAYAT,01,,,,01,2012-02-01,5499,P1,API Recherche Entreprises / INSEE Sirene,2026-05-09
97977611900013,979776119,ROMAIN PILLON,PILLON,43.39Z,43.39Z,870 CHEMIN DE LA MARE CAILLAT 01290 SAINT-ANDRE-D'HUIRIAT,01290,SAINT-ANDRE-D'HUIRIAT,01,,,,NN,2023-09-23,1000,P1,API Recherche Entreprises / INSEE Sirene,2026-05-09
84883115200014,848831152,FACILITE SERVICES,HASSANE (HASSANE),43.39Z,43.39Z,CHATILLON EN MICHAILLE 33 AV MARECHAL LECLERC - BELLEGARDE 01200 VALSERHONE,01200,VALSERHONE,01,,,,NN,2019-02-01,5499,P1,API Recherche Entreprises / INSEE Sirene,2026-05-09
84888096900029,848880969,ROCHDI DERRADJI (MS CLEAN),DERRADJI,43.39Z,43.39Z,44 AVENUE AUGUSTE WISSEL 69250 NEUVILLE-SUR-SAONE,69250,NEUVILLE-SUR-SAONE,69,,,,NN,2019-03-06,1000,P1,API Recherche Entreprises / INSEE Sirene,2026-05-09
84984910400013,849849104,LORIS BERLIOZ DIT SAVORET (LORIS BERLIOZ),BERLIOZ DIT SAVORET (BERLIOZ DIT SAVORET),43.39Z,43.39Z,79 RUE GENERAL VADOT 01000 BOURG-EN-BRESSE,01000,BOURG-EN-BRESSE,01,,,,NN,2019-04-15,1000,P1,API Recherche Entreprises / INSEE Sirene,2026-05-09
93124315800025,931243158,THOMAS CARISEY (TCP),CARISEY,43.39Z,43.39Z,2 ROUTE DE SAINT JULIEN 39160 SAINT-AMOUR,39160,SAINT-AMOUR,39,,,,NN,2024-07-19,1000,P1,API Recherche Entreprises / INSEE Sirene,2026-05-09
88078503500036,880785035,LANDES RENOV',TRZNADEL (TRZNADEL),43.39Z,43.39Z,635 ROUTE DU GAY 40465 PRECHACQ-LES-BAINS,40465,PRECHACQ-LES-BAINS,40,,,,NN,2020-01-20,5499,P1,API Recherche Entreprises / INSEE Sirene,2026-05-09
88372580600011,883725806,YANN JOLLY (EWY SERVICES),JOLLY (JOLLY),43.39Z,43.39Z,117 RUE DU REPOS 01510 ARMIX,01510,ARMIX,01,,,,NN,2020-06-01,1000,P1,API Recherche Entreprises / INSEE Sirene,2026-05-09
88387507200018,883875072,LAURENT SCRIBOT (REVEN),SCRIBOT (SCRIBOT),43.39Z,43.39Z,1251 RUE DE GENEVE 01120 DAGNEUX,01120,DAGNEUX,01,,,,NN,2020-06-01,1000,P1,API Recherche Entreprises / INSEE Sirene,2026-05-09
92478585000018,924785850,PIERRE-ARNAUD NOIRET (PAN),NOIRET,43.39Z,43.39Z,72 CHEMIN DES HUMBERTS 01140 ST-ETIENNE-SUR-CHALARONNE,01140,ST-ETIENNE-SUR-CHALARONNE,01,,,,NN,2024-03-15,1000,P1,API Recherche Entreprises / INSEE Sirene,2026-05-09
98374375800028,983743758,VALENTYN HRYSHAIEV,HRYSHAIEV,43.39Z,43.39Z,18 D RUE PASCAL 01100 OYONNAX,01100,OYONNAX,01,,,,NN,2024-02-01,1000,P1,API Recherche Entreprises / INSEE Sirene,2026-05-09
98399274400018,983992744,CEMAL OZEN (CO NETTOYAGE),OZEN,43.39Z,43.39Z,206 RUE DU PELOCIER 01580 IZERNORE,01580,IZERNORE,01,,,,NN,2024-02-05,1000,P1,API Recherche Entreprises / INSEE Sirene,2026-05-09
91166679000017,911666790,IRISOLAR 27,CREBIER,43.21A,43.21A,BAT F 1200 AVENUE OLIVIER PERROY 13790 ROUSSET,13790,ROUSSET,13,,,,NN,2022-03-14,5710,P1,API Recherche Entreprises / INSEE Sirene,2026-05-09
44005586102730,440055861,SPIE BUILDING SOLUTIONS,GALMICHE,43.21A,43.21A,TSA 90026 - 93484 SAINT OUEN SUR SEINE CEDEX 6 RUE FRUCTIDOR 93400 SAINT-OUEN-SUR-SEINE,93400,SAINT-OUEN-SUR-SEINE,93,,,,51,2001-10-09,5710,P1,API Recherche Entreprises / INSEE Sirene,2026-05-09
94575213700212,945752137,EIFFAGE ENERGIE SYSTEMES - CLEMESSY (EES - CLEMESSY),CHEVALIER (CHEMINAIS),43.21A,43.21A,18 RUE DE THANN 68200 MULHOUSE,68200,MULHOUSE,68,,,,51,1957-01-01,5599,P1,API Recherche Entreprises / INSEE Sirene,2026-05-09
44283546800087,442835468,CONSTRUCTEL CONSTRUCTIONS TELECOMMUNICA.,DA CONCEIÇÃO LOPES,43.21A,43.21A,ZAD DE MORLON 1 RUE JEAN BAPTISTE COROT 26800 PORTES-LES-VALENCE,26800,PORTES-LES-VALENCE,26,,,,42,2002-07-01,5599,P1,API Recherche Entreprises / INSEE Sirene,2026-05-09
97120154600043,971201546,SATELEC (SATELEC),ALLIX,43.21A,43.21A,24 AVENUE DU GENERAL DE GAULLE 91170 VIRY-CHATILLON,91170,VIRY-CHATILLON,91,,,,42,1971-01-01,5710,P1,API Recherche Entreprises / INSEE Sirene,2026-05-09
53870002200345,538700022,SPIE FACILITIES,POUET,43.21A,43.21A,TSA 10027 - 93484 SAINT-OUEN-SUR-SEINE CEDEX 6 RUE FRUCTIDOR 93400 SAINT-OUEN-SUR-SEINE,93400,SAINT-OUEN-SUR-SEINE,93,,,,51,2011-12-19,5710,P1,API Recherche Entreprises / INSEE Sirene,2026-05-09
40986811400425,409868114,INEO INDUSTRIE & TERTIAIRE EST (INEO ITE),DROUGARD,43.21A,43.21A,63 AVENUE DE TAVAUX 21800 CHEVIGNY-SAINT-SAUVEUR,21800,CHEVIGNY-SAINT-SAUVEUR,21,,,,41,1996-11-19,5710,P1,API Recherche Entreprises / INSEE Sirene,2026-05-09
40989912700248,409899127,INEO RHONE ALPES AUVERGNE,CREUS-MUNTAL,43.21A,43.21A,30 RUE AUGUSTE FRESNEL 69800 SAINT-PRIEST,69800,SAINT-PRIEST,69,,,,41,1996-11-20,5710,P1,API Recherche Entreprises / INSEE Sirene,2026-05-09
40989907700237,409899077,INEO NUCLEAIRE,BOUKIL,43.21A,43.21A,6 RUE ALEXANDER FLEMING 69007 LYON,69007,LYON,69,,,,42,1996-11-20,5710,P1,API Recherche Entreprises / INSEE Sirene,2026-05-09
54672007900203,546720079,SOCIETE DE TRAVAUX ELECTRIQUES DU BUGEY (SOTEB),FORVIS MAZARS,43.21A,70.10Z,"AIRPARC, LYON SAINT EXUPERY AEROPORT 160 RUE DE NORVEGE 69124 COLOMBIER-SAUGNIEU",69124,COLOMBIER-SAUGNIEU,69,,,,41,1900-01-01,5710,P1,API Recherche Entreprises / INSEE Sirene,2026-05-09
88388182300016,883881823,MG SERVICES,BBM & ASSOCIES,43.21A,43.21A,2 RUE NEVA 38000 GRENOBLE,38000,GRENOBLE,38,,,,12,2020-05-18,5710,P1,API Recherche Entreprises / INSEE Sirene,2026-05-09
37849964400326,378499644,EIFFAGE ENERGIE SYSTEMES - IT RHONE ALPES (EES - IT RA),DELOITTE & ASSOCIES,43.21A,43.21A,10 BOULEVARD MARCEL DASSAULT 69330 JONAGE,69330,JONAGE,69,,,,31,1990-05-16,5710,P1,API Recherche Entreprises / INSEE Sirene,2026-05-09
55210879701141,552108797,INEO,BACCONNET,43.21A,43.21A,49-51 49 RUE LOUIS BLANC 92400 COURBEVOIE,92400,COURBEVOIE,92,,,,32,1900-01-01,5599,P1,API Recherche Entreprises / INSEE Sirene,2026-05-09
49377416000037,493774160,ISOWATT (TRAVAUX PARTNER-ISORENOVATION-SECURIWATT-ISOSECURE),ARTHAUD & ASSOCIES AUDIT,43.21A,43.22A,22 CHEMIN DU TRONCHON 69570 DARDILLY,69570,DARDILLY,69,,,,12,2006-12-20,5710,P1,API Recherche Entreprises / INSEE Sirene,2026-05-09
92877776200016,928777762,SUNPLIFY,FLACHAIRE,43.21A,43.21A,ESPACE ENTREPRISE GAROSUD 48 RUE CLAUDE BALBASTRE 34070 MONTPELLIER,34070,MONTPELLIER,34,,,,NN,2024-05-14,5710,P1,API Recherche Entreprises / INSEE Sirene,2026-05-09
52525219300053,525252193,GREGORY GARCIA,GARCIA (GARCIA),43.21A,43.21A,BAS MONTAGNEUX 01990 SAINT-TRIVIER-SUR-MOIGNANS,01990,SAINT-TRIVIER-SUR-MOIGNANS,01,,,,NN,2010-10-01,1000,P1,API Recherche Entreprises / INSEE Sirene,2026-05-09
31014711100028,310147111,PIERAUT ELECTRICITE,JOURNOT,43.21A,43.21A,1 RUE DU BIEF D'ARGENT 39160 SAINT-AMOUR,39160,SAINT-AMOUR,39,,,,12,1964-01-01,5710,P1,API Recherche Entreprises / INSEE Sirene,2026-05-09
53791578700130,537915787,CEGELEC ENERGIE CENTRE EST (ACTEMIUM MAINTENANCE LYON METROPOLE),CLAUZEL,43.21A,43.21A,245 AVENUE HENRI SCHNEIDER 69330 MEYZIEU,69330,MEYZIEU,69,,,,22,2011-11-16,5710,P1,API Recherche Entreprises / INSEE Sirene,2026-05-09
40232938700045,402329387,ERIC CARTET (CREST MULTISERVICES),CARTET (CARTET),43.21A,43.21A,77 ALL DE FONTALIS 26400 CREST,26400,CREST,26,,,,NN,1995-10-03,1000,P1,API Recherche Entreprises / INSEE Sirene,2026-05-09
40031130400069,400311304,INSTALLATIONS ELECTRIQUES ENTRETIEN IEE,BALOUZAT (BALOUZAT),43.21A,43.21A,27 RUE SAINTE BARBE 69110 SAINTE-FOY-LES-LYON,69110,SAINTE-FOY-LES-LYON,69,,,,01,1995-01-01,5499,P1,API Recherche Entreprises / INSEE Sirene,2026-05-09
51862062000014,518620620,MEHI-DINE BOUHADJAR,BOUHADJAR,43.21A,43.21A,BALLON 13 RUE DU CHATEAU DE BALLON 01200 VALSERHONE,01200,VALSERHONE,01,,,,NN,2009-12-10,1000,P1,API Recherche Entreprises / INSEE Sirene,2026-05-09
80522312000033,805223120,JULIEN FAVIER (CREAELEC'),FAVIER (FAVIER),43.21A,43.21A,100 IMPASSE DE COURS D’AMONT 01340 FOISSIAT,01340,FOISSIAT,01,,,,NN,2014-09-06,1000,P1,API Recherche Entreprises / INSEE Sirene,2026-05-09
66204928700052,662049287,SPIE NUCLEAIRE,SNYKERQUE,43.21A,43.21A,95863 CERGY PONTOISE CEDEX 10 AVENUE DE L'ENTREPRISE 95800 CERGY,95800,CERGY,95,,,,42,1992-04-15,5710,P1,API Recherche Entreprises / INSEE Sirene,2026-05-09
53791524100021,537915241,CEGELEC PAYS DE SAVOIE,BLANCHARD,43.21A,43.21A,ZI DES EPINETTES 147 ALLEE DES BLACHERES 73000 CHAMBERY,73000,CHAMBERY,73,,,,21,2011-11-16,5710,P1,API Recherche Entreprises / INSEE Sirene,2026-05-09
53791572000149,537915720,ELGIE,CLAUZEL,43.21A,43.21A,ETAGE 1 - EST 60 CHEMIN DU MOULIN CARRON 69570 DARDILLY,69570,DARDILLY,69,,,,21,2011-11-16,5710,P1,API Recherche Entreprises / INSEE Sirene,2026-05-09
41876764600015,418767646,SDEL DAUPHINE SAVOIE,BLANCHET,43.21A,43.21A,ZI DU BOURNET 12 RUE JEAN MOULIN 38180 SEYSSINS,38180,SEYSSINS,38,,,,21,1998-05-01,5710,P1,API Recherche Entreprises / INSEE Sirene,2026-05-09
91064917700037,910649177,YASSINE OBERBEK (OBELEC),OBERBEK (OBERBEK),43.21A,43.21A,40 LA COUR DES MIRACLES 01550 POUGNY,01550,POUGNY,01,,,,01,2022-02-23,1000,P1,API Recherche Entreprises / INSEE Sirene,2026-05-09
41864733500094,418647335,CEGELEC CENTRE EST TERTIAIRE SAS,RIBEIRO,43.21A,43.21A,1 CHEMIN DU PILON 01700 SAINT-MAURICE-DE-BEYNOST,01700,SAINT-MAURICE-DE-BEYNOST,01,,,,21,1998-04-29,5710,P1,API Recherche Entreprises / INSEE Sirene,2026-05-09
37862008200024,378620082,BABOLAT ELECTRICITE,ALLOIN (ALLOIN),43.21A,43.21A,416 RUE DU CHATEAU 69480 LACHASSAGNE,69480,LACHASSAGNE,69,,,,12,1990-07-09,5710,P1,API Recherche Entreprises / INSEE Sirene,2026-05-09
83403677400026,834036774,SYLVAIN VICENTE (AIN-ELEC-POOL-SERVICE),VICENTE (VICENTE),43.21A,43.21A,41 PLACE DE LA GARE 01250 TOSSIAT,01250,TOSSIAT,01,,,,NN,2017-09-29,1000,P1,API Recherche Entreprises / INSEE Sirene,2026-05-09
44800069500032,448000695,THIERRY MERLE,MERLE (MERLE),43.21A,43.21A,3 ALLEE DES PLATANES 01800 MEXIMIEUX,01800,MEXIMIEUX,01,,,,00,2003-04-02,1000,P1,API Recherche Entreprises / INSEE Sirene,2026-05-09
44982659300047,449826593,BRUNO VALLE,VALLE (VALLE),43.21A,49.41B,49 RUE JOSEPH MOURARET 38230 CHAVANOZ,38230,CHAVANOZ,38,,,,NN,2003-09-01,1000,P1,API Recherche Entreprises / INSEE Sirene,2026-05-09
31540167900206,315401679,COTEB CODIEL (COTEB CODIEL) (COTEB),CHOLLETON,43.21A,43.21A,54 CHEMIN DE VIEILLEY 25000 BESANCON,25000,BESANCON,25,,,,12,1979-01-01,5710,P1,API Recherche Entreprises / INSEE Sirene,2026-05-09
79170779700035,791707797,STOYAN ANDRIC (STO),ANDRIC (ANDRIC),43.21A,43.21A,261 ALLEE DE LA ZONE DU VIEUX MOULIN 74270 MUSIEGES,74270,MUSIEGES,74,,,,NN,2013-03-01,1000,P1,API Recherche Entreprises / INSEE Sirene,2026-05-09
79184050700036,791840507,SYLVAIN ARMAND (LA FINCA),ARMAND (ARMAND),43.21A,01.50Z,80 IMPASSE DU THIVON 01390 MONTHIEUX,01390,MONTHIEUX,01,,,,NN,2013-03-13,1000,P1,API Recherche Entreprises / INSEE Sirene,2026-05-09
81016906000011,810169060,EXCELEC SASU (EXCELEC SASU),LABID,43.21A,43.21A,21 RUE DES NYMPHEAS 01130 LES NEYROLLES,01130,LES NEYROLLES,01,,,,01,2015-03-16,5710,P1,API Recherche Entreprises / INSEE Sirene,2026-05-09
40387532100040,403875321,FRANCOIS BESSE,BESSE (BESSE),43.21A,43.21A,11 BOULEVARD DE CHANTEMERLE 73100 AIX-LES-BAINS,73100,AIX-LES-BAINS,73,,,,NN,1996-01-23,1000,P1,API Recherche Entreprises / INSEE Sirene,2026-05-09
38980483200019,389804832,ARBANDESBORDES,ARBAN (ARBAN),43.21A,43.21A,154 ROUTE DES BRUYERES 01340 MALAFRETAZ,01340,MALAFRETAZ,01,,,,03,1993-01-01,5499,P1,API Recherche Entreprises / INSEE Sirene,2026-05-09
38017859000010,380178590,SPIE ENERTRANS,VANHOVE,43.21A,43.21A,PARC SAINT CHRISTOPHE 10 AVENUE DE L'ENTREPRISE 95800 CERGY,95800,CERGY,95,,,,NN,1990-11-28,5710,P1,API Recherche Entreprises / INSEE Sirene,2026-05-09
33777734600038,337777346,ALAIN BROCARD,BROCARD,43.21A,43.21A,RUE DU CENTRE 01090 GUEREINS,01090,GUEREINS,01,,,,NN,1986-05-12,1000,P1,API Recherche Entreprises / INSEE Sirene,2026-05-09
82298680800035,822986808,ENERGIES SERVICES FRANCE,MEZIERES,43.21A,43.21A,83 AVENUE DES JOURDIES 74800 SAINT-PIERRE-EN-FAUCIGNY,74800,SAINT-PIERRE-EN-FAUCIGNY,74,,,,11,2016-10-02,5710,P1,API Recherche Entreprises / INSEE Sirene,2026-05-09
82452847500018,824528475,CHRISTOPHE SAINT MARTIN (C.L'ELEC RENOVATION),SAINT MARTIN (SAINT MARTIN),43.21A,43.21A,6 IMPASSE RICHARD 69100 VILLEURBANNE,69100,VILLEURBANNE,69,,,,NN,2016-12-22,1000,P1,API Recherche Entreprises / INSEE Sirene,2026-05-09
82537294900024,825372949,JEREMIE DOGAN (HDJ ELEC),DOGAN (DOGAN),43.21A,43.21A,21 RUE LA COMBE 01100 ARBENT,01100,ARBENT,01,,,,NN,2017-02-01,1000,P1,API Recherche Entreprises / INSEE Sirene,2026-05-09
83188034900012,831880349,BVELECPLOMBERIE,SAINT-CAST,43.21A,43.21A,90 ALLEE DU CHATEAU DE CHALLES 01000 BOURG-EN-BRESSE,01000,BOURG-EN-BRESSE,01,,,,02,2017-07-03,5710,P1,API Recherche Entreprises / INSEE Sirene,2026-05-09
48288903700040,482889037,SOC D'EXPLOITATION DES ETS BART'ELEC (BART'ELEC),BARTOLOMUCCI (BARTOLOMUCCI),43.21A,43.21A,ZI EST 355 ROUTE DE THIL 01700 BEYNOST,01700,BEYNOST,01,,,,03,2005-05-01,5710,P1,API Recherche Entreprises / INSEE Sirene,2026-05-09
85361149900015,853611499,ENVIDIA SYSTEMS,LACOM,43.21A,43.21A,150 RUE DE LA GRANDE CHARRIERE 01120 LA BOISSE,01120,LA BOISSE,01,,,,02,2019-09-05,5710,P1,API Recherche Entreprises / INSEE Sirene,2026-05-09
43941895500019,439418955,LOFFI DRIDI,DRIDI (DRIDI),43.21A,43.21A,GROUPE SCOLAIRE FIOLAZ 01200 ELOISE,01200,ELOISE,74,,,,NN,2001-10-04,1000,P1,API Recherche Entreprises / INSEE Sirene,2026-05-09
44493272700050,444932727,LA MAISON TECHNIQUE (LA MAISON TECHNIQUE),SIMONNET (SIMONNET),43.21A,43.21A,BATIMENT G 60 RUE DE L'EGALITE 69800 SAINT-PRIEST,69800,SAINT-PRIEST,69,,,,02,2003-01-02,5710,P1,API Recherche Entreprises / INSEE Sirene,2026-05-09
84396896700029,843968967,DAVID JOLY (APPLI'ELEC),JOLY (JOLY),43.21A,43.21A,546 LES CENDRES 01320 CHALAMONT,01320,CHALAMONT,01,,,,01,2018-11-01,5710,P1,API Recherche Entreprises / INSEE Sirene,2026-05-09
77935014900026,779350149,JEAN MARTIN (MARTIN ELECTRICITE),MARTIN,43.21A,43.21A,74 AVENUE DE BRESSE 01460 MONTREAL-LA-CLUSE,01460,MONTREAL-LA-CLUSE,01,,,,NN,1967-01-01,1000,P1,API Recherche Entreprises / INSEE Sirene,2026-05-09
93096398800025,930963988,SAS KAYA (THERMYS ENERGY),KAYA,43.21A,43.21A,21-23 RUE D'ARSONVAL 69680 CHASSIEU,69680,CHASSIEU,69,,,,NN,2024-06-27,5710,P1,API Recherche Entreprises / INSEE Sirene,2026-05-09
88014858000017,880148580,AIN'TENSION ELECTRICITE (AIN'TENSION ELECTRICITE) (ATE),BANC (BANC),43.21A,43.21A,87 GRANDE RUE 01350 CRESSIN-ROCHEFORT,01350,CRESSIN-ROCHEFORT,01,,,,02,2020-01-01,5499,P1,API Recherche Entreprises / INSEE Sirene,2026-05-09
88101247000020,881012470,MAXIME SAGNIEZ,SAGNIEZ (SAGNIEZ),43.21A,43.21A,3 RUE DE PERNES 62550 MAREST,62550,MAREST,62,,,,NN,2019-10-27,1000,P1,API Recherche Entreprises / INSEE Sirene,2026-05-09
88464621700015,884646217,JEREMIE HALEP,HALEP (HALEP),43.21A,56.10C,7 CHEMIN DES BRUYERES 38230 TIGNIEU-JAMEYZIEU,38230,TIGNIEU-JAMEYZIEU,38,,,,NN,2020-06-12,1000,P1,API Recherche Entreprises / INSEE Sirene,2026-05-09
92313876200011,923138762,NEW ELEC SARL,DEMIRI (DEMIRI),43.21A,70.10Z,AV LOUIS-CASAI 37 LES AVANCHETS SUISSE,,,,,,,NN,2023-01-01,3120,P2,API Recherche Entreprises / INSEE Sirene,2026-05-09
99935506800019,999355068,MP VILLA,PLOUJOUX,43.21A,70.10Z,312 RUE DES TERRASSES 01710 THOIRY,01710,THOIRY,01,,,,NN,2026-01-01,5499,P1,API Recherche Entreprises / INSEE Sirene,2026-05-09
93472703300011,934727033,"CBRE GWS ESPAÑA, S.L.",GIFON GEB BRENDEL,43.21A,70.10Z,CALLE MIGUEL YUSTE NUMERO 6 3E E 28037  MADRID ESPAGNE,28037,,,,,,NN,2024-01-01,3120,P2,API Recherche Entreprises / INSEE Sirene,2026-05-09
94824700200017,948247002,ADEL SBS,HILLAIRET-FALZON (HILLAIRET-FALZON),43.21A,43.21A,254 RUE VENDOME 69003 LYON,69003,LYON,69,,,,NN,2023-01-16,5710,P1,API Recherche Entreprises / INSEE Sirene,2026-05-09
93526167700014,935261677,TERRE ET LAC CONSTRUCTION,TERRE ET LAC,43.21A,43.21A,10 COURS DE VERDUN RAMBAUD 69002 LYON,69002,LYON,69,,,,NN,2024-10-29,5710,P1,API Recherche Entreprises / INSEE Sirene,2026-05-09
42002948000035,420029480,POLY DESIGN HABITAT,MOREL (MOREL),43.21A,43.21A,5 COURS DE VERDUN 01100 OYONNAX,01100,OYONNAX,01,,,,02,1998-08-01,5499,P1,API Recherche Entreprises / INSEE Sirene,2026-05-09
42103554400012,421035544,CHRISTIAN NEVEU ELECTRICITE,LUZY (LUZY),43.21A,43.21A,CHE DE LA TOUR 01000 SAINT-DENIS-LES-BOURG,01000,SAINT-DENIS-LES-BOURG,01,,,,11,1998-04-01,5499,P1,API Recherche Entreprises / INSEE Sirene,2026-05-09
38437864200019,384378642,SARL DURAND GAY,GAY (GAY),43.21A,43.21A,20 GR GRANDE RUE 01140 THOISSEY,01140,THOISSEY,01,,,,NN,1991-12-31,5499,P1,API Recherche Entreprises / INSEE Sirene,2026-05-09
30919346400067,309193464,ETABLISSEMENTS LAURENT FRERES ELECTRICITE GENERALE,BARON,43.21A,43.21A,147 B AVENUE PIERRE DUMOND 69290 CRAPONNE,69290,CRAPONNE,69,,,,NN,1973-01-01,5599,P1,API Recherche Entreprises / INSEE Sirene,2026-05-09
43778011700010,437780117,BRUNO THOUBILLON,THOUBILLON (THOUBILLON),43.21A,43.21A,LE VERGER BILLON 01450 CERDON,01450,CERDON,01,,,,01,2001-06-01,1000,P1,API Recherche Entreprises / INSEE Sirene,2026-05-09
80095811800013,800958118,DLPE,DI PAOLA,43.21A,43.21A,3 IMPASSE DE LA SAVINIERE 01480 SAVIGNEUX,01480,SAVIGNEUX,01,,,,NN,2014-03-24,5710,P1,API Recherche Entreprises / INSEE Sirene,2026-05-09
80146707700013,801467077,S.SEB,SASSO,43.21A,43.21A,4 RUE LAENNEC 01100 OYONNAX,01100,OYONNAX,01,,,,01,2014-04-01,5499,P1,API Recherche Entreprises / INSEE Sirene,2026-05-09
80743751200013,807437512,GENOUX ELECTRICITE,GENOUX,43.21A,43.21A,5 RUE DES MONTS-D'AIN 01130 NANTUA,01130,NANTUA,01,,,,03,2014-10-27,5710,P1,API Recherche Entreprises / INSEE Sirene,2026-05-09
80256819600017,802568196,FRANCIS PACCAUD,PACCAUD,43.21A,43.21A,377 RTE DE LA TERRASSE 01380 BAGE-DOMMARTIN,01380,BAGE-DOMMARTIN,01,,,,NN,2014-06-02,1000,P1,API Recherche Entreprises / INSEE Sirene,2026-05-09
81390181600021,813901816,ZEST,D'ADAMO,43.21A,70.10Z,24 IMPASSE DU MOLLARD 38460 ANNOISIN-CHATELANS,38460,ANNOISIN-CHATELANS,38,,,,03,2015-10-01,5710,P1,API Recherche Entreprises / INSEE Sirene,2026-05-09
48473431400020,484734314,NICOLAS COTTE,COTTE,43.21A,43.21A,6 CHEMIN DES FEUILLEES 01320 CHATENAY,01320,CHATENAY,01,,,,NN,2005-10-24,1000,P1,API Recherche Entreprises / INSEE Sirene,2026-05-09
48422137900049,484221379,FREDERIC EVRARD (EVRARD RENOVATIONS),EVRARD (EVRARD),43.21A,43.21A,36 CHE DU VERGER 01300 ARBOYS EN BUGEY,01300,ARBOYS EN BUGEY,01,,,,NN,2005-10-01,1000,P1,API Recherche Entreprises / INSEE Sirene,2026-05-09
53259786100022,532597861,DAUJAT VIAL ELEC',DAUJAT (DAUJAT),43.21A,43.21A,ZI LA TULERIE 36 RUE DE L'INDUSTRIE 01540 VONNAS,01540,VONNAS,01,,,,03,2011-05-16,5499,P1,API Recherche Entreprises / INSEE Sirene,2026-05-09
53477597800016,534775978,MAXIME TRAPP,TRAPP,43.21A,43.21A,RESIDENCE LA CLOSERIE 696 CHEMIN DU MAS DE ROCHET 34170 CASTELNAU-LE-LEZ,34170,CASTELNAU-LE-LEZ,34,,,,NN,2011-09-03,1000,P1,API Recherche Entreprises / INSEE Sirene,2026-05-09
53791549800225,537915498,VINCI ENERGIES INTERNATIONAL & SYSTEMS,GONCALVES AFONSO,43.21A,43.21A,280 RUE DU 8 MAI 1945 78360 MONTESSON,78360,MONTESSON,78,,,,12,2011-11-16,5710,P1,API Recherche Entreprises / INSEE Sirene,2026-05-09
53832794100034,538327941,GOYON ELEC SERVICES (G E S),GOYON (GOYON),43.21A,43.21A,495 RUE BARNARD 01400 CHATILLON-SUR-CHALARONNE,01400,CHATILLON-SUR-CHALARONNE,01,,,,NN,2011-12-06,5499,P1,API Recherche Entreprises / INSEE Sirene,2026-05-09
30223851400046,302238514,OISELON ELECTRICITE,,43.21A,43.21A,2 RUE DU DOCTEUR GREZEL 01130 NANTUA,01130,NANTUA,01,,,,NN,1971-01-01,5499,P1,API Recherche Entreprises / INSEE Sirene,2026-05-09
44838800900038,448388009,REGIS TENAND,TENAND (TENAND),43.21A,43.21A,29 RUE GAMBETTA 01150 LAGNIEU,01150,LAGNIEU,01,,,,01,2002-11-27,1000,P1,API Recherche Entreprises / INSEE Sirene,2026-05-09
44932800400014,449328004,MELOTTE INSTALLATIETECHNIEK B V,,43.21A,43.21A,LIMMELDERWEG 6 6222 PB PAYS-BAS,,,,,,,NN,2001-08-01,3120,P2,API Recherche Entreprises / INSEE Sirene,2026-05-09
45031710200058,450317102,ABDELKADER GUESSOUM (GUESSELEC),GUESSOUM (GUESSOUM),43.21A,43.21A,26 RUE DES CARMES 01100 OYONNAX,01100,OYONNAX,01,,,,NN,2003-10-01,1000,P1,API Recherche Entreprises / INSEE Sirene,2026-05-09
43425490000013,434254900,CHRISTOPHE POUILLAT,POUILLAT (POUILLAT),43.21A,43.21A,277 CHEMIN DES RIPPES DES BIOTS 01440 VIRIAT,01440,VIRIAT,01,,,,01,2001-01-22,1000,P1,API Recherche Entreprises / INSEE Sirene,2026-05-09
50182725700038,501827257,MAINTENANCE ELEC (MAINTENANCE ELEC),ANGELI (ANGELI),43.21A,70.10Z,8 D RUE CHARLES TARDY 01000 BOURG-EN-BRESSE,01000,BOURG-EN-BRESSE,01,,,,01,2008-01-14,5499,P1,API Recherche Entreprises / INSEE Sirene,2026-05-09
80040859300013,800408593,STEVEN GAMBIER,GAMBIER,43.21A,43.21A,53 RTE RUE DU NORD 07350 CRUAS,07350,CRUAS,07,,,,NN,2014-01-23,1000,P1,API Recherche Entreprises / INSEE Sirene,2026-05-09
83940432400015,839404324,SERVICE EXPRESS,DERHOSSIKIAN,43.21A,43.21A,VILLA 38 42 CHEMIN DES BAUMILLONS 13015 MARSEILLE,13015,MARSEILLE,13,,,,00,2018-03-28,5710,P1,API Recherche Entreprises / INSEE Sirene,2026-05-09
83142805700010,831428057,YVES LARCIN (ALL ELECTRICAL),LARCIN (LARCIN),43.21A,43.21A,4 B RUE DE L’EGLISE 01630 SAINT-GENIS-POUILLY,01630,SAINT-GENIS-POUILLY,01,,,,NN,2017-08-16,1000,P1,API Recherche Entreprises / INSEE Sirene,2026-05-09
82978950200020,829789502,REMI VINCENT (VINCENT REMI),VINCENT (VINCENT),43.21A,43.21A,LE BIOLAY 01990 SAINT-TRIVIER-SUR-MOIGNANS,01990,SAINT-TRIVIER-SUR-MOIGNANS,01,,,,NN,2017-01-02,1000,P1,API Recherche Entreprises / INSEE Sirene,2026-05-09
88480313100017,884803131,JONATHAN BATHIAS,BATHIAS (BATHIAS),43.21A,43.21A,150 IMPASSE DE L’AUBEPIN 01660 CHAVEYRIAT,01660,CHAVEYRIAT,01,,,,NN,2020-06-15,1000,P1,API Recherche Entreprises / INSEE Sirene,2026-05-09
89487351200012,894873512,EASY TECH (NEW PHONE),MARTOS (MARTOS),43.21A,43.21A,53 IMPASSE DU CHENE 38460 SAINT-ROMAIN-DE-JALIONAS,38460,SAINT-ROMAIN-DE-JALIONAS,38,,,,02,2021-03-08,5499,P1,API Recherche Entreprises / INSEE Sirene,2026-05-09
84340969900017,843409699,VARIOEDGE SP. Z O. O.,,43.21A,70.10Z,BP JOZEFA SEBASTIANA PELCZARA NR 6C RZESZOW POLOGNE,,,,,,,NN,2018-01-01,3220,P2,API Recherche Entreprises / INSEE Sirene,2026-05-09
88513696000014,885136960,KITECH SYSTEMS (KITECH SYSTEMS),BLOUZARD (BLOUZARD),43.21A,43.21A,256 IMPASSE DU FOULON 01290 LAIZ,01290,LAIZ,01,,,,01,2020-07-09,5499,P1,API Recherche Entreprises / INSEE Sirene,2026-05-09
88912910200014,889129102,LA BATIE GESSIENNE,LE LAN (LE LAN),43.21A,43.21A,LOTISSEMENT DES CHENES 30 D ROUTE DES VIGNES 01170 CESSY,01170,CESSY,01,,,,02,2020-10-01,5499,P1,API Recherche Entreprises / INSEE Sirene,2026-05-09
91219484200015,912194842,FIBRAIN SP Z OO,SABAJ,43.21A,70.10Z,ZACZERNIE 190F ZACZERNIE POLOGNE,,,,,,,NN,2022-04-01,3220,P2,API Recherche Entreprises / INSEE Sirene,2026-05-09
83357094800012,833570948,OLIVIER HUMBERT (HO ELECTRICITE),HUMBERT (HUMBERT),43.21A,43.21A,25 ROUTE DU PONT NEUF 01851 MARBOZ,01851,MARBOZ,01,,,,NN,2017-12-01,1000,P1,API Recherche Entreprises / INSEE Sirene,2026-05-09
75009927700014,750099277,MUSTAFA GURAN,GURAN (GURAN),43.21A,43.21A,20 RUE SAINTE MARIE 01300 BELLEY,01300,BELLEY,01,,,,01,2012-03-05,1000,P1,API Recherche Entreprises / INSEE Sirene,2026-05-09
75089959300016,750899593,OMER TUNC (TUNCSAT),TUNC (TUNC),43.21A,43.21A,3 RUE BERTHELOT 01100 OYONNAX,01100,OYONNAX,01,,,,NN,2012-04-02,1000,P1,API Recherche Entreprises / INSEE Sirene,2026-05-09
75113146700019,751131467,DAVID BESSEAU (DB ELEC),BESSEAU (BESSEAU),43.21A,43.21A,LIEU DIT LA CROIX 01190 ARBIGNY,01190,ARBIGNY,01,,,,NN,2012-05-01,1000,P1,API Recherche Entreprises / INSEE Sirene,2026-05-09
53248820200062,532488202,RAFFAELE MUZIO (R.MULTISERVICES),MUZIO (MUZIO),43.21A,43.21A,215 RUE HELENE BOUCHER 69140 RILLIEUX-LA-PAPE,69140,RILLIEUX-LA-PAPE,69,,,,01,2011-06-01,1000,P1,API Recherche Entreprises / INSEE Sirene,2026-05-09
53261177900028,532611779,AV RENOVATION (AV RENOVATION),VOLPE (VOLPE),43.21A,43.21A,2960 CHEMIN DU BEAU LOGIS 01390 MIONNAY,01390,MIONNAY,01,,,,NN,2011-06-01,5710,P1,API Recherche Entreprises / INSEE Sirene,2026-05-09
53269100300018,532691003,BRICE ELEC (BRICE ELEC),LAURENT (LAURENT),43.21A,43.21A,DOMAINE DU PARC BATIMENT 1 54 RUE MARCEL ET IDA DEMIA 01500 AMBERIEU-EN-BUGEY,01500,AMBERIEU-EN-BUGEY,01,,,,NN,2011-06-01,5499,P1,API Recherche Entreprises / INSEE Sirene,2026-05-09
53351224000037,533512240,PLX SYSTEMES,BOZINO (BOZINO),43.21A,43.21A,8 ALLEE DES COMBES 01150 BLYES,01150,BLYES,01,,,,NN,2011-07-04,5499,P1,API Recherche Entreprises / INSEE Sirene,2026-05-09
53351445100012,533514451,ETUDES CONCEPTION CABLAGES ELECTRIQUES (E.C.C.E),NARANJO (JOMAIN),43.21A,43.21A,LE PERRAT 521 IMP DU GRAND CHENE LE PERRAT 01480 FAREINS,01480,FAREINS,01,,,,NN,2011-07-05,5710,P1,API Recherche Entreprises / INSEE Sirene,2026-05-09
84193966300016,841939663,UNICIA,GROUPE ISERBA INVEST,43.22A,70.10Z,303 RUE DU CHAT BOTTE ZAC DES MALETTES 01700 BEYNOST,01700,BEYNOST,01,,,,21,2018-08-30,5710,P1,API Recherche Entreprises / INSEE Sirene,2026-05-09
43316659200066,433166592,DAVID CANCEL,CANCEL,43.22A,43.22A,LIEU-DIT MARIEU 38 ROUTE DU SERVERIN 38390 PORCIEU-AMBLAGNIEU,38390,PORCIEU-AMBLAGNIEU,38,,,,NN,2000-10-04,1000,P1,API Recherche Entreprises / INSEE Sirene,2026-05-09
94787354300013,947873543,BCI SOLUTIONS,BC GROUPE,43.22A,43.22A,190 AVENUE DE L’INDUSTRIE 19130 OBJAT,19130,OBJAT,19,,,,11,2022-12-23,5710,P1,API Recherche Entreprises / INSEE Sirene,2026-05-09
80282418500010,802824185,SETIM SAV (SETIM SAV),DE LIBERO,43.22A,43.22A,ACTIPOLE DE LA FONDERIE 470 ROUTE DU TILLEUL 69270 CAILLOUX-SUR-FONTAINES,69270,CAILLOUX-SUR-FONTAINES,69,,,,12,2014-01-20,5499,P1,API Recherche Entreprises / INSEE Sirene,2026-05-09
45073070000033,450730700,SETIM,DE LIBERO,43.22A,43.22A,ACTIPOLE DE LA FONDERIE ROUTE DU TILLEUL 69270 CAILLOUX-SUR-FONTAINES,69270,CAILLOUX-SUR-FONTAINES,69,,,,21,2003-11-04,5499,P1,API Recherche Entreprises / INSEE Sirene,2026-05-09
51002124900022,510021249,DIMITRI GUINET,GUINET,43.22A,43.22A,421 RUE D’ANSE 69400 VILLEFRANCHE-SUR-SAONE,69400,VILLEFRANCHE-SUR-SAONE,69,,,,NN,2009-01-15,1000,P1,API Recherche Entreprises / INSEE Sirene,2026-05-09
77320096900030,773200969,ETABLISSEMENTS GREGIS GOYFFON,GOYFFON (GOYFFON),43.22A,43.22A,CREPIAT 01460 NURIEUX-VOLOGNAT,01460,NURIEUX-VOLOGNAT,01,,,,01,1964-01-01,5499,P1,API Recherche Entreprises / INSEE Sirene,2026-05-09
90318406700036,903184067,EFIKA PLOMBERIE CHAUFFAGE (EFIKA PLOMBERIE CHAUFFAGE),KOMBI MOUYON (KOMBI MOUYON),43.22A,43.22A,174 ROUTE D'ANNECY 74370 CHARVONNEX,74370,CHARVONNEX,74,,,,01,2021-09-01,5499,P1,API Recherche Entreprises / INSEE Sirene,2026-05-09
50329415900010,503294159,B Y P,BERNARD,43.22A,43.22A,324 ROUTE DE MARJON 69510 SOUCIEU-EN-JARREST,69510,SOUCIEU-EN-JARREST,69,,,,NN,2008-03-13,5499,P1,API Recherche Entreprises / INSEE Sirene,2026-05-09
52956866900020,529568669,DE ALMEIDA PLOMBERIE SERVICES,PINHEIRO DE ALMEIDA,43.22A,43.22A,1 CHEMIN DE FAMINE 01700 NEYRON,01700,NEYRON,01,,,,01,2011-01-03,5499,P1,API Recherche Entreprises / INSEE Sirene,2026-05-09
50967732400014,509677324,ALAIN TANTILLO,TANTILLO (TANTILLO),43.22A,43.22A,LES BOULETS 54 IMPASSE DE LONGEVILLE 01660 CHAVEYRIAT,01660,CHAVEYRIAT,01,,,,01,2009-02-03,1000,P1,API Recherche Entreprises / INSEE Sirene,2026-05-09
53753202000022,537532020,OLITEC PLOMBERIE,CLAVERT,43.22A,43.22A,511 AVENUE CHARLES DE GAULLE 01150 LAGNIEU,01150,LAGNIEU,01,,,,03,2011-10-15,5710,P1,API Recherche Entreprises / INSEE Sirene,2026-05-09
39841937400036,398419374,THIERRY DARNAND,DARNAND,43.22A,43.22A,83 CHE DU CLOS VUILLARD 01370 VAL-REVERMONT,01370,VAL-REVERMONT,01,,,,NN,1994-10-03,1000,P1,API Recherche Entreprises / INSEE Sirene,2026-05-09
40872038100040,408720381,SARL NEVORET REGIS,NEVORET (NEVORET),43.22A,43.22A,ZA DE MALAVAL 25 CHEMIN DES JAROIS 01851 MARBOZ,01851,MARBOZ,01,,,,02,1996-07-01,5499,P1,API Recherche Entreprises / INSEE Sirene,2026-05-09
44786200400010,447862004,ENTREPRISE VOLLAND,VOLLAND (VOLLAND),43.22A,43.22A,6 RUE DU GRAND FOUR 01800 MEXIMIEUX,01800,MEXIMIEUX,01,,,,01,2003-04-01,5710,P1,API Recherche Entreprises / INSEE Sirene,2026-05-09
42139914800020,421399148,AIN MAINTENANCE THERMIQUE - AMT,AH-SON (AH-SON),43.22A,43.22A,9003 RUE DE LA TOUR 01000 SAINT-DENIS-LES-BOURG,01000,SAINT-DENIS-LES-BOURG,01,,,,02,1999-01-02,5710,P1,API Recherche Entreprises / INSEE Sirene,2026-05-09
78889872400034,788898724,AH-SON ALEXANDRE (AH-SON),AH-SON (AH-SON),43.22A,43.22A,9003 RUE DE LA TOUR 01000 SAINT-DENIS-LES-BOURG,01000,SAINT-DENIS-LES-BOURG,01,,,,11,2012-11-01,5499,P1,API Recherche Entreprises / INSEE Sirene,2026-05-09
80982002000042,809820020,MC RENOV,CARUSO (CARUSO),43.22A,70.10Z,202 ALLEE DES PETITES COMBES 01700 BEYNOST,01700,BEYNOST,01,,,,01,2015-03-01,5499,P1,API Recherche Entreprises / INSEE Sirene,2026-05-09
38417793700073,384177937,PHILIPPE BRACHET (BPC),BRACHET,43.22A,43.22A,ZAC LES GARILLANS 294 RUE DE LA TUILERIE 83520 ROQUEBRUNE-SUR-ARGENS,83520,ROQUEBRUNE-SUR-ARGENS,83,,,,NN,1992-01-06,1000,P1,API Recherche Entreprises / INSEE Sirene,2026-05-09
39031157900010,390311579,SARL BOLOMIER BURDEYRON,BOLOMIER (BOLOMIER),43.22A,43.22A,117 CHEMIN DU PETIT BOIS 01270 VERJON,01270,VERJON,01,,,,02,1993-02-22,5499,P1,API Recherche Entreprises / INSEE Sirene,2026-05-09
85227495000041,852274950,COSTEUX SANITAIRES (SAS COSTEUX SANITAIRES),FULLIN,43.22A,43.22A,130 RUE ANATOLE FRANCE 01100 OYONNAX,01100,OYONNAX,01,,,,01,2019-06-13,5710,P1,API Recherche Entreprises / INSEE Sirene,2026-05-09
52083065400023,520830654,FRANCK CORTINOVIS (FRANCK CORTINOVIS PLOMBERIE CHAUFFAGE),CORTINOVIS (CORTINOVIS),43.22A,43.22A,99 ROUTE DE BRAILLE 01300 BELLEY,01300,BELLEY,01,,,,01,2010-04-02,1000,P1,API Recherche Entreprises / INSEE Sirene,2026-05-09
87874910000029,878749100,DEPANN'1STALL (RENOVA EXPERTISE),BOUTGHATINE (BOUTGHATINE),43.22A,43.22A,LES MARAIS 147 RUE DU MONT ROND 01630 SAINT-GENIS-POUILLY,01630,SAINT-GENIS-POUILLY,01,,,,01,2019-11-05,5710,P1,API Recherche Entreprises / INSEE Sirene,2026-05-09
88766714500015,887667145,ACTION PLOMBERIE,PALEYRON (PALEYRON),43.22A,43.22A,179 RUE DU CHAMP DEVANT ROTHONOD 01300 CHAZEY-BONS,01300,CHAZEY-BONS,01,,,,01,2020-07-01,5499,P1,API Recherche Entreprises / INSEE Sirene,2026-05-09
80235174200019,802351742,TL CHAUFFAGE,LOZINE,43.22A,43.22A,499 RUE DE L'EGLISETTE 01100 OYONNAX,01100,OYONNAX,01,,,,02,2014-04-24,5710,P1,API Recherche Entreprises / INSEE Sirene,2026-05-09
90491012200012,904910122,ANGELINI PLOMBERIE,ANGELINI,43.22A,70.10Z,360 AVENUE DE CHAMPAGNE 69009 LYON,69009,LYON,69,,,,NN,2021-09-01,5499,P1,API Recherche Entreprises / INSEE Sirene,2026-05-09
89987915900031,899879159,ENTREPRISE LESEIGNEUR (ENTREPRISE LESEIGNEUR),LESEIGNEUR,43.22A,43.22A,21 RUE NEUVE 01510 ARTEMARE,01510,ARTEMARE,01,,,,03,2021-06-01,5499,P1,API Recherche Entreprises / INSEE Sirene,2026-05-09
98537510400017,985375104,MIKAIL SAPCI (THERMO ENERGIE),SAPCI,43.22A,43.22A,9 RUE DES GENTIANES 01100 OYONNAX,01100,OYONNAX,01,,,,NN,2024-06-28,1000,P1,API Recherche Entreprises / INSEE Sirene,2026-05-09
95098717200018,950987172,LOIC ROUSSEY,ROUSSEY,43.22A,43.22A,184 RUE DE TENAY 01110 PLATEAU D'HAUTEVILLE,01110,PLATEAU D'HAUTEVILLE,01,,,,NN,2023-03-09,1000,P1,API Recherche Entreprises / INSEE Sirene,2026-05-09
94017530000018,940175300,PMPC,PRINCIPATO,43.22A,43.22A,5 RUE PASTEUR 01480 JASSANS-RIOTTIER,01480,JASSANS-RIOTTIER,01,,,,NN,2025-01-28,5499,P1,API Recherche Entreprises / INSEE Sirene,2026-05-09
79006016400023,790060164,GREGOIRE MATHELIN,MATHELIN (MATHELIN),43.22A,43.22A,HAMEAU RAPAN 57 IMPASSE DES VERCHERES 01800 PEROUGES,01800,PEROUGES,01,,,,NN,2013-01-01,1000,P1,API Recherche Entreprises / INSEE Sirene,2026-05-09
80025992100040,800259921,R.A.R.H. (RHONE ALPES RENOVATION HABITAT) (RARH),PEZON (PEZON),43.22A,43.22A,4 ROUTE DE STRASBOURG 69300 CALUIRE-ET-CUIRE,69300,CALUIRE-ET-CUIRE,69,,,,NN,2014-01-16,5710,P1,API Recherche Entreprises / INSEE Sirene,2026-05-09
76520067000022,765200670,FINAS,FINAS,43.22A,43.22A,65 CHEMIN DES ORFEVRES 01600 TREVOUX,01600,TREVOUX,01,,,,02,1965-01-01,5499,P1,API Recherche Entreprises / INSEE Sirene,2026-05-09
77220149700041,772201497,SARL DOUZET,BERTHAUD,43.22A,43.22A,10 RUE DES PETITES COMBES 01700 BEYNOST,01700,BEYNOST,01,,,,12,1972-01-01,5499,P1,API Recherche Entreprises / INSEE Sirene,2026-05-09
48889988100012,488899881,LOISON GERARD'S,LOISON (LOISON),43.22A,43.22A,60 DOMAINE DES GRANDES TERRES 01330 AMBERIEUX-EN-DOMBES,01330,AMBERIEUX-EN-DOMBES,01,,,,12,2006-02-16,5499,P1,API Recherche Entreprises / INSEE Sirene,2026-05-09
38176658300052,381766583,NOUVELLE VAGUE (NOUVELLE VAGUE),WEPPE (WEPPE),43.22A,43.22A,70 RUE DE LA FONTAINE SUCREE 01170 CROZET,01170,CROZET,01,,,,NN,1991-04-01,5499,P1,API Recherche Entreprises / INSEE Sirene,2026-05-09
52060246700026,520602467,LAURENT GOUTTENOIRE,GOUTTENOIRE (GOUTTENOIRE),43.22A,43.22A,4 RUE DE LA MORELLIERE 69290 GREZIEU-LA-VARENNE,69290,GREZIEU-LA-VARENNE,69,,,,NN,2009-12-01,1000,P1,API Recherche Entreprises / INSEE Sirene,2026-05-09
52304943500036,523049435,FABIEN GROS (CONCEPT PLOMBERIE CHAUFFAGE),GROS (GROS),43.22A,43.22A,115 ROUTE DE LA CROIX DE FER 69640 RIVOLET,69640,RIVOLET,69,,,,NN,2010-05-16,1000,P1,API Recherche Entreprises / INSEE Sirene,2026-05-09
39789583000016,397895830,SARL ENTREPRISE MIGUET,VIOT (VIOT),43.22A,43.22A,136 RUE DR TEMPORAL 01230 SAINT-RAMBERT-EN-BUGEY,01230,SAINT-RAMBERT-EN-BUGEY,01,,,,01,1994-07-01,5499,P1,API Recherche Entreprises / INSEE Sirene,2026-05-09
43416176600010,434161766,STEPHANE MANIGAND,MANIGAND (MANIGAND),43.22A,43.22A,350 ROUTE DE LOEZE 01380 SAINT-CYR-SUR-MENTHON,01380,SAINT-CYR-SUR-MENTHON,01,,,,NN,2001-01-03,1000,P1,API Recherche Entreprises / INSEE Sirene,2026-05-09
50413812400046,504138124,PROMAX ENERGIES (ENTREPRISE ADOUANE),ADOUANE (ADOUANE),43.22A,43.22A,250 RUE DE PALVERNE 01700 MIRIBEL,01700,MIRIBEL,01,,,,01,2008-04-01,5499,P1,API Recherche Entreprises / INSEE Sirene,2026-05-09
81751889700019,817518897,ETS TRAINA,TRAINA (TRAINA),43.22A,43.22A,441 RUE DE VILLENEUVE 01300 GROSLEE-SAINT-BENOIT,01300,GROSLEE-SAINT-BENOIT,01,,,,02,2016-01-02,5710,P1,API Recherche Entreprises / INSEE Sirene,2026-05-09
85281614900011,852816149,AOUANE CONCEPT,AOUANE (AOUANE),43.22A,43.22A,63 RUE ANDRE BOLLIER 69007 LYON,69007,LYON,69,,,,NN,2019-07-23,5710,P1,API Recherche Entreprises / INSEE Sirene,2026-05-09
83977112800015,839771128,2M AIN-ENERGIE (2M AIN ENERGIE),MARMONIER (MARMONIER),43.22A,43.22A,1 ALLEE DES CAVETS 01370 VAL-REVERMONT,01370,VAL-REVERMONT,01,,,,02,2018-06-01,5710,P1,API Recherche Entreprises / INSEE Sirene,2026-05-09
89363824700013,893638247,STEPHANE PIPITONE,PIPITONE (PIPITONE),43.22A,43.22A,[NON-DIFFUSIBLE],[NON-DIFFUSIBLE],VILLEURBANNE,69,,,,NN,2021-01-01,1000,P1,API Recherche Entreprises / INSEE Sirene,2026-05-09
85013719100019,850137191,DEPANEX DEPANNAGE PLOMBERIE (DEPANEX DEPANNAGE PLOMBERIE),OLIVA (OLIVA),43.22A,43.22A,CS 10306 33 QUAI ARLOING 69009 LYON,69009,LYON,69,,,,01,2019-04-09,5499,P1,API Recherche Entreprises / INSEE Sirene,2026-05-09
90918669400016,909186694,DAMIEN BOSSIERE (DB RENOV),BOSSIERE (BOSSIERE),43.22A,43.22A,11 RUE DES PRAIRIES 38460 SAINT-ROMAIN-DE-JALIONAS,38460,SAINT-ROMAIN-DE-JALIONAS,38,,,,NN,2022-01-24,1000,P1,API Recherche Entreprises / INSEE Sirene,2026-05-09
90529005200034,905290052,MELYS GROUP FRANCE,QUERIAT (QUERIAT),43.22A,43.22A,4 RUE LEONTINE VIBERT 73200 ALBERTVILLE,73200,ALBERTVILLE,73,,,,NN,2021-10-08,5710,P1,API Recherche Entreprises / INSEE Sirene,2026-05-09
94889868900013,948898689,DISTRIBAT - CONCEPT - RENOVATION,BAPTISTA,43.22A,43.22A,33 RUE DE LA REPUBLIQUE 69002 LYON,69002,LYON,69,,,,01,2023-02-01,5710,P1,API Recherche Entreprises / INSEE Sirene,2026-05-09
93418940800016,934189408,BAMV SERVICES,BARRAGO,43.22A,43.22A,123 B CHEMIN DU MILIEU 01700 BEYNOST,01700,BEYNOST,01,,,,NN,2024-10-01,5499,P1,API Recherche Entreprises / INSEE Sirene,2026-05-09
74989011700015,749890117,JEROME GUINOT,GUINOT (GUINOT),43.22A,43.22A,PRESSIAT 602 RTE DU REVERMONT 01370 VAL-REVERMONT,01370,VAL-REVERMONT,01,,,,NN,2012-02-07,1000,P1,API Recherche Entreprises / INSEE Sirene,2026-05-09
75015864400013,750158644,TONY DA SILVA (TONY DA SILVA PLOMBERIE CHAUFFAGE),DA SILVA (DA SILVA),43.22A,43.22A,6 IMPASSE DES OISEAUX 01540 VONNAS,01540,VONNAS,01,,,,NN,2012-04-01,1000,P1,API Recherche Entreprises / INSEE Sirene,2026-05-09
75077890400029,750778904,D&C PLOMBERIE CHAUFFAGE,DAMIANI (DAMIANI),43.22A,43.22A,14 ALLEE DES ROSES 01150 LAGNIEU,01150,LAGNIEU,01,,,,NN,2012-04-02,5499,P1,API Recherche Entreprises / INSEE Sirene,2026-05-09
75119981100017,751199811,JEROME HILAIRE (FIL D'O),HILAIRE (HILAIRE),43.22A,43.22A,445 CHEMIN VERT 01600 SAINTE-EUPHEMIE,01600,SAINTE-EUPHEMIE,01,,,,01,2012-05-02,1000,P1,API Recherche Entreprises / INSEE Sirene,2026-05-09
53314323600016,533143236,SERVILLAT (SERVILLAT),SERVILLAT (SERVILLAT),43.22A,43.22A,ZONE ARTISANALE SAINT AMOUZE 01250 MONTAGNAT,01250,MONTAGNAT,01,,,,01,2011-06-01,5710,P1,API Recherche Entreprises / INSEE Sirene,2026-05-09
53388565300014,533885653,CHRISTIAN CRUZ,CRUZ (CRUZ),43.22A,43.22A,PLACE DE L’EGLISE 01230 TORCIEU,01230,TORCIEU,01,,,,NN,2011-05-23,1000,P1,API Recherche Entreprises / INSEE Sirene,2026-05-09
53844981000026,538449810,STEPHANE CHABOT (ENTREPRISE CHABOT STEPHANE),CHABOT (CHABOT),43.22A,43.22A,874 CHEMIN DE GRABOZ 01140 SAINT-ETIENNE-SUR-CHALARONNE,01140,SAINT-ETIENNE-SUR-CHALARONNE,01,,,,01,2012-01-02,1000,P1,API Recherche Entreprises / INSEE Sirene,2026-05-09
53847629200023,538476292,FRANCK DROUET (DROUET PLOMBERIE),DROUET (DROUET),43.22A,43.22A,198 RUE DU FOUR A CHAUX 01700 MIRIBEL,01700,MIRIBEL,01,,,,NN,2011-12-01,1000,P1,API Recherche Entreprises / INSEE Sirene,2026-05-09
53883731100017,538837311,FREDERIC MOLLEX (MOLLEX),MOLLEX (MOLLEX),43.22A,43.22A,PUTHIER 337 RUE DE LA ROCHE 01420 CORBONOD,01420,CORBONOD,01,,,,NN,2011-12-04,1000,P1,API Recherche Entreprises / INSEE Sirene,2026-05-09
53918756700018,539187567,PLOMBERIE CREA CONCEPT (P C C),PAYET (PAYET),43.22A,43.22A,33 RTE DE CHAMP-JUPON 01230 TENAY,01230,TENAY,01,,,,NN,2012-01-23,5499,P1,API Recherche Entreprises / INSEE Sirene,2026-05-09
53922037600021,539220376,PASCAL CHERON (P.CHERON),CHERON,43.22A,43.22A,3 IMPASSE DU TOISON 01800 MEXIMIEUX,01800,MEXIMIEUX,01,,,,NN,2012-01-17,1000,P1,API Recherche Entreprises / INSEE Sirene,2026-05-09
51118553000066,511185530,ADRIEN DIAZ (DIAZ PLOMBERIE),DIAZ (DIAZ),43.22A,43.22A,328 CHEMIN DE GRANGE DEBOUT 01700 BEYNOST,01700,BEYNOST,01,,,,NN,2009-03-19,1000,P1,API Recherche Entreprises / INSEE Sirene,2026-05-09
52940046700047,529400467,ANTHONY KADDAD (E-T-P),KADDAD (KADDAD),43.22A,43.22A,LIEU-DIT DES FEUILLEES 25 B CHEMIN DES FEUILLEES 01320 CHATENAY,01320,CHATENAY,01,,,,01,2011-01-01,1000,P1,API Recherche Entreprises / INSEE Sirene,2026-05-09
53031069700020,530310697,DONCQUES PLOMBERIE MULTISERVICES (D.P.M.S.),DONCQUES (DONCQUES),43.22A,43.22A,18 ROUTE DE GIRON 01800 CHARNOZ-SUR-AIN,01800,CHARNOZ-SUR-AIN,01,,,,NN,2011-02-10,5499,P1,API Recherche Entreprises / INSEE Sirene,2026-05-09
50986469000011,509864690,GUY POMADE,POMADE (POMADE),43.22A,43.22A,VEYZIAT 144 RUE DE CHANAY 01100 OYONNAX,01100,OYONNAX,01,,,,NN,2009-01-14,1000,P1,API Recherche Entreprises / INSEE Sirene,2026-05-09
52325720200011,523257202,SANI-THERMY,GONTHIER (GONTHIER),43.22A,43.22A,CHEMIN DU PETIT ETANG 01320 CHALAMONT,01320,CHALAMONT,01,,,,NN,2010-06-28,5499,P1,API Recherche Entreprises / INSEE Sirene,2026-05-09
52436489000029,524364890,AMAREL,GUILLEMIN (GUILLEMIN),43.22A,43.22A,BAT GUIPUZCOA  APT 333 1 ALLEE DES JARDINS D' ARCADIE 64600 ANGLET,64600,ANGLET,64,,,,NN,2010-07-21,5499,P1,API Recherche Entreprises / INSEE Sirene,2026-05-09
53429606600036,534296066,DAVID CASSA (DC PLOMBERIE),SAURA (CASSA),43.22A,43.22A,RESIDENCE LE MOULIN 65 CHEMIN DE LA VERSIERE 01420 CORBONOD,01420,CORBONOD,01,,,,01,2011-09-01,1000,P1,API Recherche Entreprises / INSEE Sirene,2026-05-09
53472115400027,534721154,GILLES MOUREAU (RENOV ET NEUF SERVICES),MOUREAU,43.22A,43.22A,11 FAUBOURG SAINT NICOLAS 71290 PRETY,71290,PRETY,71,,,,02,2011-09-12,1000,P1,API Recherche Entreprises / INSEE Sirene,2026-05-09
75329468500015,753294685,SEBASTIEN BETTENFELD,BETTENFELD (BETTENFELD),43.22A,43.22A,6 LOT. LE DOMAINE DE PERRIER 01360 LOYETTES,01360,LOYETTES,01,,,,NN,2012-07-10,1000,P1,API Recherche Entreprises / INSEE Sirene,2026-05-09
77120120900026,771201209,ENTREPRISE BAGGIO JEAN SARL,BAGGIO (CHAPUIS),43.22A,43.22A,ROUTE DE GENEVE ROUTE DE GENEVE 01130 NANTUA,01130,NANTUA,01,,,,NN,1964-01-01,5499,P1,API Recherche Entreprises / INSEE Sirene,2026-05-09
77310184500065,773101845,CHRISTIAN JUILLARD,JUILLARD,43.22A,43.22A,C/O FDC FINANCES  ACAJOU 2 LOTISSEMENT LES HAUTS DE CALIFORNIE 97232 LE LAMENTIN,97232,LE LAMENTIN,972,,,,NN,1973-01-01,1000,P1,API Recherche Entreprises / INSEE Sirene,2026-05-09
42026533200056,420265332,TONY DEPAIX,DEPAIX (DEPAIX),43.22A,43.22A,537 CHEMIN DE CHAMOUX 01150 LAGNIEU,01150,LAGNIEU,01,,,,01,1998-10-05,1000,P1,API Recherche Entreprises / INSEE Sirene,2026-05-09
39761004900074,397610049,SOCIETE OPERATIONNELLE DE SERVICES+ (SOS+),MILANI,43.22A,43.22A,A ROUTE DE LYON 73160 SAINT-CASSIN,73160,SAINT-CASSIN,73,,,,02,1994-07-04,5499,P1,API Recherche Entreprises / INSEE Sirene,2026-05-09
39769697200033,397696972,JUSTIN,JMS,43.22A,43.22A,31 B RUE VUILLERMOZ BALLAND 01100 OYONNAX,01100,OYONNAX,01,,,,01,1994-07-01,5710,P1,API Recherche Entreprises / INSEE Sirene,2026-05-09
41165029400035,411650294,CYRIL JACOB (J C GAZ),JACOB (JACOB),43.22A,43.22A,25 ALLEE DU PARC 01120 MONTLUEL,01120,MONTLUEL,01,,,,NN,1997-04-08,1000,P1,API Recherche Entreprises / INSEE Sirene,2026-05-09
41165125000028,411651250,DENIS ZENTILE,ZENTILE (ZENTILE),43.22A,43.22A,PROULIEU 60 RUE DU RHONE 01150 LAGNIEU,01150,LAGNIEU,01,,,,NN,1997-04-08,1000,P1,API Recherche Entreprises / INSEE Sirene,2026-05-09
41266558000038,412665580,SARL MARC PONCET,PONCET (PONCET),43.22A,43.22A,665 A ROUTE DU REVERMONT 01270 COLIGNY,01270,COLIGNY,01,,,,02,1997-07-03,5499,P1,API Recherche Entreprises / INSEE Sirene,2026-05-09
10319050000019,103190500,MUHAMMED HALEP (ENERIS),HALEP,43.22A,43.22A,513 RUE DU CARILLON 01360 LOYETTES,01360,LOYETTES,01,,,,NN,2026-04-01,1000,P1,API Recherche Entreprises / INSEE Sirene,2026-05-09
10333076700015,103330767,L&B PLOMBERIE (L&B PLOMBERIE),BARRY,43.22A,43.22A,85 RUE DES FRERES SERPOLLET 01350 CULOZ-BEON,01350,CULOZ-BEON,01,,,,NN,2026-04-03,5710,P1,API Recherche Entreprises / INSEE Sirene,2026-05-09
10357795300013,103577953,MEHDI CHERKI (AQUA URGENCE DEPANNAGE),CHERKI,43.22A,43.22A,53 PLACE DU CHATEAU 01370 MEILLONNAS,01370,MEILLONNAS,01,,,,NN,2026-04-01,1000,P1,API Recherche Entreprises / INSEE Sirene,2026-05-09
10372814300019,103728143,YOHAN AIMAIN (SOLYPLOMB),AIMAIN,43.22A,43.22A,BATIMENT B 62 CHEMIN DU PEUPLE 01330 AMBERIEUX-EN-DOMBES,01330,AMBERIEUX-EN-DOMBES,01,,,,NN,2026-05-02,1000,P1,API Recherche Entreprises / INSEE Sirene,2026-05-09
39867276600027,398672766,ROYER ENERGIES,NOIRAIX (NOIRAIX),43.22A,43.22A,Z A LA COLLONGE 1137 CHEMIN DES GRANDS MOULINS 69400 GLEIZE,69400,GLEIZE,69,,,,NN,1994-10-01,5499,P1,API Recherche Entreprises / INSEE Sirene,2026-05-09
37749068500023,377490685,BALLUFFIER DESMARIS,JULU,43.22A,43.22A,223 ROUTE DE THOISSEY 01290 LAIZ,01290,LAIZ,01,,,,03,1990-04-02,5710,P1,API Recherche Entreprises / INSEE Sirene,2026-05-09
83891387900022,838913879,AHMED ZEMEL (AZ SERVICES),ZEMEL,43.22A,43.22A,38 RUE DU SABOTIER 01500 SAINT-MAURICE-DE-REMENS,01500,SAINT-MAURICE-DE-REMENS,01,,,,NN,2018-05-01,1000,P1,API Recherche Entreprises / INSEE Sirene,2026-05-09
83891937100024,838919371,S.P.C. RANDOT MATHIEU (SOLUTION PLOMBERIE CHAUFFAGE),MARTA (MARTA),43.22A,43.22A,122 IMPASSE DE CHAMPAGNE 01140 SAINT-ETIENNE-SUR-CHALARONNE,01140,SAINT-ETIENNE-SUR-CHALARONNE,01,,,,02,2018-04-06,5710,P1,API Recherche Entreprises / INSEE Sirene,2026-05-09
83898662800017,838986628,ALBAN MOLIERE,MOLIERE (MOLIERE),43.22A,43.22A,1836 RTE DU PLAN D'EAU 01370 VAL-REVERMONT,01370,VAL-REVERMONT,01,,,,02,2018-05-01,5499,P1,API Recherche Entreprises / INSEE Sirene,2026-05-09
83902113600016,839021136,BATIT TOUT,RIGHETTI,43.22A,43.22A,BELLEGARDE SUR VALSERINE 7 RUE DU NANT GALY 01200 VALSERHONE,01200,VALSERHONE,01,,,,NN,2018-05-02,5710,P1,API Recherche Entreprises / INSEE Sirene,2026-05-09
83922713900012,839227139,ANTHONY PUIG (ANTHONY PLOMBERIE),PUIG (PUIG),43.22A,43.22A,49 VOIE LE GRUIZET 01800 SAINT-ELOI,01800,SAINT-ELOI,01,,,,NN,2018-05-02,1000,P1,API Recherche Entreprises / INSEE Sirene,2026-05-09
84193093600015,841930936,PIERRE-YVES RAVIER,RAVIER (RAVIER),43.22A,43.22A,5 RUE FERRACHAT 01340 MONTREVEL-EN-BRESSE,01340,MONTREVEL-EN-BRESSE,01,,,,NN,2018-09-01,1000,P1,API Recherche Entreprises / INSEE Sirene,2026-05-09
84047766500029,840477665,CD PLOMBERIE,CHENOT,43.22A,43.22A,1 ALLEE DES ROSES 01100 ARBENT,01100,ARBENT,01,,,,01,2018-06-15,5710,P1,API Recherche Entreprises / INSEE Sirene,2026-05-09
83285088700031,832850887,YACINE KAMOUNI (BY PASSE PLOMBERIE),KAMOUNI,43.22A,43.22A,9 RUE DES MARGUERITES 01000 BOURG-EN-BRESSE,01000,BOURG-EN-BRESSE,01,,,,NN,2017-11-01,1000,P1,API Recherche Entreprises / INSEE Sirene,2026-05-09
44773249600016,447732496,SARL VITTE DIDIER,VITTE (VITTE),43.22A,43.22A,182 ROUTE DE PONT DE VAUX 01750 REPLONGES,01750,REPLONGES,01,,,,01,2003-04-01,5499,P1,API Recherche Entreprises / INSEE Sirene,2026-05-09
45071385400013,450713854,BOIS ET FILS,BOIS,43.22A,43.22A,VESENEX 1211 CHEMIN DE RECREDOZ 01220 DIVONNE-LES-BAINS,01220,DIVONNE-LES-BAINS,01,,,,00,2003-10-01,5499,P1,API Recherche Entreprises / INSEE Sirene,2026-05-09
45149623600014,451496236,SLDI,LEBON (LEBON),43.22A,43.22A,8 RUE DE CHANTEBRUNE 01090 MONTMERLE-SUR-SAONE,01090,MONTMERLE-SUR-SAONE,01,,,,01,2004-01-02,5710,P1,API Recherche Entreprises / INSEE Sirene,2026-05-09
43286181300033,432861813,FREDERIC DA SILVA,DA SILVA (DA SILVA),43.22A,43.22A,367 ROUTE DE BRESSE 01160 DRUILLAT,01160,DRUILLAT,01,,,,NN,2000-10-03,1000,P1,API Recherche Entreprises / INSEE Sirene,2026-05-09
42099843700016,420998437,AGAZZI,AGAZZI (AGAZZI),43.22A,43.22A,BELLEGARDE SUR VALSERINE 269 RUE DU RHONE 01200 VALSERHONE,01200,VALSERHONE,01,,,,01,1998-10-02,5710,P1,API Recherche Entreprises / INSEE Sirene,2026-05-09
43385694500012,433856945,D D S F (DDSF),FERNANDES (FERNANDES),43.22A,43.22A,19 CHEMIN DU COURRIER 01800 VILLIEU-LOYES-MOLLON,01800,VILLIEU-LOYES-MOLLON,01,,,,NN,2000-12-01,5499,P1,API Recherche Entreprises / INSEE Sirene,2026-05-09
43424953800027,434249538,WALT-PIERRE MACHELIDON (AAP PLOMBERIE),MACHELIDON (MACHELIDON),43.22A,43.22A,9 PLACE DE L'EGLISE 01450 PONCIN,01450,PONCIN,01,,,,NN,2001-01-22,1000,P1,API Recherche Entreprises / INSEE Sirene,2026-05-09
43495295800016,434952958,JEAN-PHILIPPE LASSERRE,LASSERRE (LASSERRE),43.22A,43.22A,61 RUE PARADIS 01150 LAGNIEU,01150,LAGNIEU,01,,,,NN,2001-04-09,1000,P1,API Recherche Entreprises / INSEE Sirene,2026-05-09
53175702900024,531757029,CAP SUD FRANCE,MAIRE,43.22B,43.22B,85 RUE CONDORCET 38090 VAULX-MILIEU,38090,VAULX-MILIEU,38,,,,NN,2011-04-01,5499,P1,API Recherche Entreprises / INSEE Sirene,2026-05-09
30134058407439,301340584,ENGIE HOME SERVICES (CGST),VANDENBROUCK,43.22B,43.22B,17EME ETAGE A LA TOUR EGEE 11 ALLEE DE L'ARCHE 92400 COURBEVOIE,92400,COURBEVOIE,92,,,,51,1974-01-01,5710,P1,API Recherche Entreprises / INSEE Sirene,2026-05-09
33487372602318,334873726,PROXISERVE,BOUSQUET,43.22B,43.22B,155-159 155 RUE ANATOLE FRANCE 92300 LEVALLOIS-PERRET,92300,LEVALLOIS-PERRET,92,,,,51,1986-01-01,5710,P1,API Recherche Entreprises / INSEE Sirene,2026-05-09
62722004900654,627220049,HERVE THERMIQUE,HERVE,43.22B,43.22B,14 RUE DENIS PAPIN 37300 JOUE-LES-TOURS,37300,JOUE-LES-TOURS,37,,,,51,1972-01-01,5710,P1,API Recherche Entreprises / INSEE Sirene,2026-05-09
31023970200338,310239702,SODEXO JUSTICE SERVICES (SIGES),CASGRAIN,43.22B,43.22B,6 RUE DE LA REDOUTE 78280 GUYANCOURT,78280,GUYANCOURT,78,,,,32,1989-12-12,5710,P1,API Recherche Entreprises / INSEE Sirene,2026-05-09
79379728300363,793797283,ISERBA,DEGORCE,43.22B,43.22B,ZAC DES MALETTES 303 RUE DU CHAT BOTTE 01700 BEYNOST,01700,BEYNOST,01,,,,41,2013-06-20,5710,P1,API Recherche Entreprises / INSEE Sirene,2026-05-09
40846821300223,408468213,E 2 S,AGUESSE,43.22B,35.30Z,15 A AVENUE ALBERT EINSTEIN 69100 VILLEURBANNE,69100,VILLEURBANNE,69,,,,32,1996-07-01,5710,P1,API Recherche Entreprises / INSEE Sirene,2026-05-09
47973926000012,479739260,CIE EUROPEENNE DE SERVICE CIAL (CESC),BOUTHENET,43.22B,46.43Z,13 BOULEVARD MONGE 69330 MEYZIEU,69330,MEYZIEU,69,,,,32,2005-01-01,5202,P1,API Recherche Entreprises / INSEE Sirene,2026-05-09
35178274300246,351782743,GARANKA SUD EST,GOSSART,43.22B,43.22B,PARC ALTAIS 55 RUE URANUS 74650 CHAVANOD,74650,CHAVANOD,74,,,,22,1989-09-01,5710,P1,API Recherche Entreprises / INSEE Sirene,2026-05-09
79810081400044,798100814,ISO CHAUFF'CONFORT,PICCINI (PICCINI),43.22B,43.22B,BATIMENT B 150 RUE GEORGES CHARPAK 01390 CIVRIEUX,01390,CIVRIEUX,01,,,,12,2013-10-11,5710,P1,API Recherche Entreprises / INSEE Sirene,2026-05-09
51830281500072,518302815,ALEXANDRE BERTHIER ENERGIES (AB ENERGIES),BERTHIER,43.22B,43.22B,ZI DES DRAGIEZ 35 AVENUE JEAN MORIN 74800 LA ROCHE-SUR-FORON,74800,LA ROCHE-SUR-FORON,74,,,,11,2009-11-19,5499,P1,API Recherche Entreprises / INSEE Sirene,2026-05-09
41502280500063,415022805,ALTIVEC (ALTIVEC),COGERA EXPERTISE,43.22B,43.22B,170 CHEMIN DE PAISY 69760 LIMONEST,69760,LIMONEST,69,,,,12,1998-01-01,5710,P1,API Recherche Entreprises / INSEE Sirene,2026-05-09
87865273400020,878652734,SOLUFROID (SOLUFROID),GROUPE NOUVIAN,43.22B,43.22B,ZI DE LA PLAINE DE L'AIN ALL DES PRUNUS BAT.LES BACCOLIERS 01150 BLYES,01150,BLYES,01,,,,03,2019-11-01,5710,P1,API Recherche Entreprises / INSEE Sirene,2026-05-09
81985520600044,819855206,GROUPE ROY ENERGIE,AUCEA AUDIT,43.22B,43.22B,23 RUE GONDRELIER 28310 TOURY,28310,TOURY,28,,,,22,2016-03-25,5710,P1,API Recherche Entreprises / INSEE Sirene,2026-05-09
53867523200010,538675232,"COMSA INSTALACIONES Y SISTEMAS INDUSTRIALES, S.A",AGUILERA OSUNA,43.22B,70.10Z,32 BD AVINGUDA ROMA 25 27 08029 BARCELONE ESPAGNE,,,,,,,21,2011-11-25,3120,P2,API Recherche Entreprises / INSEE Sirene,2026-05-09
84049991700036,840499917,NEXENERGY (NEXENERGY),DUBOC (DUBOC),43.22B,43.22B,6 RUE DE PARIS 69210 L ARBRESLE,69210,L ARBRESLE,69,,,,NN,2018-06-20,5710,P1,API Recherche Entreprises / INSEE Sirene,2026-05-09
33256883100058,332568831,ESSAM (TECHNI SERVICE LYON),ANDERLAINE AUDIT,43.22B,43.22B,65 B RUE ALEXANDRE DUMAS 69120 VAULX-EN-VELIN,69120,VAULX-EN-VELIN,69,,,,12,1985-04-01,5710,P1,API Recherche Entreprises / INSEE Sirene,2026-05-09
79220413300021,792204133,ELWIS PADOVAN (E-P CLIM ELEC),PADOVAN (PADOVAN),43.22B,43.22B,460 RUE DU LEVANT 01360 LOYETTES,01360,LOYETTES,01,,,,NN,2013-03-30,1000,P1,API Recherche Entreprises / INSEE Sirene,2026-05-09
48433452900027,484334529,NATHERM,DUCRET (DUCRET),43.22B,43.22B,1129 CHEMIN DES GRANDS MOULINS 69400 GLEIZE,69400,GLEIZE,69,,,,11,2005-10-01,5710,P1,API Recherche Entreprises / INSEE Sirene,2026-05-09
49114864900024,491148649,THERMI-LACS (THERMI-LACS),CHAUVIN (CHAUVIN),43.22B,43.22B,14 LOTISSEMENT LA CONDAMINE 39270 LA TOUR-DU-MEIX,39270,LA TOUR-DU-MEIX,39,,,,NN,2006-08-01,5499,P1,API Recherche Entreprises / INSEE Sirene,2026-05-09
52057160500044,520571605,HBE (BIO VOLT. HBE AUTOS. HABITAT ET BIEN-ETRE. BIO RENOV' PALAZZ) (H.B.E),DESGEORGES (DESGEORGES),43.22B,43.22B,44 RUE DU 8 MAI 1945 69650 QUINCIEUX,69650,QUINCIEUX,69,,,,11,2010-03-01,5710,P1,API Recherche Entreprises / INSEE Sirene,2026-05-09
50381730600031,503817306,ELITE ENERGIE,MONTORO (MONTORO),43.22B,43.22B,4 LOTISSEMENT LES DOUZE 01390 SAINT-JEAN-DE-THURIGNEUX,01390,SAINT-JEAN-DE-THURIGNEUX,01,,,,01,2008-04-15,5499,P1,API Recherche Entreprises / INSEE Sirene,2026-05-09
89745868300017,897458683,REGUL'WOOD,CAUDY,43.22B,43.22B,ROUTE DEPARTEMENTALE 66 PARC D'ACTIVIT RUE LINDBERG 01600 MASSIEUX,01600,MASSIEUX,01,,,,03,2021-04-01,5710,P1,API Recherche Entreprises / INSEE Sirene,2026-05-09
91780748900047,917807489,TAVIX FRANCE,ALTOREVIA HOLDING,43.22B,43.22B,4 RUE DES HAUTAINS 01630 SAINT-GENIS-POUILLY,01630,SAINT-GENIS-POUILLY,01,,,,01,2022-06-24,5710,P1,API Recherche Entreprises / INSEE Sirene,2026-05-09
91800241100018,918002411,EMT CHAUFFAGE (EMT CHAUFFAGE),BOUTON,43.22B,43.22B,183 CHEMIN DE LA BASSE BRETONNIERE 01440 VIRIAT,01440,VIRIAT,01,,,,01,2022-06-28,5710,P1,API Recherche Entreprises / INSEE Sirene,2026-05-09
91507450400027,915074504,ALEXANDRE ROTHENFLUE (CLIMA LEX SERVICE),ROTHENFLUE,43.22B,43.22B,26 RUE DE WECKOLSHEIM 68600 DESSENHEIM,68600,DESSENHEIM,68,,,,NN,2021-10-01,1000,P1,API Recherche Entreprises / INSEE Sirene,2026-05-09
88146801100013,881468011,KEVIN CLERE (C+),CLERE (CLERE),43.22B,43.22B,9 RUE DE SAVOIE 01250 CEYZERIAT,01250,CEYZERIAT,01,,,,NN,2020-02-11,1000,P1,API Recherche Entreprises / INSEE Sirene,2026-05-09
91103353800016,911033538,AEFP ENERGIES,POINSOT,43.22B,43.22B,153 RUE DU TREMBLET 01800 SAINT-JEAN-DE-NIOST,01800,SAINT-JEAN-DE-NIOST,01,,,,01,2022-03-01,5499,P1,API Recherche Entreprises / INSEE Sirene,2026-05-09
97819581600019,978195816,BATI ECO ENERGIES,PAOLI,43.22B,43.22B,IMPASSE CHRISTIAN BARNARD 01400 CHATILLON-SUR-CHALARONNE,01400,CHATILLON-SUR-CHALARONNE,01,,,,NN,2023-07-27,5710,P1,API Recherche Entreprises / INSEE Sirene,2026-05-09
79121146900022,791211469,COULEUR FEU (COULEUR FEU) (COULEUR FEU),ROUGEMONT (ROUGEMONT),43.22B,43.22B,ZA CLAPE LOUP 3 RUE DES MARRONNIERS 69280 SAINTE-CONSORCE,69280,SAINTE-CONSORCE,69,,,,02,2013-02-12,5499,P1,API Recherche Entreprises / INSEE Sirene,2026-05-09
79217783400050,792177834,SOCIETE D'EXPLOITATION RHONE ALPES DE DEPANNAGE POUR LES EQUIPEMENTS DES PARTICULIERS ET DES PROFESSIONNELS (SERADEPP) (SERADEPP),GOMEZ,43.22B,43.22B,346 RUE DE L'ARTISANAT 01800 VILLIEU-LOYES-MOLLON,01800,VILLIEU-LOYES-MOLLON,01,,,,02,2013-03-22,5499,P1,API Recherche Entreprises / INSEE Sirene,2026-05-09
48390583200026,483905832,CAVIFROID (CAVIFROID),CAVICHIOLI (CAVICHIOLI),43.22B,43.22B,269 RUE DES ROGATIONS 01150 SAINT-VULBAS,01150,SAINT-VULBAS,01,,,,02,2005-09-26,5499,P1,API Recherche Entreprises / INSEE Sirene,2026-05-09
43966710600025,439667106,SORHOTHERM,DALL ANTONIA (DALL ANTONIA),43.22B,43.22B,2 RUE DES RUBIS 38280 VILLETTE-D'ANTHON,38280,VILLETTE-D'ANTHON,38,,,,11,2001-10-02,5499,P1,API Recherche Entreprises / INSEE Sirene,2026-05-09
75051599100016,750515991,ENTREPRISE GUILLERMIN,GUILLERMIN (GUILLERMIN),43.22B,43.22B,LES PETITES FAGUETTES 01160 LA TRANCLIERE,01160,LA TRANCLIERE,01,,,,02,2012-03-26,5499,P1,API Recherche Entreprises / INSEE Sirene,2026-05-09
51147036100037,511470361,AIRCLIMEO (AIRCLIMEO) (R. CO),COCCO (COCCO),43.22B,43.22B,42 PLACE D'ARMES 01640 JUJURIEUX,01640,JUJURIEUX,01,,,,01,2009-04-01,5499,P1,API Recherche Entreprises / INSEE Sirene,2026-05-09
38774239800036,387742398,SOFRACLIM,GIMBERT (GIMBERT),43.22B,70.10Z,147 B AVENUE PIERRE DUMOND 69290 CRAPONNE,69290,CRAPONNE,69,,,,NN,1992-06-01,5499,P1,API Recherche Entreprises / INSEE Sirene,2026-05-09
44822227300048,448222273,JEAN BLANC,COQUARD (COQUARD),43.22B,43.22B,RUE PAUL ET MARC BARBEZAT 69150 DECINES-CHARPIEU,69150,DECINES-CHARPIEU,69,,,,01,2003-05-02,5499,P1,API Recherche Entreprises / INSEE Sirene,2026-05-09
49777460400035,497774604,SARL DAMIRON,,43.22B,43.22B,33 IMPASSE DE LA BOTE BRENET 01390 SAINT-JEAN-DE-THURIGNEUX,01390,SAINT-JEAN-DE-THURIGNEUX,01,,,,NN,2007-04-02,5499,P1,API Recherche Entreprises / INSEE Sirene,2026-05-09
50193474900026,501934749,SAMAK,SAMAK (SAMAK),43.22B,43.22B,257 COURS EMILE ZOLA 69100 VILLEURBANNE,69100,VILLEURBANNE,69,,,,03,2008-01-01,5710,P1,API Recherche Entreprises / INSEE Sirene,2026-05-09
41937692600038,419376926,SARL LANDRIX,LANDRIX,43.22B,43.22A,262 ROUTE DE MACON 71960 IGE,71960,IGE,71,,,,02,1998-07-01,5499,P1,API Recherche Entreprises / INSEE Sirene,2026-05-09
88258899900038,882588999,AVENIR CHAUFFAGE ET CLIMATISATION (AV2C),GREGOIRE (GREGOIRE),43.22B,43.22B,6C 6 RUE DES GRILLONS 69510 SOUCIEU-EN-JARREST,69510,SOUCIEU-EN-JARREST,69,,,,NN,2020-03-17,5710,P1,API Recherche Entreprises / INSEE Sirene,2026-05-09
83171865500010,831718655,DAN ANDRIC,ANDRIC (ANDRIC),43.22B,43.22A,3 RUE BASSE 74270 MUSIEGES,74270,MUSIEGES,74,,,,NN,2017-09-20,1000,P1,API Recherche Entreprises / INSEE Sirene,2026-05-09
82835454800012,828354548,JAK CLIM,DURAND (DURAND),43.22B,43.22B,CHEMIN DES VALLIERES 01480 CHALEINS,01480,CHALEINS,01,,,,02,2017-04-01,5710,P1,API Recherche Entreprises / INSEE Sirene,2026-05-09
83208318200010,832083182,MH SERVICES,BELKASSEM,43.22B,43.22B,12 CLOS DES FRENES 01500 AMBRONAY,01500,AMBRONAY,01,,,,02,2017-10-01,5710,P1,API Recherche Entreprises / INSEE Sirene,2026-05-09
87821739700032,878217397,SAMSON CAMILLE (CLIMASAMS),CAMILLE (CAMILLE),43.22B,43.22B,23 LOTISSEMENT LES 4 AMANDIERS 11120 ARGELIERS,11120,ARGELIERS,11,,,,NN,2019-09-24,1000,P1,API Recherche Entreprises / INSEE Sirene,2026-05-09
94814872100012,948148721,CONFORCLIM,BC GROUPE,43.22B,43.22B,190 AVENUE DE L’INDUSTRIE 19130 OBJAT,19130,OBJAT,19,,,,01,2022-12-23,5710,P1,API Recherche Entreprises / INSEE Sirene,2026-05-09
75101473900013,751014739,ALEXANDRE DUVAL DELLEY (DUVAL),DUVAL DELLEY (DUVAL),43.22B,43.22B,RUE DE LA PLAINE 20 CHEMIN DES LONGES RAYES 01170 CESSY,01170,CESSY,01,,,,02,2012-05-01,1000,P1,API Recherche Entreprises / INSEE Sirene,2026-05-09
53383473500011,533834735,ACCES CONFORT MAINTENANCE,MAYNARD (MAYNARD),43.22B,43.22B,LES ROITELETS 2753 ROUTE DE MONTMERLE 01090 FRANCHELEINS,01090,FRANCHELEINS,01,,,,01,2011-08-18,5710,P1,API Recherche Entreprises / INSEE Sirene,2026-05-09
53918746800035,539187468,ZITRON FRANCE,MONTOTO ESBERT,43.22B,43.22B,506 ALLEE DE FETAN 01600 TREVOUX,01600,TREVOUX,01,,,,03,2012-01-02,5710,P1,API Recherche Entreprises / INSEE Sirene,2026-05-09
53925285800029,539252858,PIERRE CASSON (DELTATHERM SERVICE),CASSON,43.22B,43.22B,8 PLACE DE LA BOUVERIE 01500 AMBRONAY,01500,AMBRONAY,01,,,,NN,2012-01-16,1000,P1,API Recherche Entreprises / INSEE Sirene,2026-05-09
53933885500023,539338855,ADRIAN PISCINES,NICOUT (NICOUT),43.22B,43.22B,20 RUE DE LA CROIX ROUSSE 39320 VAL SURAN,39320,VAL SURAN,39,,,,NN,2012-01-03,5499,P1,API Recherche Entreprises / INSEE Sirene,2026-05-09
52932452700025,529324527,ADEM ALICI (ALC VENTILATION),ALICI,43.22B,43.22B,01500 AMBERIEU EN BUGEY 11 RUE DES METIERS 01500 AMBERIEU-EN-BUGEY,01500,AMBERIEU-EN-BUGEY,01,,,,NN,2011-01-17,1000,P1,API Recherche Entreprises / INSEE Sirene,2026-05-09
52946745800020,529467458,MFC-MONTAGE FRIGORIFIQUE ET COMMERCIAL (MFC),BOUHASSOUNE (BOUHASSOUNE),43.22B,43.22B,38 RTE DE ROANNE 42510 BALBIGNY,42510,BALBIGNY,42,,,,01,2011-01-03,5499,P1,API Recherche Entreprises / INSEE Sirene,2026-05-09
53030297500046,530302975,THAMEUR M BAREK (HESTIA CLIM),M BAREK,43.22B,43.22B,280 CHEMIN DE SAINT CLAUDE 01320 CHALAMONT,01320,CHALAMONT,01,,,,NN,2011-02-14,1000,P1,API Recherche Entreprises / INSEE Sirene,2026-05-09
50861647100027,508616471,AIN PRO CONCEPT,DA SILVA (DA SILVA),43.22B,43.22B,LIEUT-DIT MONTBEGUE ROUTE DE BRESSE 01160 DRUILLAT,01160,DRUILLAT,01,,,,NN,2008-10-15,5499,P1,API Recherche Entreprises / INSEE Sirene,2026-05-09
53464753200017,534647532,STEPHANE CARITEY,CARITEY (CARITEY),43.22B,43.22B,7 ALLEE DES CEDRES 01390 SAINT-ANDRE-DE-CORCY,01390,SAINT-ANDRE-DE-CORCY,01,,,,NN,2011-10-01,1000,P1,API Recherche Entreprises / INSEE Sirene,2026-05-09
53489810100025,534898101,A.S.M.C. ASSISTANCE SERVICE MAINTENANCE CHAUFFAGE (A.S.M.C. ASSISTANCE SERVICE MAINTENANCE CHAUFFAGE),SARCELLE,43.22B,43.22B,ZONE D'ACTIVITES DE MONTERNOZ 15 RUE DU THIOUDET 01960 PERONNAS,01960,PERONNAS,01,,,,03,2011-10-01,5710,P1,API Recherche Entreprises / INSEE Sirene,2026-05-09
53760541200015,537605412,ALTAN TEKIN (TEKIN ENERGIES),TEKIN (TEKIN),43.22B,43.22B,SARL BATI-TEK 3 RUELLE DE LA COURBE 01640 JUJURIEUX,01640,JUJURIEUX,01,,,,NN,2011-06-13,1000,P1,API Recherche Entreprises / INSEE Sirene,2026-05-09
77020098800028,770200988,GONCET,LGH,43.22B,43.22B,983 ROUTE DES GRANDS MOULINS 01430 MAILLAT,01430,MAILLAT,01,,,,11,1964-01-01,5710,P1,API Recherche Entreprises / INSEE Sirene,2026-05-09
41224142400032,412241424,ABDELALI ZAABAT,ZAABAT (ZAABAT),43.22B,43.22B,23 RUE DE L AVENIR 01200 VALSERHONE,01200,VALSERHONE,01,,,,NN,1997-06-02,1000,P1,API Recherche Entreprises / INSEE Sirene,2026-05-09
41227414400010,412274144,PAUL GUERRY,GUERRY,43.22B,43.22B,249 RUE DES CHAMPS DRAYS 01310 POLLIAT,01310,POLLIAT,01,,,,NN,1997-06-02,1000,P1,API Recherche Entreprises / INSEE Sirene,2026-05-09
10280868000015,102808680,AHMET OZTURK (AHM RENOV),OZTURK,43.22B,43.22B,55 CHEMIN DE CHASSIGNOLAN 01990 CHANEINS,01990,CHANEINS,01,,,,NN,2026-03-23,1000,P1,API Recherche Entreprises / INSEE Sirene,2026-05-09
41775016300012,417750163,ROTEX GMBH,,43.22B,43.22B,D 74363 GUGLINGEN LANGWIESENSTRASSE 10 ALLEMAGNE,,,,,,,NN,1997-11-01,3220,P2,API Recherche Entreprises / INSEE Sirene,2026-05-09
83290704200028,832907042,CHALEUR ET BOIS (ECOSOLAIRE01),LA VIGNE,43.22B,43.22B,ZAC DE MONTERNOZ 176 ALLEE DU THIOUDET 01960 PERONNAS,01960,PERONNAS,01,,,,03,2017-10-17,5710,P1,API Recherche Entreprises / INSEE Sirene,2026-05-09
44813222500021,448132225,F.G.M.- FUEL GAZ MAINTENANCE (F.G.M.),GENIN (GENIN),43.22B,43.22B,572 ROUTE DE LYON 01600 TREVOUX,01600,TREVOUX,01,,,,02,2003-04-01,5499,P1,API Recherche Entreprises / INSEE Sirene,2026-05-09
44813231600028,448132316,ITD CHAUFFAGE,KUSSY (KUSSY),43.22B,43.22B,96 CHEMIN DU PELEU 01090 MONTMERLE-SUR-SAONE,01090,MONTMERLE-SUR-SAONE,01,,,,02,2003-04-01,5710,P1,API Recherche Entreprises / INSEE Sirene,2026-05-09
45199952800016,451999528,PATRICE VITTE,VITTE (VITTE),43.22B,43.22B,4 ALLEE DE L'ALBARINE 01500 SAINT-DENIS-EN-BUGEY,01500,SAINT-DENIS-EN-BUGEY,01,,,,NN,2004-02-11,1000,P1,API Recherche Entreprises / INSEE Sirene,2026-05-09
43203458500013,432034585,THERMIC SERVICES,SERMIC,43.22B,43.22B,RUE VICTOR VERMOREL 01500 AMBERIEU-EN-BUGEY,01500,AMBERIEU-EN-BUGEY,01,,,,11,2000-07-03,5710,P1,API Recherche Entreprises / INSEE Sirene,2026-05-09
43239551500047,432395515,CHRISTOPHE GUYOT,GUYOT,43.22B,43.22B,1180 CHEMIN DE NIZY 01340 FOISSIAT,01340,FOISSIAT,01,,,,NN,2000-08-28,1000,P1,API Recherche Entreprises / INSEE Sirene,2026-05-09
43265954800031,432659548,THERMIE PRODUCTION,LEFEBVRE,43.22B,43.22B,ZI DE FETAN 127 AVENUE DU GENERAL DE GAULLE 94500 CHAMPIGNY-SUR-MARNE,94500,CHAMPIGNY-SUR-MARNE,94,,,,NN,2000-08-17,5710,P1,API Recherche Entreprises / INSEE Sirene,2026-05-09
43397844200039,433978442,ALLIANCE ENERGIE,GUTIERREZ (GUTIERREZ),43.22B,43.22B,ZA SOUS LA GARE 279 RUE DE L’ARTISANAT 01800 VILLIEU-LOYES-MOLLON,01800,VILLIEU-LOYES-MOLLON,01,,,,NN,2001-01-03,5499,P1,API Recherche Entreprises / INSEE Sirene,2026-05-09
45257823000032,452578230,BOURGEON PERRIN CLIMATISATION,VINCENT (VINCENT),43.22B,43.22B,1123 AVENUE DES PRES SEIGNEURS 01120 DAGNEUX,01120,DAGNEUX,01,,,,02,2004-03-16,5499,P1,API Recherche Entreprises / INSEE Sirene,2026-05-09
42880085800048,428800858,PASCAL FUTIN (PC SANITAIRE),FUTIN (FUTIN),43.22B,43.22B,30 RUE DE L'HOTEL DE VILLE 01130 NANTUA,01130,NANTUA,01,,,,NN,2000-01-04,1000,P1,API Recherche Entreprises / INSEE Sirene,2026-05-09
43907925200029,439079252,F.I.R.S.T.,G.V.T.V. PARTICIPATIONS,43.22B,43.22B,3 RUE DE LA DOMBES 01700 NEYRON,01700,NEYRON,01,,,,01,2001-09-01,5710,P1,API Recherche Entreprises / INSEE Sirene,2026-05-09
43025868100013,430258681,ROBATHERM GMBH,,43.22B,43.22B,8933 BURGAU ALLEMAGNE,,,,,,,NN,1999-12-01,3220,P2,API Recherche Entreprises / INSEE Sirene,2026-05-09
43035950500020,430359505,PADICS,FARION (FARION),43.22B,43.22B,LIEUDIT GRAND RIVOLLET 01090 MONTCEAUX,01090,MONTCEAUX,01,,,,NN,2000-03-17,5499,P1,API Recherche Entreprises / INSEE Sirene,2026-05-09
43127296200025,431272962,M V I (MVI),ALICI (ALICI),43.22B,43.22B,21 RUE VICTOR VERMOREL 01500 AMBERIEU-EN-BUGEY,01500,AMBERIEU-EN-BUGEY,01,,,,11,2000-04-01,5499,P1,API Recherche Entreprises / INSEE Sirene,2026-05-09
52510598700032,525105987,NOVELIO (NOVELIO GENIE CLIMATIQUE),DESPLANCHE (DESPLANCHE),43.22B,43.22B,81 IMPASSE FERNAND PELLOUTIER 69400 VILLEFRANCHE-SUR-SAONE,69400,VILLEFRANCHE-SUR-SAONE,69,,,,11,2010-09-15,5499,P1,API Recherche Entreprises / INSEE Sirene,2026-05-09
52792738800019,527927388,CONFOSERVICES 01 (CONFOSERVICES 01),BALDIVIA (BALDIVIA),43.22B,43.22B,50 IMPASSE DU PRE LUC 01340 MARSONNAS,01340,MARSONNAS,01,,,,01,2010-11-02,5499,P1,API Recherche Entreprises / INSEE Sirene,2026-05-09
53110025300032,531100253,CHARLY GARRIDO (CG PLOMBERIE),GARRIDO,43.22B,43.22B,103 RUE DOCTEUR TEMPORAL 01230 SAINT-RAMBERT-EN-BUGEY,01230,SAINT-RAMBERT-EN-BUGEY,01,,,,NN,2011-03-16,1000,P1,API Recherche Entreprises / INSEE Sirene,2026-05-09
50278609800025,502786098,APPORTS SOLAIRES (APPORTS SOLAIRES),TRAN (TRAN),43.22B,43.22B,ZA LES ETOURNELLES 488 RUE LOUIS BLERIOT 01200 VALSERHONE,01200,VALSERHONE,01,,,,01,2008-03-25,5499,P1,API Recherche Entreprises / INSEE Sirene,2026-05-09
54582009400039,545820094,ETS SERVIGNAT,SERMIC,43.22B,43.22B,930 AVENUE LEON BLUM 01500 AMBERIEU-EN-BUGEY,01500,AMBERIEU-EN-BUGEY,01,,,,12,1958-01-01,5710,P1,API Recherche Entreprises / INSEE Sirene,2026-05-09
50285632100042,502856321,C S ENERGIES,COLNEL (COLNEL),43.22B,43.22B,BAT D 27 RUE SAINTE BARBE 69110 SAINTE-FOY-LES-LYON,69110,SAINTE-FOY-LES-LYON,69,,,,01,2008-02-18,5499,P1,API Recherche Entreprises / INSEE Sirene,2026-05-09
78949207100038,789492071,GALIANE ENERGIE,GALLAND (GALLAND),43.22B,43.22B,205 RUE CHRISTIAN BARNARD 01400 CHATILLON-SUR-CHALARONNE,01400,CHATILLON-SUR-CHALARONNE,01,,,,01,2012-11-15,5499,P1,API Recherche Entreprises / INSEE Sirene,2026-05-09
79303154300028,793031543,2G CLIM R',GELLON,43.22B,43.22B,146 RUE PASTEUR 01500 CHATEAU-GAILLARD,01500,CHATEAU-GAILLARD,01,,,,01,2013-05-01,5499,P1,API Recherche Entreprises / INSEE Sirene,2026-05-09
79468904200024,794689042,LM ENERGIES,BRINGOLET (BRINGOLET),43.22B,43.22B,ZAC DES MALETTES 125 RUE DU CHAT BOTTE 01700 BEYNOST,01700,BEYNOST,01,,,,11,2013-08-05,5499,P1,API Recherche Entreprises / INSEE Sirene,2026-05-09
79808468700010,798084687,SANIDEAL (SANIDEAL),BREVET,43.22B,43.22B,LES BRUYERES 01250 JASSERON,01250,JASSERON,01,,,,11,2013-10-23,5499,P1,API Recherche Entreprises / INSEE Sirene,2026-05-09
79859848800012,798598488,THIBAULT DOCTEUR,DOCTEUR (DOCTEUR),43.22B,43.22B,BAT B 52 RUE DE MONTHOLON 01000 BOURG-EN-BRESSE,01000,BOURG-EN-BRESSE,01,,,,NN,2013-11-16,1000,P1,API Recherche Entreprises / INSEE Sirene,2026-05-09
79911146300037,799111463,PROTEC ENERGY,COMING.V,43.22B,43.22B,PARC D'ACTIVITES DE MONTFRAY 30 ALL DES PIERRONNES 01480 FAREINS,01480,FAREINS,01,,,,03,2013-12-06,5710,P1,API Recherche Entreprises / INSEE Sirene,2026-05-09
45234973100037,452349731,HOLDING DIDIER MOREL,MOREL (MOREL),43.22B,43.22B,HAMEAU DU GENOUD 159 RUE CENTRALE 01500 AMBRONAY,01500,AMBRONAY,01,,,,NN,2004-04-05,5499,P1,API Recherche Entreprises / INSEE Sirene,2026-05-09
49195542300026,491955423,BREVET-VIALET (BREVET-VIALET),VIALET (VIALET),43.22B,43.22B,252 ROUTE DE BUESLE 01310 BUELLAS,01310,BUELLAS,01,,,,02,2006-10-02,5499,P1,API Recherche Entreprises / INSEE Sirene,2026-05-09
49263748300016,492637483,AIR ' SOURCE,MATHON (MATHON),43.22B,43.22B,BOURDONNEL 01290 SAINT-ANDRE-D HUIRIAT,01290,SAINT-ANDRE-D HUIRIAT,01,,,,NN,2006-10-24,5499,P1,API Recherche Entreprises / INSEE Sirene,2026-05-09
38539180000039,385391800,ATEO ENERGIES,TACHAUD,43.22B,43.22B,176 COURS DE VERDUN 01100 OYONNAX,01100,OYONNAX,01,,,,11,1992-04-01,5710,P1,API Recherche Entreprises / INSEE Sirene,2026-05-09
48453143900038,484531439,TECHNITHERM SERVICES,SOYEZ (SOYEZ),43.22B,43.22B,3060 ROUTE DES DOMBES 01320 CHATILLON-LA-PALUD,01320,CHATILLON-LA-PALUD,01,,,,NN,2005-10-01,5499,P1,API Recherche Entreprises / INSEE Sirene,2026-05-09
41128823600036,411288236,DIDIER BENOISTON (DB CHAUFFAGE),BENOISTON (BENOISTON),43.22B,43.22B,6 RUE GABRIEL BRUN 01500 CHATEAU-GAILLARD,01500,CHATEAU-GAILLARD,01,,,,NN,1997-04-02,1000,P1,API Recherche Entreprises / INSEE Sirene,2026-05-09
38071646400025,380716464,PHILIPPE LAVOREL (CLIMPHI),LAVOREL (LAVOREL),43.22B,43.22B,484 RUE CENTRALE 01200 VALSERHONE,01200,VALSERHONE,01,,,,NN,1991-01-03,1000,P1,API Recherche Entreprises / INSEE Sirene,2026-05-09
75204429700014,752044297,BIO-THERMIE (BIO-THERMIE),PUSLECKI (PUSLECKI),43.22B,43.22B,LA BOURSE 01160 VARAMBON,01160,VARAMBON,01,,,,NN,2012-03-19,5499,P1,API Recherche Entreprises / INSEE Sirene,2026-05-09
75244886000037,752448860,VIVRECO LES ALPES,TRIBOULOT (TRIBOULOT),43.22B,43.22B,35 AVENUE DE MARBOZ 01000 BOURG-EN-BRESSE,01000,BOURG-EN-BRESSE,01,,,,NN,2012-03-09,5499,P1,API Recherche Entreprises / INSEE Sirene,2026-05-09
75281219800014,752812198,ALLIANCE FEU DESIGN (ALLIANCE FEU DESIGN),BERRIER (BERRIER),43.22B,43.22B,ZAC DE LA CAMBUSE 44 RUE DU REVERMONT 01440 VIRIAT,01440,VIRIAT,01,,,,02,2012-06-29,5499,P1,API Recherche Entreprises / INSEE Sirene,2026-05-09
75289542500011,752895425,JEAN-CLAUDE GUICHARDIERE (JCG PLOMBERIE),GUICHARDIERE (GUICHARDIERE),43.22B,43.22B,3 CHEMIN DU GRAND RONTET 01800 SAINT-MAURICE-DE-GOURDANS,01800,SAINT-MAURICE-DE-GOURDANS,01,,,,01,2012-07-09,1000,P1,API Recherche Entreprises / INSEE Sirene,2026-05-09
43922938600024,439229386,PI INSTALL,MARQUES,43.29A,43.29A,14 RUE DES SERVES 01340 MONTREVEL-EN-BRESSE,01340,MONTREVEL-EN-BRESSE,01,,,,22,2001-09-01,5710,P1,API Recherche Entreprises / INSEE Sirene,2026-05-09
82959523000048,829595230,ARTI RENOVATION CONSEIL,CHAMBARD,43.29A,43.29A,5 RUE DES VARENNES 71880 CHATENOY-LE-ROYAL,71880,CHATENOY-LE-ROYAL,71,,,,11,2017-05-09,5710,P1,API Recherche Entreprises / INSEE Sirene,2026-05-09
84387151800018,843871518,HOMINOV,CERVERA,43.29A,43.29A,MAS TERANGA 156 AVENUE DU GENERAL DE GAULLE 13870 ROGNONAS,13870,ROGNONAS,13,,,,11,2018-11-08,5499,P1,API Recherche Entreprises / INSEE Sirene,2026-05-09
74988131400019,749881314,ISOL'REV,,43.29A,43.29A,9 AVENUE PAUL VERLAINE 38100 GRENOBLE,38100,GRENOBLE,38,,,,NN,2012-03-01,5499,P1,API Recherche Entreprises / INSEE Sirene,2026-05-09
53264412700013,532644127,BATI-THERM,GARDE,43.29A,43.29A,16 AVENUE PABLO PICASSO 01000 BOURG-EN-BRESSE,01000,BOURG-EN-BRESSE,01,,,,11,2011-05-18,5499,P1,API Recherche Entreprises / INSEE Sirene,2026-05-09
82755059100024,827550591,GT ISOLATION,DEBAT (DEBAT),43.29A,43.29A,298 ROUTE DE CHAMP MARTIN 01400 CHANOZ-CHATENAY,01400,CHANOZ-CHATENAY,01,,,,02,2017-02-15,5710,P1,API Recherche Entreprises / INSEE Sirene,2026-05-09
88133687900021,881336879,RENOV ENERGIE,BOURDACHE (BOURDACHE),43.29A,43.29A,ALLEE FRANCOIS-ADRIEN BOIELDIEU 42000 SAINT-ETIENNE,42000,SAINT-ETIENNE,42,,,,03,2020-02-03,5710,P1,API Recherche Entreprises / INSEE Sirene,2026-05-09
89190542400018,891905424,BCI NORD,BULTEAU (BULTEAU),43.29A,43.29A,432 RUE DES BARRONIERES 01700 BEYNOST,01700,BEYNOST,01,,,,NN,2020-12-01,5710,P1,API Recherche Entreprises / INSEE Sirene,2026-05-09
52939523800015,529395238,OPTIMUM ISOLATION,MATEO (MATEO),43.29A,43.29A,ZI  LA COLLONGE 1139 CHEMIN DES GRANDS MOULINS 69400 GLEIZE,69400,GLEIZE,69,,,,01,2011-01-03,5499,P1,API Recherche Entreprises / INSEE Sirene,2026-05-09
35361331800107,353613318,DUBOIS ISOLATION,RENAUDEAU-RENOU ET ASSOCIES,43.29A,43.29A,220 ALLEE JOANNY MOMMESSIN 71850 CHARNAY-LES-MACON,71850,CHARNAY-LES-MACON,71,,,,11,1990-01-01,5710,P1,API Recherche Entreprises / INSEE Sirene,2026-05-09
84074567300037,840745673,VEOLI PLUS,ASSOULINE (ASSOULINE),43.29A,43.29A,23 RUE CREPET 69007 LYON,69007,LYON,69,,,,00,2018-06-28,5710,P1,API Recherche Entreprises / INSEE Sirene,2026-05-09
53350487400017,533504874,PHILIPPE PACAUD,PACAUD,43.29A,43.29A,243 ROUTE DE BUELLAS 01310 MONTCET,01310,MONTCET,01,,,,NN,2011-06-04,1000,P1,API Recherche Entreprises / INSEE Sirene,2026-05-09
41986750200074,419867502,SAMIL SOZER (SOZER),SOZER (SOZER),43.29A,43.29A,1 RUE ARISTIDE BRIAND 01000 BOURG-EN-BRESSE,01000,BOURG-EN-BRESSE,01,,,,NN,1998-09-01,1000,P1,API Recherche Entreprises / INSEE Sirene,2026-05-09
37757252400066,377572524,BERNARD LOMBARD,LOMBARD,43.29A,43.29A,CHEZ MME BEGUE SYLVI -1ER ETAGE 9 D RUE CREVE CŒUR 01000 BOURG-EN-BRESSE,01000,BOURG-EN-BRESSE,01,,,,NN,1990-04-04,1000,P1,API Recherche Entreprises / INSEE Sirene,2026-05-09
41523867400022,415238674,AGRO INDUSTRIE SERVICES,SAVEY (SAVEY),43.29A,43.29A,ZONE D'ACTIVITES LE CHATELARD 745 CHEMIN DU CHATELARD 01310 SAINT-REMY,01310,SAINT-REMY,01,,,,NN,1998-01-12,5499,P1,API Recherche Entreprises / INSEE Sirene,2026-05-09
83345621300028,833456213,BURA ISOLATION,GROUP BURA,43.29A,43.29A,LIEUDIT CABUS 01320 CHALAMONT,01320,CHALAMONT,01,,,,NN,2017-10-28,5710,P1,API Recherche Entreprises / INSEE Sirene,2026-05-09
45343014200027,453430142,SARL V.MATHELIN,MATHELIN (MATHELIN),43.29A,43.29A,AIRANS 410 RUE PIERRE MALFANT 01550 FARGES,01550,FARGES,01,,,,NN,2004-05-17,5499,P1,API Recherche Entreprises / INSEE Sirene,2026-05-09
31328311100026,313283111,MENUISERIE CHARPENTE PLAFONDS (MCP),BIELOKOPYTOFF (BIELOKOPYTOFF),43.29A,43.29A,LIEUDIT BERAND 1300 ROUTE DU PLANTAY 01320 CHALAMONT,01320,CHALAMONT,01,,,,03,1978-01-01,5710,P1,API Recherche Entreprises / INSEE Sirene,2026-05-09
10081051400016,100810514,BATINOV,CAVDAR,43.29A,43.29A,551 ROUTE DE JAILLEUX 01120 MONTLUEL,01120,MONTLUEL,01,,,,NN,2026-02-01,5710,P1,API Recherche Entreprises / INSEE Sirene,2026-05-09
52500208500054,525002085,ADEM KIZILTOPRAK (RW BAT ISO),KIZILTOPRAK (KIZILTOPRAK),43.29A,43.29A,110 RUE DE L'EGALITE 69400 VILLEFRANCHE-SUR-SAONE,69400,VILLEFRANCHE-SUR-SAONE,69,,,,NN,2010-09-20,1000,P1,API Recherche Entreprises / INSEE Sirene,2026-05-09
79989109800011,799891098,ISO ORIGINELLE 01,CHABERT (CHABERT),43.29A,43.29A,75 CHEMIN DE GRANGE DEBOUT 01700 BEYNOST,01700,BEYNOST,01,,,,NN,2014-01-01,5499,P1,API Recherche Entreprises / INSEE Sirene,2026-05-09
49283520200044,492835202,DIDIER FOULON (RENOV'HABITAT),FOULON (FOULON),43.29A,43.29A,73 AVENUE DU QUEBEC 01460 MONTREAL-LA-CLUSE,01460,MONTREAL-LA-CLUSE,01,,,,NN,2006-11-02,1000,P1,API Recherche Entreprises / INSEE Sirene,2026-05-09
81185025400012,811850254,CENTRALE ENVIRONNEMENTALE ECOLOGIQUE EUROPEENNE (CEEE),VERENAKO (VERENAKO),43.29A,43.29A,101 RUE DES BROTTEAUX 01700 MIRIBEL,01700,MIRIBEL,01,,,,NN,2015-05-04,5710,P1,API Recherche Entreprises / INSEE Sirene,2026-05-09
39343680300018,393436803,DUBOEUF BRANDAO,BRANDAO (BRANDAO),43.29A,43.29A,252 ROUTE DE NOAILLAT 01290 CORMORANCHE-SUR-SAONE,01290,CORMORANCHE-SUR-SAONE,01,,,,01,1994-01-03,5499,P1,API Recherche Entreprises / INSEE Sirene,2026-05-09
35246662700010,352466627,ISOLATION SERVICE,MOYNE (BALLANDIN),43.29A,43.29A,ROUTE DE BIESSE 01480 FRANS,01480,FRANS,01,,,,02,1989-10-01,5710,P1,API Recherche Entreprises / INSEE Sirene,2026-05-09
35282616800010,352826168,SARL FORT PERE ET FILS,FORT (FORT),43.29A,43.29A,LE VILLAGE 136 GRANDE RUE 01660 MEZERIAT,01660,MEZERIAT,01,,,,NN,1990-01-01,5499,P1,API Recherche Entreprises / INSEE Sirene,2026-05-09
44229878200040,442298782,SUKRU BOYRAZ,BOYRAZ,43.29A,43.29A,17 RUE DU COTEAU 01440 VIRIAT,01440,VIRIAT,01,,,,NN,2002-06-03,1000,P1,API Recherche Entreprises / INSEE Sirene,2026-05-09
82162432700028,821624327,TUNCAY CELIK (TUNCAY CELIK),CELIK,43.29A,43.29A,484 RUE DE LA CROIX BOIS 01360 LOYETTES,01360,LOYETTES,01,,,,NN,2016-04-05,1000,P1,API Recherche Entreprises / INSEE Sirene,2026-05-09
82753175700017,827531757,ART BO CREATION,TEKELI (TEKELI),43.29A,43.29A,2 RUE GEORGES LOISEAU 01000 BOURG-EN-BRESSE,01000,BOURG-EN-BRESSE,01,,,,NN,2017-02-01,5710,P1,API Recherche Entreprises / INSEE Sirene,2026-05-09
48436244700035,484362447,MARTINEZ ISOLATION (ISOLATION MARTINEZ FRERES),MARTINEZ,43.29A,43.29A,551 ILE DE VARAMBON 01160 PONT-D'AIN,01160,PONT-D'AIN,01,,,,11,2005-10-01,5710,P1,API Recherche Entreprises / INSEE Sirene,2026-05-09
41384908400012,413849084,ERIC BORJON,BORJON (BORJON),43.29A,43.29A,AU MOULIN 01990 BANEINS,01990,BANEINS,01,,,,NN,1997-10-02,1000,P1,API Recherche Entreprises / INSEE Sirene,2026-05-09
50822558800021,508225588,AJC ECO CONSTRUCTION,DUBOIS (DUBOIS),43.29A,43.29A,130 RUE DES TERRES BOURDIN 69140 RILLIEUX-LA-PAPE,69140,RILLIEUX-LA-PAPE,69,,,,NN,2008-09-25,5499,P1,API Recherche Entreprises / INSEE Sirene,2026-05-09
88336921700012,883369217,SADRE,BARSE (BARSE),43.29A,43.29A,110 ALLEE DES LILAS 01150 SAINT-VULBAS,01150,SAINT-VULBAS,01,,,,NN,2020-04-01,5710,P1,API Recherche Entreprises / INSEE Sirene,2026-05-09
87867386200016,878673862,BFI,BENNIER (BENNIER),43.29A,43.29A,IMPASSE JULES FERRY 01480 JASSANS-RIOTTIER,01480,JASSANS-RIOTTIER,01,,,,NN,2019-10-15,5499,P1,API Recherche Entreprises / INSEE Sirene,2026-05-09
83453893600016,834538936,COEF.K.,DESSALLE (DESSALLE),43.29A,43.29A,355 ROUTE DE LOUHANS 01851 MARBOZ,01851,MARBOZ,01,,,,01,2018-01-02,5710,P1,API Recherche Entreprises / INSEE Sirene,2026-05-09
89278422400016,892784224,AIN ISOLATION ET VMC,SAIDANE (SAIDANE),43.29A,43.29A,51 B AVENUE DE MACON 01000 BOURG-EN-BRESSE,01000,BOURG-EN-BRESSE,01,,,,NN,2021-01-08,5710,P1,API Recherche Entreprises / INSEE Sirene,2026-05-09
88994055700032,889940557,SOFIAN BOUCHIAR,BOUCHIAR,43.29A,43.29A,240 CHEMIN DES BRUYERES 71850 CHARNAY-LES-MACON,71850,CHARNAY-LES-MACON,71,,,,NN,2020-10-20,1000,P1,API Recherche Entreprises / INSEE Sirene,2026-05-09
51955600500048,519556005,GERARD ROSSI,ROSSI,43.29A,43.29A,100 RUE DE LA CRAZ 01510 VIRIEU-LE-GRAND,01510,VIRIEU-LE-GRAND,01,,,,NN,2010-01-11,1000,P1,API Recherche Entreprises / INSEE Sirene,2026-05-09
84886039100020,848860391,ISO FACADES 74,KAPUCU (KAPUCU),43.29A,43.29A,31 RUE VUILLERMOZ BALLAND 01100 OYONNAX,01100,OYONNAX,01,,,,NN,2019-03-01,5710,P1,API Recherche Entreprises / INSEE Sirene,2026-05-09
88509984600010,885099846,NIMA JAVADI,JAVADI,43.29A,43.29A,813 B CHEMIN DE RONCHEVEUX 01600 SAINT-DIDIER-DE-FORMANS,01600,SAINT-DIDIER-DE-FORMANS,01,,,,NN,2020-07-13,1000,P1,API Recherche Entreprises / INSEE Sirene,2026-05-09
95343867800013,953438678,TRAVAUX CONFORTS,MUSTAFA,43.29A,43.29A,33 ALLEE DE LA CORRERIE 01960 PERONNAS,01960,PERONNAS,01,,,,NN,2023-06-06,5710,P1,API Recherche Entreprises / INSEE Sirene,2026-05-09
95376715900015,953767159,FULL ISO,GULBAS (GULBAS),43.29A,43.29A,31 RUE VUILLERMOZ BALLAND 01100 OYONNAX,01100,OYONNAX,01,,,,01,2023-06-20,5499,P1,API Recherche Entreprises / INSEE Sirene,2026-05-09
92239406900012,922394069,HTB ENERGIE,HTB GROUP,43.29A,43.29A,64 B CHEMIN DE SERMENAZ 01700 NEYRON,01700,NEYRON,01,,,,01,2022-12-13,5710,P1,API Recherche Entreprises / INSEE Sirene,2026-05-09
92294014300014,922940143,THIERRY GOUJON,GOUJON (GOUJON),43.29A,43.29A,2 RUE JOACHIM DU BELLAY 01000 BOURG-EN-BRESSE,01000,BOURG-EN-BRESSE,01,,,,NN,2023-01-02,1000,P1,API Recherche Entreprises / INSEE Sirene,2026-05-09
99449880600011,994498806,SELO ISO (SELO ISO),ATES,43.29A,43.29A,100 ROUTE DE GENEVE 01700 BEYNOST,01700,BEYNOST,01,,,,NN,2025-11-28,5710,P1,API Recherche Entreprises / INSEE Sirene,2026-05-09
92824326000017,928243260,ISOL'BATIMENT,DOUZE PARTICIPATIONS,43.29A,43.29A,215 CHEMIN DES ARTISANS 01290 LAIZ,01290,LAIZ,01,,,,NN,2024-04-08,5710,P1,API Recherche Entreprises / INSEE Sirene,2026-05-09
98745512800015,987455128,RMZ (RMZ),ACIKGOZ,43.29A,43.29A,80 ROUTE DU NANT 01280 PREVESSIN-MOENS,01280,PREVESSIN-MOENS,01,,,,NN,2024-03-10,5499,P1,API Recherche Entreprises / INSEE Sirene,2026-05-09
94796505900027,947965059,GRF FRANCE,SEDIT (SEDIT),43.29A,43.29A,84 AVENUE DU MAIL 01000 BOURG-EN-BRESSE,01000,BOURG-EN-BRESSE,01,,,,01,2023-01-09,5710,P1,API Recherche Entreprises / INSEE Sirene,2026-05-09
97793007200029,977930072,WISO ENERGY (WISO ENERGY),CAKIR,43.29A,43.29A,21 AVENUE DE MACON 01000 BOURG-EN-BRESSE,01000,BOURG-EN-BRESSE,01,,,,NN,2023-07-01,5499,P1,API Recherche Entreprises / INSEE Sirene,2026-05-09
93783136000014,937831360,FAGE ISOLATION,GROUPE FAGE,43.29A,43.29A,155 CHEMIN DE LA GRIOTTE 01390 MIONNAY,01390,MIONNAY,01,,,,NN,2024-10-30,5710,P1,API Recherche Entreprises / INSEE Sirene,2026-05-09
98127305500013,981273055,THOMAS GAILLON,GAILLON,43.29A,43.29A,96 RUE DE LA VERCHERE 01310 BUELLAS,01310,BUELLAS,01,,,,NN,2023-10-02,1000,P1,API Recherche Entreprises / INSEE Sirene,2026-05-09
98241691900024,982416919,WEEZOL,BERRARD,43.29A,43.29A,BATIMENT J 662 RUE DES JONCHERES 69730 GENAY,69730,GENAY,69,,,,NN,2023-12-11,5710,P1,API Recherche Entreprises / INSEE Sirene,2026-05-09
93366521800022,933665218,UGS BATIMENT (UGS BATIMENT) (UGS BATIMENT),SAGIR,43.29A,43.29A,57 AVENUE EDOUARD HERRIOT 69150 DECINES-CHARPIEU,69150,DECINES-CHARPIEU,69,,,,NN,2024-10-01,5710,P1,API Recherche Entreprises / INSEE Sirene,2026-05-09
38355414400055,383554144,SYLVAIN DELEAZ (SD MULTISERVICES),DELEAZ,43.29A,43.29A,290 ROUTE DE GENEVE 01510 VIRIEU-LE-GRAND,01510,VIRIEU-LE-GRAND,01,,,,NN,1991-10-21,1000,P1,API Recherche Entreprises / INSEE Sirene,2026-05-09
39142186400011,391421864,DICENI,AULAGNIER,43.29A,43.29A,165 RUE DE L’ANCIEN STADE 01000 SAINT-DENIS-LES-BOURG,01000,SAINT-DENIS-LES-BOURG,01,,,,NN,1993-05-03,5710,P1,API Recherche Entreprises / INSEE Sirene,2026-05-09
10069478500013,100694785,VOLKAN DEMIRBILEK,DEMIRBILEK,43.29A,43.29A,7 RUE ARISTIDE BRIAND 01000 BOURG-EN-BRESSE,01000,BOURG-EN-BRESSE,01,,,,NN,2026-02-03,1000,P1,API Recherche Entreprises / INSEE Sirene,2026-05-09
10162076300017,101620763,THENON RENOVATION,THENON,43.29A,43.29A,280 RUE DE LA VILLE 01340 ATTIGNAT,01340,ATTIGNAT,01,,,,NN,2026-02-13,5710,P1,API Recherche Entreprises / INSEE Sirene,2026-05-09
43815174800060,438151748,MUSA SOZER,SOZER,43.29A,43.29A,36 RUE DES DIMES 01000 BOURG-EN-BRESSE,01000,BOURG-EN-BRESSE,01,,,,NN,2001-04-09,1000,P1,API Recherche Entreprises / INSEE Sirene,2026-05-09
79045020900024,790450209,BATI SERVICE ECO NET,ABOUDI (ABOUDI),43.29A,43.29A,25 AVENUE ARSENE D'ARSONVAL 01000 BOURG-EN-BRESSE,01000,BOURG-EN-BRESSE,01,,,,02,2013-01-02,5710,P1,API Recherche Entreprises / INSEE Sirene,2026-05-09
79114790300029,791147903,ARES ENERGY,BOZKURT (BOZKURT),43.29A,43.29A,35 RUE RENE NICOD 01100 OYONNAX,01100,OYONNAX,01,,,,02,2013-01-28,5710,P1,API Recherche Entreprises / INSEE Sirene,2026-05-09
79333117400011,793331174,SKENDER DUSHAJ,DUSHAJ (DUSHAJ),43.29A,43.29A,24 AVENUE DE TREVOUX 01000 SAINT-DENIS-LES-BOURG,01000,SAINT-DENIS-LES-BOURG,01,,,,NN,2013-06-01,1000,P1,API Recherche Entreprises / INSEE Sirene,2026-05-09
79837775000095,798377750,CONSULT ENERGY,AMSELLEM,43.29A,43.29A,630 RUE DES BARRONIERES 01700 BEYNOST,01700,BEYNOST,01,,,,03,2013-11-07,5499,P1,API Recherche Entreprises / INSEE Sirene,2026-05-09
79853403800012,798534038,CONSTRUCTION HAUTE PERFORMANCE (CONSTRUCTION HAUTE PERFORMANCE),LOISY,43.29A,43.29A,3 RUE CHASSAGNE 01190 SAINT-BENIGNE,01190,SAINT-BENIGNE,01,,,,NN,2013-10-16,5499,P1,API Recherche Entreprises / INSEE Sirene,2026-05-09
80434403400033,804344034,TUGCE SOZER (ENTREPRISE IEF),SOZER (SOZER),43.29A,43.29A,20 RUE LOUISE CHEVRIER 01000 BOURG-EN-BRESSE,01000,BOURG-EN-BRESSE,01,,,,NN,2014-09-01,1000,P1,API Recherche Entreprises / INSEE Sirene,2026-05-09
81283323400022,812833234,ADEM BOYRAZ,BOYRAZ,43.29A,43.29A,31 ALLEE DE CHALLES 01000 BOURG-EN-BRESSE,01000,BOURG-EN-BRESSE,01,,,,NN,2015-07-23,1000,P1,API Recherche Entreprises / INSEE Sirene,2026-05-09
40472276100032,404722761,ACOUSTIQUE CLOISON PLAFOND (ACP) (ACP),DI NOTO (DI NOTO),43.29A,43.29A,7 RUE DES ALPES 69120 VAULX-EN-VELIN,69120,VAULX-EN-VELIN,69,,,,03,1996-04-02,5499,P1,API Recherche Entreprises / INSEE Sirene,2026-05-09
75406140600023,754061406,FRANCE CONTROLE HABITAT,THOLOZAN (THOLOZAN),43.29A,43.29A,ZAC DE FORQUEVAUX 390 AVENUE DE FORMANS 01600 TREVOUX,01600,TREVOUX,01,,,,03,2012-09-25,5499,P1,API Recherche Entreprises / INSEE Sirene,2026-05-09
47934280000014,479342800,SARL CAPANEL,CABEZON (CABEZON),43.29A,43.29A,50 ROUTE DE LOEZE 01380 SAINT-CYR-SUR-MENTHON,01380,SAINT-CYR-SUR-MENTHON,01,,,,NN,2004-11-02,5499,P1,API Recherche Entreprises / INSEE Sirene,2026-05-09
48187386700032,481873867,P.M. GROGNET & FILS,METRAL-GROGNET,43.29A,43.29A,ZA LA BARE 462 RUE DU CHENE 01480 CHALEINS,01480,CHALEINS,01,,,,01,2005-04-01,5710,P1,API Recherche Entreprises / INSEE Sirene,2026-05-09
75079597300015,750795973,V.I.E. VINCENT VERNE,VERNE (VERNE),43.29A,43.29A,57 CHEMIN DES VIALLIERES 01290 SAINT-JEAN-SUR-VEYLE,01290,SAINT-JEAN-SUR-VEYLE,01,,,,NN,2012-04-02,5499,P1,API Recherche Entreprises / INSEE Sirene,2026-05-09
75156515100030,751565151,VAL DE SAONE ISOLATION,BEKTACHE (BEKTACHE),43.29A,43.29A,ACTIPARK DE LA RICHASSIERE 662 RUE DES JONCHERES 69730 GENAY,69730,GENAY,69,,,,01,2012-05-15,5499,P1,API Recherche Entreprises / INSEE Sirene,2026-05-09
53324479400012,533244794,KOZAN ISO,KOZAN (KOZAN),43.29A,43.29A,11 RUE COURTELINE 01100 OYONNAX,01100,OYONNAX,01,,,,NN,2011-06-15,5499,P1,API Recherche Entreprises / INSEE Sirene,2026-05-09
52757525200012,527575252,JOAO PEDRO DA COSTA,DA COSTA (DA COSTA),43.29A,43.29A,32 AVENUE ALPHONSE BAUDIN 01000 BOURG-EN-BRESSE,01000,BOURG-EN-BRESSE,01,,,,NN,2010-11-08,1000,P1,API Recherche Entreprises / INSEE Sirene,2026-05-09
52968879800048,529688798,SAYIT ARISOY,ARISOY,43.29A,43.29A,72 BOULEVARD DES NEUF CLES 71000 MACON,71000,MACON,71,,,,NN,2011-01-28,1000,P1,API Recherche Entreprises / INSEE Sirene,2026-05-09
51873209400025,518732094,QUENTIN LEOTY,LEOTY (LEOTY),43.29A,43.29A,LIEUDIT LA TUILLIERE 01300 MASSIGNIEU-DE-RIVES,01300,MASSIGNIEU-DE-RIVES,01,,,,NN,2009-12-01,1000,P1,API Recherche Entreprises / INSEE Sirene,2026-05-09
52019607200026,520196072,SAFFET ALTAN,ALTAN (ALTAN),43.29A,43.29A,1019 ROUTE DU CREUX 01750 REPLONGES,01750,REPLONGES,01,,,,NN,2010-02-11,1000,P1,API Recherche Entreprises / INSEE Sirene,2026-05-09
52125256900020,521252569,SOBRAPI ISOLATION (SOBRAPI),AULAGNIER (AULAGNIER),43.29A,43.29A,ZAC DE LA CAMBUSE 736 RUE DU REVERMONT 01440 VIRIAT,01440,VIRIAT,01,,,,11,2010-03-19,5710,P1,API Recherche Entreprises / INSEE Sirene,2026-05-09
50854144800033,508541448,MATNEL (BIO FRANCE ISOLATION),BENNIER (BENNIER),43.29A,43.29A,IMPASSE JULES FERRY 01480 JASSANS-RIOTTIER,01480,JASSANS-RIOTTIER,01,,,,NN,2008-10-15,5499,P1,API Recherche Entreprises / INSEE Sirene,2026-05-09
50861579600010,508615796,BATI-LOGIC,,43.29A,43.29A,GLANDIEU RUE DE LA CASCADE 01300 BREGNIER-CORDON,01300,BREGNIER-CORDON,01,,,,NN,2008-10-01,5499,P1,API Recherche Entreprises / INSEE Sirene,2026-05-09
52370077100026,523700771,POLEN' (POLEN),PROST,43.29A,43.29A,813 AVENUE LEON BLUM 01500 AMBERIEU-EN-BUGEY,01500,AMBERIEU-EN-BUGEY,01,,,,12,2010-07-06,5710,P1,API Recherche Entreprises / INSEE Sirene,2026-05-09
52383718500025,523837185,HURSIT OZDEMIR,OZDEMIR (OZDEMIR),43.29A,43.29A,132 B RTE DE GEILLES 01100 OYONNAX,01100,OYONNAX,01,,,,NN,2010-07-01,1000,P1,API Recherche Entreprises / INSEE Sirene,2026-05-09
52458996700040,524589967,JALEL MONTASSAR,MONTASSAR,43.29A,43.29A,49 RUE JEAN CLAUDE RACCURT 01120 DAGNEUX,01120,DAGNEUX,01,,,,NN,2010-08-26,1000,P1,API Recherche Entreprises / INSEE Sirene,2026-05-09
47796300300033,477963003,AMDIMA ISOLATION,DI ZAZZO (DI ZAZZO),43.29A,43.29A,334 CHEMIN DE MONTGARREL 38510 MORESTEL,38510,MORESTEL,38,,,,01,2004-07-30,5499,P1,API Recherche Entreprises / INSEE Sirene,2026-05-09
50311842400020,503118424,ECO LOGIS ISOLATION,COMMARMOND (COMMARMOND),43.29A,43.29A,ROUTE DE MALVERNAY 01540 SAINT-JULIEN-SUR-VEYLE,01540,SAINT-JULIEN-SUR-VEYLE,01,,,,NN,2008-03-01,5499,P1,API Recherche Entreprises / INSEE Sirene,2026-05-09
41867684700027,418676847,DECIBEL FRANCE,BIDAULT,43.29A,43.29A,ZI DE ROSARGE 616 RUE DE LA DOMBES 01700 MIRIBEL,01700,MIRIBEL,01,,,,12,1998-05-05,5710,P1,API Recherche Entreprises / INSEE Sirene,2026-05-09
75160992600017,751609926,PUR'ISOLATION,JOLY (JOLY),43.29A,43.29A,31 AVENUE ARSENE D'ARSONVAL 01000 BOURG-EN-BRESSE,01000,BOURG-EN-BRESSE,01,,,,NN,2012-08-01,5710,P1,API Recherche Entreprises / INSEE Sirene,2026-05-09
83314268000010,833142680,ALPES ETANCH,KHEDIMI,43.29A,43.29A,146 RUE PASTEUR 01500 CHATEAU-GAILLARD,01500,CHATEAU-GAILLARD,01,,,,NN,2017-09-01,5499,P1,API Recherche Entreprises / INSEE Sirene,2026-05-09
85320196000012,853201960,AZL CONSULTING ENERGY,AZOULAY,43.29A,43.29A,LES ECHETS 21 RUE DES ORMES 01700 MIRIBEL,01700,MIRIBEL,01,,,,NN,2019-08-12,5710,P1,API Recherche Entreprises / INSEE Sirene,2026-05-09
88071271600013,880712716,FOULON ISOLATION,FOULON (FOULON),43.29A,43.29A,686 ROUTE DE BOURG EN BRESSE 01310 CONFRANCON,01310,CONFRANCON,01,,,,01,2020-01-03,5499,P1,API Recherche Entreprises / INSEE Sirene,2026-05-09
88130950400028,881309504,SOCIETE D'APPLICATION DE PRODUITS ISOLANTS (SAPI / SAPI-TECH / SAPI-PAINT) (S.A.P.I.),BMI,43.29A,43.29A,TECHNOPARC SAONE VALLEE EST 230 RUE MARIE CURIE 01390 CIVRIEUX,01390,CIVRIEUX,01,,,,11,2020-02-03,5710,P1,API Recherche Entreprises / INSEE Sirene,2026-05-09
88273526900020,882735269,MARTINEZ ENERGIES (MARTINEZ ENERGIES),MARTINEZ,43.29A,43.29A,228 RUE DE LA GRANGE DU BOIS 01160 LA TRANCLIERE,01160,LA TRANCLIERE,01,,,,02,2020-03-19,5710,P1,API Recherche Entreprises / INSEE Sirene,2026-05-09
83055025700018,830550257,WILLIAM PY (MULTIWAT),PY (PY),43.29A,43.29A,35 GRANDE RUE 01560 SAINT-JULIEN-SUR-REYSSOUZE,01560,SAINT-JULIEN-SUR-REYSSOUZE,01,,,,NN,2017-06-28,1000,P1,API Recherche Entreprises / INSEE Sirene,2026-05-09
83069500300012,830695003,RIADH NJAHI (NJAHI RIADH),NJAHI (NJAHI),43.29A,43.29A,17 BOULEVARD JULES FERRY 01000 BOURG-EN-BRESSE,01000,BOURG-EN-BRESSE,01,,,,NN,2017-07-01,1000,P1,API Recherche Entreprises / INSEE Sirene,2026-05-09
82390043600010,823900436,BERNARD CORTINOVIS (COGESTIM),CORTINOVIS (CORTINOVIS),43.29A,43.29A,1 RUE DE L'HOTEL DE VILLE 01130 NANTUA,01130,NANTUA,01,,,,NN,2016-10-22,1000,P1,API Recherche Entreprises / INSEE Sirene,2026-05-09
87919698800015,879196988,MOHAMED AYMENE BOUHELAL,BOUHELAL,43.29A,43.29A,12 PLACE DE LA COMMUNE 01000 BOURG-EN-BRESSE,01000,BOURG-EN-BRESSE,01,,,,NN,2019-12-02,1000,P1,API Recherche Entreprises / INSEE Sirene,2026-05-09
89354550900026,893545509,FABIEN CHAVERNOZ (PEINTURE FABIEN),CHAVERNOZ (CHAVERNOZ),43.29A,43.29A,95 ROUTE DE MACHURAZ 01510 TALISSIEU,01510,TALISSIEU,01,,,,NN,2021-02-12,1000,P1,API Recherche Entreprises / INSEE Sirene,2026-05-09
89111735000019,891117350,SYLVAIN LEFEVRE (SYLVAIN LEFEVRE RENOVATION),LEFEVRE,43.29A,43.29A,LIEU DIT POSAFOL 370 ROUTE DE LEYMENT 01150 LAGNIEU,01150,LAGNIEU,01,,,,NN,2020-11-16,1000,P1,API Recherche Entreprises / INSEE Sirene,2026-05-09
89765406700015,897654067,MH01 ISOLATION,CICEK (CICEK),43.29A,43.29A,34 ROUTE DE LA FORGE 01100 OYONNAX,01100,OYONNAX,01,,,,01,2021-02-01,5710,P1,API Recherche Entreprises / INSEE Sirene,2026-05-09
91162914500010,911629145,CLEANFORCE,MICHAUD,43.29A,43.29A,14 RUE DES SERVES 01340 MONTREVEL-EN-BRESSE,01340,MONTREVEL-EN-BRESSE,01,,,,NN,2022-03-18,5710,P1,API Recherche Entreprises / INSEE Sirene,2026-05-09
90362423700033,903624237,ARISTOTELIS GALANOPOULOS,GALANOPOULOS,43.29A,43.29A,33 PLACE DE LA MAIRIE 01630 SERGY,01630,SERGY,01,,,,NN,2021-10-01,1000,P1,API Recherche Entreprises / INSEE Sirene,2026-05-09
72202474202772,722024742,TK ELEVATOR FRANCE,BOISSEAU,43.29B,43.29B,20 RUE FRANCOIS CEVERT 49000 ANGERS,49000,ANGERS,49,,,,42,1973-01-01,5710,P1,API Recherche Entreprises / INSEE Sirene,2026-05-09
38371167801639,383711678,SCHINDLER,REBAUDO,43.29B,43.29B,5 RUE DEWOITINE 78140 VELIZY-VILLACOUBLAY,78140,VELIZY-VILLACOUBLAY,78,,,,51,1991-09-12,5599,P1,API Recherche Entreprises / INSEE Sirene,2026-05-09
43024385700116,430243857,ORONA,BASURCO SARASUA,43.29B,43.29B,LE PARC DES SAULES 52 AVENUE JEAN JAURES 69600 OULLINS-PIERRE-BENITE,69600,OULLINS-PIERRE-BENITE,69,,,,31,2000-04-04,5710,P1,API Recherche Entreprises / INSEE Sirene,2026-05-09
43488675000026,434886750,COVIBA,CORTAZZI (CORTAZZI),43.29B,43.29B,LE FOLLIET 01320 CRANS,01320,CRANS,01,,,,NN,2001-03-05,5499,P1,API Recherche Entreprises / INSEE Sirene,2026-05-09
50275231400034,502752314,SIGNALEFIXE,PICHON (PICHON),43.29B,43.29B,LA GENETIERE 29 CHEMIN DU VAL DE SAONE 01600 MASSIEUX,01600,MASSIEUX,01,,,,NN,2008-02-12,5499,P1,API Recherche Entreprises / INSEE Sirene,2026-05-09
85321515000030,853215150,AFEO BOURGOGNE (AFEO BOURGOGNE),REBILLARD,43.29B,43.29B,117 IMP L'INDUSTRIE 01090 MONTMERLE-SUR-SAONE,01090,MONTMERLE-SUR-SAONE,01,,,,02,2019-08-05,5710,P1,API Recherche Entreprises / INSEE Sirene,2026-05-09
79364325500011,793643255,VLADIMIR SHTYK,SHTYK,43.29B,43.29B,2 RUE LORETTE 01350 CULOZ-BEON,01350,CULOZ-BEON,01,,,,NN,2013-05-02,1000,P1,API Recherche Entreprises / INSEE Sirene,2026-05-09
82345411100027,823454111,CALAD'STORES SERVICES,CHANEL (CHANEL),43.29B,43.29B,413 RUE PHILIPPE HERON 69400 VILLEFRANCHE-SUR-SAONE,69400,VILLEFRANCHE-SUR-SAONE,69,,,,02,2016-10-24,5710,P1,API Recherche Entreprises / INSEE Sirene,2026-05-09
51159642100046,511596421,ROMAIN DI MARTINO,DI MARTINO,43.29B,43.29B,132 CHEMIN DU BONATIER 01390 MIONNAY,01390,MIONNAY,01,,,,NN,2009-02-04,1000,P1,API Recherche Entreprises / INSEE Sirene,2026-05-09
50940945400048,509409454,E 3 A,ARACIL (ARACIL),43.29B,43.29B,LIEU DIEU MONTAGNY 285 CHEMIN DU BOSQUET 73000 SONNAZ,73000,SONNAZ,73,,,,01,2008-12-04,5499,P1,API Recherche Entreprises / INSEE Sirene,2026-05-09
53446809500011,534468095,DOMOVELEC,DE OLIVEIRA,43.29B,43.29B,499 RUE DU FAUBOURG 01120 LA BOISSE,01120,LA BOISSE,01,,,,NN,2011-09-05,5499,P1,API Recherche Entreprises / INSEE Sirene,2026-05-09
43516941200010,435169412,MARQUIANT JEAN-LOUIS,DUBOISSET (DUBOISSET),43.29B,43.29B,81 AVENUE DE LA LIBERATION 01500 AMBERIEU-EN-BUGEY,01500,AMBERIEU-EN-BUGEY,01,,,,01,2001-03-22,5499,P1,API Recherche Entreprises / INSEE Sirene,2026-05-09
10161412100016,101614121,LES JARDINS D'ANTONIN (LES JARDINS D'ANTONIN),PERRAUD,43.29B,43.29B,250 ROUTE DE CORGENON 01960 SAINT-ANDRE-SUR-VIEUX-JONC,01960,SAINT-ANDRE-SUR-VIEUX-JONC,01,,,,NN,2026-03-01,5499,P1,API Recherche Entreprises / INSEE Sirene,2026-05-09
33231035800046,332310358,PIETRO PALUMBO,PALUMBO (PALUMBO),43.29B,43.29B,338 ROUTE DE MONTLUEL 01120 NIEVROZ,01120,NIEVROZ,01,,,,NN,1985-03-01,1000,P1,API Recherche Entreprises / INSEE Sirene,2026-05-09
52868565400014,528685654,JONATHAN FICHTER,FICHTER (FICHTER),43.29B,43.29B,847 ROUTE DE JASSANS 01600 TREVOUX,01600,TREVOUX,01,,,,NN,2010-08-01,1000,P1,API Recherche Entreprises / INSEE Sirene,2026-05-09
53223849000025,532238490,ANTHONY DIDO (DID'EAU PISCINES),DIDO (DIDO),43.29B,43.29B,59 RUE DE DORTAN 01100 OYONNAX,01100,OYONNAX,01,,,,01,2011-05-16,1000,P1,API Recherche Entreprises / INSEE Sirene,2026-05-09
79518725100017,795187251,DMPI,CHAMPEVAL-FALETTI (CHAMPEVAL-FALETTI),43.29B,43.29B,561 LES ORCIERES 01320 CHALAMONT,01320,CHALAMONT,01,,,,NN,2013-08-07,5710,P1,API Recherche Entreprises / INSEE Sirene,2026-05-09
41102459900044,411024599,VSM,REYNAUD,43.29B,43.29B,30 ROUTE DE BAPT 38480 SAINT-MARTIN-DE-VAULSERRE,38480,SAINT-MARTIN-DE-VAULSERRE,38,,,,NN,1997-02-17,5710,P1,API Recherche Entreprises / INSEE Sirene,2026-05-09
35124181500031,351241815,DANIEL VERY,VERY,43.29B,43.29B,14 RUE DUBOIS 69002 LYON,69002,LYON,69,,,,NN,1989-06-05,1000,P1,API Recherche Entreprises / INSEE Sirene,2026-05-09
37896256700020,378962567,CHOMAZ STORES FERMETURES,CONTE (CONTE),43.29B,43.29B,FLEYRIAT 1667 ROUTE DE PARIS 01440 VIRIAT,01440,VIRIAT,01,,,,03,1990-07-01,5499,P1,API Recherche Entreprises / INSEE Sirene,2026-05-09
33814134400030,338141344,ENSEIGNES PUBLICITE BEGUET,BEGUET,43.29B,43.29B,ZA LES RIPPES 01240 CERTINES,01240,CERTINES,01,,,,11,1986-05-12,5499,P1,API Recherche Entreprises / INSEE Sirene,2026-05-09
48222597600034,482225976,TRAVESSA (EUROPOSE),TRAVESSA,43.29B,43.29B,186 ALLEE DU DOMAINE DE BERANGERE 01480 ARS-SUR-FORMANS,01480,ARS-SUR-FORMANS,01,,,,01,2005-04-01,5499,P1,API Recherche Entreprises / INSEE Sirene,2026-05-09
48865717200026,488657172,SECURISE TOIT,PADILLA (PADILLA),43.29B,43.29B,208 AVENUE DE LA GARE 01700 BEYNOST,01700,BEYNOST,01,,,,01,2006-02-06,5499,P1,API Recherche Entreprises / INSEE Sirene,2026-05-09
51292309500032,512923095,JEROME GERMAIN (GJ MULTISERVICES),GERMAIN,43.29B,43.29B,PLUVIS 01300 IZIEU,01300,IZIEU,01,,,,NN,2009-06-15,1000,P1,API Recherche Entreprises / INSEE Sirene,2026-05-09
50144929200025,501449292,JPF PROTECTION,THEBAULT (THEBAULT),43.29B,43.29B,ZA DES ETOURNELLES 298 RUE LOUIS BLERIOT 01200 VALSERHONE,01200,VALSERHONE,01,,,,01,2007-12-06,5499,P1,API Recherche Entreprises / INSEE Sirene,2026-05-09
50166629100049,501666291,DERAS,DERCOURT (DERCOURT),43.29B,43.29B,196 ROUTE DE CHARNAY 01190 CHAVANNES-SUR-REYSSOUZE,01190,CHAVANNES-SUR-REYSSOUZE,01,,,,NN,2008-01-02,5499,P1,API Recherche Entreprises / INSEE Sirene,2026-05-09
87842913300019,878429133,YANNICK BLANC (ART PAYSAGE),BLANC (BLANC),43.29B,43.29B,181 RUE DU BOURG 01480 MESSIMY SUR SAONE,01480,MESSIMY SUR SAONE,01,,,,NN,2019-10-23,1000,P1,API Recherche Entreprises / INSEE Sirene,2026-05-09
81108276700013,811082767,FERMETURES INDUSTRIE,DELAIGUE,43.29B,43.29B,75 CHEMIN DE LA COMBE GOUTY 01250 RAMASSE,01250,RAMASSE,01,,,,01,2015-03-12,5710,P1,API Recherche Entreprises / INSEE Sirene,2026-05-09
84965326600023,849653266,JESSICA FAZZARI (CALAD'INNOV),FAZZARI,43.29B,43.29B,LE POIRIER 80 CHEMIN DE CHAMPAGNE 69830 SAINT-GEORGES-DE-RENEINS,69830,SAINT-GEORGES-DE-RENEINS,69,,,,NN,2019-05-02,1000,P1,API Recherche Entreprises / INSEE Sirene,2026-05-09
88058661500010,880586615,BERTHAUD AUTOMATISME (BERTHAUD MONTE-ESCALIER),BERTHAUD (BERTHAUD),43.29B,43.29B,210 CHEMIN DE LA CROIX VIEILLE 01600 SAINT-BERNARD,01600,SAINT-BERNARD,01,,,,01,2020-01-10,5710,P1,API Recherche Entreprises / INSEE Sirene,2026-05-09
90923803200017,909238032,MC INDUSTRIE,CORON,43.29B,43.29B,12 RUE DE LA BRILLATTE 01500 AMBERIEU-EN-BUGEY,01500,AMBERIEU-EN-BUGEY,01,,,,NN,2022-01-03,5499,P1,API Recherche Entreprises / INSEE Sirene,2026-05-09
92085430400028,920854304,EUROLIFT ASCENSEURS,KAIDI,43.29B,43.29B,CENTRE COMMERCIAL ESPACE CANDIDE RUE DE MEYRIN 01210 FERNEY-VOLTAIRE,01210,FERNEY-VOLTAIRE,01,,,,01,2022-10-21,5710,P1,API Recherche Entreprises / INSEE Sirene,2026-05-09
97749842700011,977498427,AXEL CHARPENTIER (BRICOXPERT),CHARPENTIER,43.29B,43.29B,320 RUE DE LA PLAINE 01350 CULOZ-BEON,01350,CULOZ-BEON,01,,,,NN,2023-07-10,1000,P1,API Recherche Entreprises / INSEE Sirene,2026-05-09
94778965700022,947789657,CYRIL COLIN (COLIN MULTISERVICES ESPACES VERTS),COLIN,43.29B,43.29B,31 CHEMIN DU MOULIN COLON 01570 MANZIAT,01570,MANZIAT,01,,,,NN,2022-12-01,1000,P1,API Recherche Entreprises / INSEE Sirene,2026-05-09
97798349300015,977983493,AMPERE HOME (AMPERE HOME),CIZAIRE,43.29B,43.29B,247 CHEMIN DU GRAND CURTIL 01190 ARBIGNY,01190,ARBIGNY,01,,,,NN,2023-07-19,5499,P1,API Recherche Entreprises / INSEE Sirene,2026-05-09
93290915300011,932909153,JULIEN CHICHPORTICH,CHICHPORTICH,43.29B,43.29B,47 ALLEE DES PENSEES 01660 MEZERIAT,01660,MEZERIAT,01,,,,NN,2024-09-04,1000,P1,API Recherche Entreprises / INSEE Sirene,2026-05-09
87883675800010,878836758,2MLC,CORTINOVIS (CORTINOVIS),43.29B,43.29B,192 ROUTE DE VONGNES 01350 CEYZERIEU,01350,CEYZERIEU,01,,,,NN,2019-10-27,5499,P1,API Recherche Entreprises / INSEE Sirene,2026-05-09
42165226400027,421652264,MATHIAS FAVROT LANGERON,FAVROT-LANGERON (FAVROT LANGERON),43.29B,43.29B,CHEZ M FAVROT-LANGERON EMMANUEL HAMEAU LES DESIRS 01540 SAINT-JULIEN-SUR-VEYLE,01540,SAINT-JULIEN-SUR-VEYLE,01,,,,NN,1999-02-15,1000,P1,API Recherche Entreprises / INSEE Sirene,2026-05-09
41054142900016,410541429,PLAINE DE L'AIN MULTI SERVICES (PAMS),CAVET,43.29B,43.29B,ZONE INDUSTRIELLE LES VERCHERES 01800 MEXIMIEUX,01800,MEXIMIEUX,01,,,,01,1997-01-01,5499,P1,API Recherche Entreprises / INSEE Sirene,2026-05-09
78910500400012,789105004,LEMAN HOME CONFORT,LEVRAT,43.29B,43.29B,36 RUE LES CHATELAINS 01630 PERON,01630,PERON,01,,,,NN,2012-10-22,5499,P1,API Recherche Entreprises / INSEE Sirene,2026-05-09
79521472500033,795214725,FLORIAN PERRON (FLOCLOTURE),PERRON (PERRON),43.29B,43.29B,467 MONTEE DE SERRANS 01140 MOGNENEINS,01140,MOGNENEINS,01,,,,NN,2013-06-11,1000,P1,API Recherche Entreprises / INSEE Sirene,2026-05-09
79743744900037,797437449,R D I RICHARD DI ROLLO INSTALLATION,DI ROLLO (DI ROLLO),43.29B,43.29B,221 CHEMIN DE BERNOUD 01390 CIVRIEUX,01390,CIVRIEUX,01,,,,NN,2013-09-24,5499,P1,API Recherche Entreprises / INSEE Sirene,2026-05-09
79376896100021,793768961,BERTHET NOUVELLE GENERATION (BERTHET NOUVELLE GENERATION PROTECTIONS SOLAIRES ET FERMETURES),HYVERNAT,43.29B,43.29B,30 IMPASSE DES GRANDS VARAYS 01540 VONNAS,01540,VONNAS,01,,,,03,2013-06-18,5710,P1,API Recherche Entreprises / INSEE Sirene,2026-05-09
79382022600033,793820226,ACTIVE PROTECT (AP),EYNARD-MACHET,43.29B,43.29B,8 RUE LEON BLUM 01500 CHATEAU-GAILLARD,01500,CHATEAU-GAILLARD,01,,,,01,2013-07-01,5710,P1,API Recherche Entreprises / INSEE Sirene,2026-05-09
80369826500011,803698265,SAS AMBIANCE FEU,CHAGNEUX (CHAGNEUX),43.29B,43.29B,157 AVENUE DE BRESSE 01000 SAINT-DENIS-LES-BOURG,01000,SAINT-DENIS-LES-BOURG,01,,,,02,2014-07-24,5710,P1,API Recherche Entreprises / INSEE Sirene,2026-05-09
79958224200027,799582242,ROCA,TIXIER,43.29B,43.29B,84 ALLEE DES GENTIANES 01480 JASSANS-RIOTTIER,01480,JASSANS-RIOTTIER,01,,,,02,2014-01-02,5710,P1,API Recherche Entreprises / INSEE Sirene,2026-05-09
53996214200029,539962142,BT AGENCEMENT (BT AGENCEMENT),VERNAY (VERNAY),43.29B,43.29B,LIEUDIT MIANGES 79 CHEMIN DES CHENES 38460 CHAMAGNIEU,38460,CHAMAGNIEU,38,,,,NN,2012-02-06,5499,P1,API Recherche Entreprises / INSEE Sirene,2026-05-09
82120499700026,821204997,NEOTOMATISMES,BALESSE (BALESSE),43.29B,43.29B,2 IMPASSE DE FOURCHABOU 01420 CHANAY,01420,CHANAY,01,,,,01,2016-07-01,5710,P1,API Recherche Entreprises / INSEE Sirene,2026-05-09
48060960100012,480609601,ASCENSEURS CARRAY FRERES,CARRAY (CARRAY),43.29B,43.29B,24 HAMEAU DES ALOUETTES 01390 MIONNAY,01390,MIONNAY,01,,,,NN,2005-02-01,5499,P1,API Recherche Entreprises / INSEE Sirene,2026-05-09
52863154200032,528631542,REMIS,TOSCHEK (TOSCHEK),43.29B,43.29B,146 RUE PASTEUR 01500 CHATEAU-GAILLARD,01500,CHATEAU-GAILLARD,01,,,,01,2010-12-01,5710,P1,API Recherche Entreprises / INSEE Sirene,2026-05-09
53808751100035,538087511,ALEXANDRE EMAIN (MAKE AND CONNECT),EMAIN (EMAIN),43.29B,43.29B,61 RUE DE LYON 75012 PARIS,75012,PARIS,75,,,,NN,2011-12-02,1000,P1,API Recherche Entreprises / INSEE Sirene,2026-05-09
50754718000012,507547180,RICHARD DEGUT (MATIC-CONTROLE),DEGUT (DEGUT),43.29B,43.29B,870 ROUTE DES MESANGES 01851 MARBOZ,01851,MARBOZ,01,,,,NN,2008-09-01,1000,P1,API Recherche Entreprises / INSEE Sirene,2026-05-09
51043159600012,510431596,ERREGI FRANCE,LUTHI (LUTHI),43.29B,43.29B,244 RUE DES PERVENCHES 01090 MONTMERLE-SUR-SAONE,01090,MONTMERLE-SUR-SAONE,01,,,,NN,2009-03-02,5499,P1,API Recherche Entreprises / INSEE Sirene,2026-05-09
50007529600045,500075296,LOIC BOYER (BETON & NATURE),BOYER (BOYER),43.29B,43.29B,LA PETITE FEUILLEE 566 ROUTE DE SAINT TRIVIER 01400 SANDRANS,01400,SANDRANS,01,,,,NN,2007-09-17,1000,P1,API Recherche Entreprises / INSEE Sirene,2026-05-09
41383954900032,413839549,EKREM YILDIRIM,YILDIRIM,43.29B,43.29B,5 RUE DE LA PERTE DU RHONE 01200 VALSERHONE,01200,VALSERHONE,01,,,,NN,1997-09-25,1000,P1,API Recherche Entreprises / INSEE Sirene,2026-05-09
53079647300078,530796473,ERIC DONJON (EVSP),DONJON,43.29B,43.29B,17 ROUTE DE PARIS 69210 L'ARBRESLE,69210,L'ARBRESLE,69,,,,NN,2011-03-03,1000,P1,API Recherche Entreprises / INSEE Sirene,2026-05-09
44767033200017,447670332,DIDIER SIGNALETIC,XYLOCORP,43.29B,43.29B,7 AVENUE ARSENE D'ARSONVAL 01000 BOURG-EN-BRESSE,01000,BOURG-EN-BRESSE,01,,,,03,2003-03-01,5710,P1,API Recherche Entreprises / INSEE Sirene,2026-05-09
37984869000085,379848690,PIERRE KIEFFER,KIEFFER,43.29B,43.29B,50 RUE DES LILAS 71260 FLEURVILLE,71260,FLEURVILLE,71,,,,NN,1990-10-29,1000,P1,API Recherche Entreprises / INSEE Sirene,2026-05-09
82422890200014,824228902,MARC GAUTHIER (MARC'AUTOMATISME),GAUTHIER (GAUTHIER),43.29B,43.29B,72 PASSAGE DE L’ESPERANCE 01700 BEYNOST,01700,BEYNOST,01,,,,NN,2017-01-02,1000,P1,API Recherche Entreprises / INSEE Sirene,2026-05-09
82764739700021,827647397,LPN AUTOMATISMES,VAUDAINE (VARLOUD),43.29B,43.29B,181 RUE DE L'EGLISE 01250 BOHAS-MEYRIAT-RIGNAT,01250,BOHAS-MEYRIAT-RIGNAT,01,,,,01,2017-02-08,5710,P1,API Recherche Entreprises / INSEE Sirene,2026-05-09
88836716600020,888367166,UP'TIMAL (UP'TIMAL) (UP'TIMAL),UPMS,43.29B,43.29B,470 RUE DES VALETS 01120 MONTLUEL,01120,MONTLUEL,01,,,,02,2020-09-01,5710,P1,API Recherche Entreprises / INSEE Sirene,2026-05-09
89015068300013,890150683,KEVIN HAUSSEMONT (HAUSSEMONT MULTI SERVICE),HAUSSEMONT (HAUSSEMONT),43.29B,43.29B,112 GRANDE RUE 01150 SAINT-SORLIN-EN-BUGEY,01150,SAINT-SORLIN-EN-BUGEY,01,,,,NN,2020-10-05,1000,P1,API Recherche Entreprises / INSEE Sirene,2026-05-09
90026447400033,900264474,FLORIAN BLANCHOUD,BLANCHOUD,43.29B,43.29B,736 ROUTE DE LAGNIEU 01150 BLYES,01150,BLYES,01,,,,NN,2021-06-11,1000,P1,API Recherche Entreprises / INSEE Sirene,2026-05-09
90265139700017,902651397,LEBONSTORE (LEBONSTORE),LEBON,43.29B,43.29B,LD CORBONOD 01420 CORBONOD,01420,CORBONOD,01,,,,NN,2021-06-09,5710,P1,API Recherche Entreprises / INSEE Sirene,2026-05-09
90409093300022,904090933,QUENTIN EXPOSITO (EXPOSITO CREATIONS),EXPOSITO,43.29B,43.29B,3 PLACE DE L'EGLISE 01960 SERVAS,01960,SERVAS,01,,,,NN,2021-10-18,1000,P1,API Recherche Entreprises / INSEE Sirene,2026-05-09
89040418900023,890404189,NBH ASCENSEURS,BENDRISS HARRATA,43.29B,43.29B,18 RUE DES ACACIAS 01310 CONFRANCON,01310,CONFRANCON,01,,,,01,2020-01-01,5710,P1,API Recherche Entreprises / INSEE Sirene,2026-05-09
91483735600015,914837356,SYLVAIN RICHET,RICHET,43.29B,43.29B,320 RUE DE PRE LACOUR 01470 BRIORD,01470,BRIORD,01,,,,NN,2022-06-15,1000,P1,API Recherche Entreprises / INSEE Sirene,2026-05-09
91506044600019,915060446,TECHNAA,LAMORELLE (LAMORELLE),43.29B,43.29B,311 CHEMIN DE FORTUNAT 01250 CEYZERIAT,01250,CEYZERIAT,01,,,,01,2022-06-27,5499,P1,API Recherche Entreprises / INSEE Sirene,2026-05-09
92857091000010,928570910,JKL ASCENSEURS,KEOHAVONG,43.29B,43.29B,17 RUE SAINT SATURNIN 01150 SAINT-SORLIN-EN-BUGEY,01150,SAINT-SORLIN-EN-BUGEY,01,,,,NN,2024-05-02,5710,P1,API Recherche Entreprises / INSEE Sirene,2026-05-09
91251008800012,912510088,GENIEYZ ARTISAN,GENIEYZ,43.29B,43.29B,955 ROUTE DE MURY 01170 ECHENEVEX,01170,ECHENEVEX,01,,,,NN,2022-04-01,5499,P1,API Recherche Entreprises / INSEE Sirene,2026-05-09
91344276000025,913442760,PASSY SIKILA MUNUNU (SOTEF SOUTIEN TECHNIQUE ELEVATIONS ET FERMETURES),SIKILA MUNUNU (SIKILA MUNUNU),43.29B,43.29B,7 LOT L'OREE DU VILLAGE 01990 SAINT-TRIVIER-SUR-MOIGNANS,01990,SAINT-TRIVIER-SUR-MOIGNANS,01,,,,NN,2022-06-11,1000,P1,API Recherche Entreprises / INSEE Sirene,2026-05-09
95159457100014,951594571,ADRIEN DIDIER (ADRIEN DIDIER),DIDIER,43.29B,43.29B,85 MONTEE DU CHATEAU 01240 LENT,01240,LENT,01,,,,NN,2023-04-19,1000,P1,API Recherche Entreprises / INSEE Sirene,2026-05-09
93929738800026,939297388,RA CLOTURES,RAGUIG,43.29B,43.29B,417 ROUTE DE GENEVE 01700 BEYNOST,01700,BEYNOST,01,,,,NN,2025-01-01,5499,P1,API Recherche Entreprises / INSEE Sirene,2026-05-09
93934676300021,939346763,A3CA,FERRUS,43.29B,43.29B,23 BOULEVARD LOUIS DUPUY 01100 OYONNAX,01100,OYONNAX,01,,,,NN,2025-01-07,5499,P1,API Recherche Entreprises / INSEE Sirene,2026-05-09
94042544000010,940425440,FRANCESCO CANNATA (FC.AUTOMATISMES),CANNATA,43.29B,43.29B,785 RUE MARCEL BOUCHARD 01800 MEXIMIEUX,01800,MEXIMIEUX,01,,,,NN,2025-03-01,1000,P1,API Recherche Entreprises / INSEE Sirene,2026-05-09
97754319800013,977543198,BMS (BMS ASCENCEUR - BMS ELECTRICITE),MASCUNAN-BOUADJAR (BOUADJAR),43.29B,43.29B,180 AVENUE DES VIGNES 01090 MONTMERLE-SUR-SAONE,01090,MONTMERLE-SUR-SAONE,01,,,,NN,2023-07-06,5499,P1,API Recherche Entreprises / INSEE Sirene,2026-05-09
97818577500019,978185775,TM ASCENSEURS,MAMY,43.29B,43.29B,30 ROUTE DU PELOU 01190 OZAN,01190,OZAN,01,,,,NN,2023-07-25,5499,P1,API Recherche Entreprises / INSEE Sirene,2026-05-09
94146333300018,941463333,ASCENTECH & SYSTEMES SAVOIE,CEVOZ-MAMI,43.29B,43.29B,245 COURS CONDE 01120 MONTLUEL,01120,MONTLUEL,01,,,,NN,2025-02-19,5710,P1,API Recherche Entreprises / INSEE Sirene,2026-05-09
53473777000014,534737770,ALIA CONCEPT,,43.29B,43.29B,MUSIN 10 IMP DE LA GAIETE 01300 MAGNIEU,01300,MAGNIEU,01,,,,NN,2011-10-01,5499,P1,API Recherche Entreprises / INSEE Sirene,2026-05-09
32255616800019,322556168,BERTHET STORES ET FERMETURES,,43.29B,43.29B,ZI DE LA TUILERIE 01540 VONNAS,01540,VONNAS,01,,,,NN,1974-01-01,5499,P1,API Recherche Entreprises / INSEE Sirene,2026-05-09
52794516600017,527945166,WILLY MARY,MARY (MARY),43.29B,43.29B,4 ALLEE DES NEFLIERS 38090 VILLEFONTAINE,38090,VILLEFONTAINE,38,,,,NN,2010-10-01,1000,P1,API Recherche Entreprises / INSEE Sirene,2026-05-09
53103149000034,531031490,MG POSE,MICELI,43.29B,43.29B,41 RUE DE LA REPUBLIQUE 01500 SAINT-DENIS-EN-BUGEY,01500,SAINT-DENIS-EN-BUGEY,01,,,,NN,2011-04-01,5499,P1,API Recherche Entreprises / INSEE Sirene,2026-05-09
53110100400020,531101004,GENNARO MICELI (GENNARO MICELI SERVICES),MICELI (MICELI),43.29B,43.29B,41 RUE DE LA REPUBLIQUE 01500 SAINT-DENIS-EN-BUGEY,01500,SAINT-DENIS-EN-BUGEY,01,,,,NN,2011-04-01,1000,P1,API Recherche Entreprises / INSEE Sirene,2026-05-09
75237613700010,752376137,LOIC SAUNOIS (INSTHYM PAYSAGE),SAUNOIS,43.29B,43.29B,49 RUE DES TEPADAZ 01750 REPLONGES,01750,REPLONGES,01,,,,NN,2012-06-11,1000,P1,API Recherche Entreprises / INSEE Sirene,2026-05-09
75281570400016,752815704,PHILIPPE DUFAY,DUFAY,43.29B,43.29B,26 LOTISSEMENT DE LA PLACE 01500 SAINT-MAURICE-DE-REMENS,01500,SAINT-MAURICE-DE-REMENS,01,,,,NN,2012-07-10,1000,P1,API Recherche Entreprises / INSEE Sirene,2026-05-09
80826580500016,808265805,JEAN-LOUP DEBELLE,DEBELLE,43.29B,43.29B,GEVRIEUX 312 RUE DU PLOMB 01320 CHATILLON-LA-PALUD,01320,CHATILLON-LA-PALUD,01,,,,NN,2014-12-08,1000,P1,API Recherche Entreprises / INSEE Sirene,2026-05-09
39302900400016,393029004,GUY DUROCHAT,DUROCHAT,43.29B,43.29B,01230 EVOSGES,01230,EVOSGES,01,,,,NN,1993-11-22,1000,P1,API Recherche Entreprises / INSEE Sirene,2026-05-09
43993614700016,439936147,SIH SERVICES,FRITZINGER,43.29B,43.29B,SARRALBE HARAS 57430 SARRALBE,57430,SARRALBE,57,,,,NN,2001-11-13,5710,P1,API Recherche Entreprises / INSEE Sirene,2026-05-09
44133033900025,441330339,PATRICE BLANC,BLANC,43.29B,43.29B,82 AVENUE DE QUIMPER 29150 CHATEAULIN,29150,CHATEAULIN,29,,,,NN,2002-04-02,1000,P1,API Recherche Entreprises / INSEE Sirene,2026-05-09
44159477700035,441594777,HUSEYIN AYTEN (ENTREPRISE AYTEN),AYTEN,43.29B,43.29B,52 RUE DE LA LIBERTE 01630 SAINT-GENIS-POUILLY,01630,SAINT-GENIS-POUILLY,01,,,,NN,2002-04-14,1000,P1,API Recherche Entreprises / INSEE Sirene,2026-05-09
83213647700011,832136477,JEROME DONMARTIN,DONMARTIN,43.29B,43.29B,115 CHEMIN DES COMBES 01600 MASSIEUX,01600,MASSIEUX,01,,,,NN,2017-10-01,1000,P1,API Recherche Entreprises / INSEE Sirene,2026-05-09
81432608800014,814326088,FREDDY HOARAU ACCESSIBLITE,HOARAU,43.29B,43.29B,LIEU DIT EVIEU 51 PAS DE LA CROIX 01300 GROSLEE-SAINT-BENOIT,01300,GROSLEE-SAINT-BENOIT,01,,,,NN,2015-10-01,5710,P1,API Recherche Entreprises / INSEE Sirene,2026-05-09
81487270100010,814872701,ANTONIN CHATELET,CHATELET,43.29B,43.29B,3 RUE BOUVARD 01000 BOURG-EN-BRESSE,01000,BOURG-EN-BRESSE,01,,,,NN,2015-11-07,1000,P1,API Recherche Entreprises / INSEE Sirene,2026-05-09
81535878300018,815358783,CHRISTOPHER AVENGOZAR (PUBLI-CITY),AVENGOZAR,43.29B,43.29B,26 LOT LES ALLEES FLEURIES 01160 PRIAY,01160,PRIAY,01,,,,NN,2016-01-18,1000,P1,API Recherche Entreprises / INSEE Sirene,2026-05-09
87769086700016,877690867,PORTAIL CLOTURE PAYSAGE INSTHYM PAYSAGE (PCP INSTHYM PAYSAGE),SAUNOIS (SAUNOIS),43.29B,43.29B,49 RUE DES TEPADAZ 01750 REPLONGES,01750,REPLONGES,01,,,,NN,2019-10-01,5499,P1,API Recherche Entreprises / INSEE Sirene,2026-05-09
51304214300034,513042143,LOIC DESMARIS (LTL FERMETURE),DESMARIS,43.29B,43.29B,151 ROUTE DE LA MAIRIE 01340 SAINT-SULPICE,01340,SAINT-SULPICE,01,,,,NN,2009-07-01,1000,P1,API Recherche Entreprises / INSEE Sirene,2026-05-09
51329803400028,513298034,SAMUEL XUEREB,XUEREB,43.29B,43.29B,409 RUE KARRHENT ROZ 22700 PERROS-GUIREC,22700,PERROS-GUIREC,22,,,,NN,2009-07-01,1000,P1,API Recherche Entreprises / INSEE Sirene,2026-05-09
89016232400010,890162324,SEBASTIEN CHEVIN,CHEVIN,43.29B,43.29B,234 RUE DES MARRONNIERS 01340 BRESSE VALLONS,01340,BRESSE VALLONS,01,,,,NN,2020-10-18,1000,P1,API Recherche Entreprises / INSEE Sirene,2026-05-09
89915836400013,899158364,KSEF (KSEF),SAC-EPEE FRADCOURT (SAC-EPEE),43.29B,43.29B,30 RUE AUGUSTE PICCARD 01630 SAINT-GENIS-POUILLY,01630,SAINT-GENIS-POUILLY,01,,,,NN,2021-05-05,5499,P1,API Recherche Entreprises / INSEE Sirene,2026-05-09
84873570000025,848735700,ANOUAR BENDRISS HARRATA (NBH ASCENSEURS),BENDRISS HARRATA,43.29B,43.29B,239 RUE DE BOIS COLLOMB 01310 CONFRANCON,01310,CONFRANCON,01,,,,NN,2019-03-01,1000,P1,API Recherche Entreprises / INSEE Sirene,2026-05-09
79708032200010,797080322,FAVRAT CONSTRUCTION BOIS,FAVRAT,43.91A,43.91A,ZA DES MARQUISATS 84 ROUTE DU LAC 74550 ORCIER,74550,ORCIER,74,,,,21,1970-01-01,5710,P1,API Recherche Entreprises / INSEE Sirene,2026-05-09
84035895600018,840358956,LIGNOTOIT,BOYER (BOYER),43.91A,70.10Z,251 ROUTE DE PEROUX 01290 BIZIAT,01290,BIZIAT,01,,,,03,2018-06-01,5499,P1,API Recherche Entreprises / INSEE Sirene,2026-05-09
82172682500010,821726825,RS TOITURE (ROUCHOUSE),ROUCHOUSE (ROUCHOUSE),43.91A,70.10Z,404 RUE GANTILLON 69400 VILLEFRANCHE-SUR-SAONE,69400,VILLEFRANCHE-SUR-SAONE,69,,,,01,2016-07-01,5499,P1,API Recherche Entreprises / INSEE Sirene,2026-05-09
81401164900013,814011649,TOM'CHARPENTE,BERNARDIN (BERNARDIN),43.91A,43.91A,30 IMPASSE DU PUITS 01580 MATAFELON-GRANGES,01580,MATAFELON-GRANGES,01,,,,NN,2015-09-16,5499,P1,API Recherche Entreprises / INSEE Sirene,2026-05-09
47965006100027,479650061,HENRI-PIERRE POCHON (H2P),POCHON,43.91A,43.91A,82 ROUTE DE MEZERIAT 01310 POLLIAT,01310,POLLIAT,01,,,,NN,2004-10-06,1000,P1,API Recherche Entreprises / INSEE Sirene,2026-05-09
88197770600012,881977706,L'ARONDE,STELLIO,43.91A,70.10Z,26 RUE DE CROULET 01350 CEYZERIEU,01350,CEYZERIEU,01,,,,NN,2020-01-24,5710,P1,API Recherche Entreprises / INSEE Sirene,2026-05-09
75084764200014,750847642,DURAND BOIS CONCEPT,DURAND,43.91A,70.10Z,AVRISSIEU LE BAS 01350 CEYZERIEU,01350,CEYZERIEU,01,,,,02,2012-03-26,5710,P1,API Recherche Entreprises / INSEE Sirene,2026-05-09
50864191700010,508641917,TELQIU (SARL),,43.91A,70.10Z,4 IMP COLOMBELLE LE GRAND SACONNEX SUISSE,,,,,,,NN,2007-07-02,3220,P2,API Recherche Entreprises / INSEE Sirene,2026-05-09
88349449400015,883494494,TESI,BAZZANINI (BAZZANINI),43.91A,70.10Z,7 VIA PADRE UGO FRASCA CHIETI ITALIE,,,,,,,01,2020-06-01,3120,P2,API Recherche Entreprises / INSEE Sirene,2026-05-09
93996080300012,939960803,ENTREPRISE BOUHOT LE CHARPENTIER BOURGUIGNON,BOUHOT,43.91A,43.91A,900 CHEMIN DE MIGLENE 01250 VILLEREVERSURE,01250,VILLEREVERSURE,01,,,,NN,2025-01-20,5499,P1,API Recherche Entreprises / INSEE Sirene,2026-05-09
74980832500031,749808325,LUCAS MICHEL,LUCAS (LUCAS),43.91A,43.91A,41 PLACE DE BOHAS 01250 BOHAS-MEYRIAT-RIGNAT,01250,BOHAS-MEYRIAT-RIGNAT,01,,,,01,2012-03-05,5499,P1,API Recherche Entreprises / INSEE Sirene,2026-05-09
74993813000012,749938130,FINARELLI GIANNI,FINARELLI (FINARELLI),43.91A,43.91A,7 AV ANTONIN PONCET 01350 CULOZ-BEON,01350,CULOZ-BEON,01,,,,NN,2012-02-01,5499,P1,API Recherche Entreprises / INSEE Sirene,2026-05-09
75041519200020,750415192,LOPES CARDOSO ALVES (LOPES CARDOSO/ALVES),ALVES (ALVES),43.91A,43.91A,1 IMPASSE BEAU VALLON 01480 FRANS,01480,FRANS,01,,,,01,2012-03-14,5499,P1,API Recherche Entreprises / INSEE Sirene,2026-05-09
53270561300018,532705613,YOHANN TESTARD (AIN CHARPENTE),TESTARD (TESTARD),43.91A,43.91A,LIEU DIT GEVRIEUX 13 RUE D'AMBERIEU 01320 CHATILLON-LA-PALUD,01320,CHATILLON-LA-PALUD,01,,,,01,2011-06-01,1000,P1,API Recherche Entreprises / INSEE Sirene,2026-05-09
53934077800023,539340778,A.B. CHARPENTE,TANRIVERDI,43.91A,43.91A,110 RUE DE L’AVENIR 01210 ORNEX,01210,ORNEX,01,,,,01,2011-12-19,5499,P1,API Recherche Entreprises / INSEE Sirene,2026-05-09
51154404100037,511544041,MOHAMED SRHEIR,SRHEIR,43.91A,43.91A,OLYMPIADES 96 1120 RUE EDOUARD HERRIOT 01480 JASSANS-RIOTTIER,01480,JASSANS-RIOTTIER,01,,,,NN,2009-04-14,1000,P1,API Recherche Entreprises / INSEE Sirene,2026-05-09
52979374700013,529793747,MENDES MACHADO,MENDES MACHADO (MENDES MACHADO),43.91A,43.91A,1 LOTISSEMENT LE CLOS DES BOUTONS D'OR I 01990 CHANEINS,01990,CHANEINS,01,,,,03,2010-10-01,5499,P1,API Recherche Entreprises / INSEE Sirene,2026-05-09
52367187300041,523671873,ROMAIN SAINT-PIERRE,SAINT-PIERRE (SAINT-PIERRE),43.91A,43.91A,1304 ROUTE DE VEISSIEUX LE BAS 01600 REYRIEUX,01600,REYRIEUX,01,,,,NN,2010-07-01,1000,P1,API Recherche Entreprises / INSEE Sirene,2026-05-09
52402203500025,524022035,CB2,BROSSIER (BROSSIER),43.91A,43.91A,12 CHEMIN DE L'EPINETTE 39270 ORGELET,39270,ORGELET,39,,,,01,2010-07-22,5499,P1,API Recherche Entreprises / INSEE Sirene,2026-05-09
75350845600013,753508456,SCOP BOIS LOGIC (SCOP BOIS LOGIC),DECEVRE,43.91A,43.91A,242 CHEMIN DE LA LONGERAYE 01640 SAINT-JEAN-LE-VIEUX,01640,SAINT-JEAN-LE-VIEUX,01,,,,11,2012-09-01,5458,P1,API Recherche Entreprises / INSEE Sirene,2026-05-09
75368421600017,753684216,VINCENT LERY (LV BAT SERVICES),LERY (LERY),43.91A,43.91A,290 HAM LA FAGNE 01390 CIVRIEUX,01390,CIVRIEUX,01,,,,NN,2012-10-01,1000,P1,API Recherche Entreprises / INSEE Sirene,2026-05-09
41182940100024,411829401,ANDRE MASSE ET FILS,ANDRE MASSE (ANDRE MASSE),43.91A,43.91A,EN BRACHAY 01350 CULOZ-BEON,01350,CULOZ-BEON,01,,,,01,1997-04-01,5499,P1,API Recherche Entreprises / INSEE Sirene,2026-05-09
41309711400024,413097114,RIBEIRO DIAS,RIBEIRO DIAS (RIBEIRO DIAS),43.91A,43.91A,399 RUE DE LA JACOBEE 01600 TREVOUX,01600,TREVOUX,01,,,,01,1997-07-01,5710,P1,API Recherche Entreprises / INSEE Sirene,2026-05-09
34393856900039,343938569,TOURNIER (MENUISERIE CHARPENTE TOURNIER),TOURNIER,43.91A,43.91A,ZA LES PELLANTS 01430 SAINT-MARTIN-DU-FRENE,01430,SAINT-MARTIN-DU-FRENE,01,,,,12,1988-03-01,5710,P1,API Recherche Entreprises / INSEE Sirene,2026-05-09
10297645300013,102976453,VALENTIN PACAUD (VPC CONSTRUCTION BOIS),PACAUD,43.91A,43.91A,301 CHEMIN DU CRET - IMPASSE DE L'ETANG 01170 GEX,01170,GEX,01,,,,NN,2026-03-26,1000,P1,API Recherche Entreprises / INSEE Sirene,2026-05-09
10319760400012,103197604,US ET OUS BOIS,LOTH,43.91A,43.91A,371 RUE DE GEX-LA-VILLE 01170 GEX,01170,GEX,01,,,,NN,2026-03-26,5499,P1,API Recherche Entreprises / INSEE Sirene,2026-05-09
39852373800019,398523738,PREBATI,ANCIAN (ANCIAN),43.91A,43.91A,Z I NORD 01700 BEYNOST,01700,BEYNOST,01,,,,01,1994-10-03,5499,P1,API Recherche Entreprises / INSEE Sirene,2026-05-09
41501435600018,415014356,LYAUDET CHARPENTE,LYAUDET,43.91A,43.91A,64 RUE DE LA COMBE DERGIS STE ANN 01110 PLATEAU D'HAUTEVILLE,01110,PLATEAU D'HAUTEVILLE,01,,,,03,1998-01-01,5499,P1,API Recherche Entreprises / INSEE Sirene,2026-05-09
40836806600036,408368066,LES CHALETS DE JESSY,DESCHAMPS (DESCHAMPS),43.91A,43.91A,354 ALLEE DES TEPPES 01380 SAINT-CYR-SUR-MENTHON,01380,SAINT-CYR-SUR-MENTHON,01,,,,NN,1996-07-01,5499,P1,API Recherche Entreprises / INSEE Sirene,2026-05-09
83926095700015,839260957,FELIX TOITURE PERE ET FILS (FELIX TOITURE PERE ET FILS),FELIX (FELIX),43.91A,43.91A,135 B RUE DE LA BARRE 01440 VIRIAT,01440,VIRIAT,01,,,,01,2018-04-18,5499,P1,API Recherche Entreprises / INSEE Sirene,2026-05-09
83927443800010,839274438,PACCOUD ALAIN,PACCOUD,43.91A,43.91A,HAMEAU DE LA CHAMPIONNIERE 414 RUE JULES BLANCHET 01500 AMBRONAY,01500,AMBRONAY,01,,,,NN,2018-04-03,5499,P1,API Recherche Entreprises / INSEE Sirene,2026-05-09
84087202200024,840872022,PAC CHARPENTE,CHARRIERE (CHARRIERE),43.91A,43.91A,250 CHEMIN DES VERCHERES 01800 MEXIMIEUX,01800,MEXIMIEUX,01,,,,02,2018-07-16,5499,P1,API Recherche Entreprises / INSEE Sirene,2026-05-09
44800086900025,448000869,JEAN MENUT,MENUT (MENUT),43.91A,43.91A,6 RUE DE LA CROIX 01470 SERRIERES-DE-BRIORD,01470,SERRIERES-DE-BRIORD,01,,,,01,2003-04-10,1000,P1,API Recherche Entreprises / INSEE Sirene,2026-05-09
45167281000053,451672810,FREDERIC BRICHE (TDB),BRICHE,43.91A,43.91A,75 ROUTE NAPOLEON 01510 SAINT-MARTIN-DE-BAVEL,01510,SAINT-MARTIN-DE-BAVEL,01,,,,NN,2004-01-05,1000,P1,API Recherche Entreprises / INSEE Sirene,2026-05-09
45219448300015,452194483,GILBERT DUMOULIN,DUMOULIN (DUMOULIN),43.91A,43.91A,178 RUE DE L’EGALITE 01400 NEUVILLE-LES-DAMES,01400,NEUVILLE-LES-DAMES,01,,,,01,2004-02-23,1000,P1,API Recherche Entreprises / INSEE Sirene,2026-05-09
42956323200025,429563232,TOITURES GIROUD,GIROUD (GIROUD),43.91A,43.91A,457 AVENUE DE THIOLLET 01090 FRANCHELEINS,01090,FRANCHELEINS,01,,,,02,2000-01-28,5710,P1,API Recherche Entreprises / INSEE Sirene,2026-05-09
44930302300039,449303023,C K F,MATOS GONCALVES (MATOS GONCALVES),43.91A,43.91A,106 PASSAGE HENRI MALARTRE 69730 GENAY,69730,GENAY,69,,,,03,2003-05-01,5710,P1,API Recherche Entreprises / INSEE Sirene,2026-05-09
44980626400049,449806264,GREGORY BOX (LA BOITE A TOITURES),BOX,43.91A,43.91A,31 IMPASSE VIEL 83200 TOULON,83200,TOULON,83,,,,NN,2003-08-01,1000,P1,API Recherche Entreprises / INSEE Sirene,2026-05-09
45006384700013,450063847,PHILIPPE MUSY,MUSY (MUSY),43.91A,43.91A,PLACE DE LA MAIRIE 163 GRANDE RUE 01640 SAINT-JEAN-LE-VIEUX,01640,SAINT-JEAN-LE-VIEUX,01,,,,NN,2003-10-01,1000,P1,API Recherche Entreprises / INSEE Sirene,2026-05-09
10143414000014,101434140,PIERRE MALAURE (MP BOIS CONSTRUCTIONS),MALAURE,43.91A,43.91A,LIEU DIT EN DURIN CHEMIN SOUS LA VILLE 01480 MESSIMY-SUR-SAONE,01480,MESSIMY-SUR-SAONE,01,,,,NN,2026-02-19,1000,P1,API Recherche Entreprises / INSEE Sirene,2026-05-09
10228702600011,102287026,TOITURE PICOD (TOITURE PICOD),PICOD,43.91A,43.91A,60 CHEMIN DU GLEZI 01580 MATAFELON-GRANGES,01580,MATAFELON-GRANGES,01,,,,NN,2026-03-10,5499,P1,API Recherche Entreprises / INSEE Sirene,2026-05-09
53153810600026,531538106,GAVAND CHATARD (GAVAND CHATARD),CHATARD,43.91A,43.91A,ZI DE LUCINGES-TREFFORT 55 CHE DES COMMUNAUX 01370 VAL-REVERMONT,01370,VAL-REVERMONT,01,,,,03,2011-04-01,5710,P1,API Recherche Entreprises / INSEE Sirene,2026-05-09
79038211300039,790382113,OMER GUNDUZ (FACOZINC),GUNDUZ (GUNDUZ),43.91A,43.91A,169 RUE DES MOUETTES 01500 AMBERIEU-EN-BUGEY,01500,AMBERIEU-EN-BUGEY,01,,,,NN,2012-10-24,1000,P1,API Recherche Entreprises / INSEE Sirene,2026-05-09
79113970200033,791139702,AVENIR BOIS CHARPENTE,CORNEFERT (CORNEFERT),43.91A,43.91A,ZA RUE DU BACHAS 01150 LAGNIEU,01150,LAGNIEU,01,,,,03,2013-02-18,5499,P1,API Recherche Entreprises / INSEE Sirene,2026-05-09
79188849800015,791888498,ADIL EL BAOUCHI (EL BA CHARPENTE),EL BAOUCHI,43.91A,43.91A,142 ALLEE DE LA SOURCE 01300 BELLEY,01300,BELLEY,01,,,,NN,2013-03-01,1000,P1,API Recherche Entreprises / INSEE Sirene,2026-05-09
79189853900014,791898539,SASU FAURE THIERRY (SASU FAURE THIERRY),FAURE,43.91A,43.91A,ARDOSSET 43 RUE DE LA VELLE 01350 CEYZERIEU,01350,CEYZERIEU,01,,,,01,2013-03-05,5710,P1,API Recherche Entreprises / INSEE Sirene,2026-05-09
79254051000015,792540510,JULIEN GALLAY CHARPENTE,GALLAY (GALLAY),43.91A,43.91A,AMEZIEU AMEYZIEU 01510 TALISSIEU,01510,TALISSIEU,01,,,,01,2013-04-05,5710,P1,API Recherche Entreprises / INSEE Sirene,2026-05-09
79370986600016,793709866,LES CHARPENTES DU VALROMEY,BRASSART,43.91A,43.91A,SUTRIEU 517 VOIE DU TRAM 01260 VALROMEY-SUR-SERAN,01260,VALROMEY-SUR-SERAN,01,,,,01,2013-06-06,5499,P1,API Recherche Entreprises / INSEE Sirene,2026-05-09
79449173800025,794491738,MAXIME CHARPENTE ET FILS,PINARD-BERTELLETTO (PINARD-BERTELLETTO),43.91A,43.91A,49 IMPASSE DE LA COMBE 01580 IZERNORE,01580,IZERNORE,01,,,,01,2013-08-01,5710,P1,API Recherche Entreprises / INSEE Sirene,2026-05-09
48262957300031,482629573,DAVID DULAC (DULAC DAVID),DULAC (DULAC),43.91A,43.91A,8 PLACE DE LA MAIRIE 26240 SAINT-UZE,26240,SAINT-UZE,26,,,,NN,2005-06-06,1000,P1,API Recherche Entreprises / INSEE Sirene,2026-05-09
75279066700014,752790667,NAIM BARDHOLLARI,BARDHOLLARI,43.91A,43.91A,14 RUE ST JEAN 01300 BELLEY,01300,BELLEY,01,,,,NN,2012-07-01,1000,P1,API Recherche Entreprises / INSEE Sirene,2026-05-09
75292961200030,752929612,ENTREPRISE VANNIER,VANNIER,43.91A,43.91A,370 ROUTE DE BOURG 01340 MALAFRETAZ,01340,MALAFRETAZ,01,,,,NN,2012-07-18,5499,P1,API Recherche Entreprises / INSEE Sirene,2026-05-09
81154314900017,811543149,MAROT PHILIPPE,MAROT (MAROT),43.91A,43.91A,248 CHEMIN DU MOULIN GALLET 01440 VIRIAT,01440,VIRIAT,01,,,,01,2015-05-06,5710,P1,API Recherche Entreprises / INSEE Sirene,2026-05-09
81179786900021,811797869,JOEL PATIN (PATIN CHARPENTE),PATIN (PATIN),43.91A,43.91A,139 B CHEMIN DE SICARD LE BAS 38890 SALAGNON,38890,SALAGNON,38,,,,01,2015-06-01,1000,P1,API Recherche Entreprises / INSEE Sirene,2026-05-09
81200508000021,812005080,JEAN-LOIC VINGUETAMA (LV CREATION BOIS),VINGUETAMA,43.91A,43.91A,301 RUE DE BEL-AIR 01400 NEUVILLE-LES-DAMES,01400,NEUVILLE-LES-DAMES,01,,,,NN,2015-06-06,1000,P1,API Recherche Entreprises / INSEE Sirene,2026-05-09
39200938700029,392009387,BRESSE DOMBES TOITURES,THIBAUT CHANEL PARTICIPATIONS,43.91A,43.91A,88 CHEMIN DE LA GARENNE 01960 PERONNAS,01960,PERONNAS,01,,,,03,1993-07-01,5499,P1,API Recherche Entreprises / INSEE Sirene,2026-05-09
39244661300011,392446613,ETABLISSEMENTS LORON,RC INVESTISSEMENTS,43.91A,43.91A,ZONE INDUSTRIELLE ACTIVAL 20 RUE DU PLATEAU DE CHALLES 01140 SAINT-DIDIER-SUR-CHALARONNE,01140,SAINT-DIDIER-SUR-CHALARONNE,01,,,,11,1993-07-01,5710,P1,API Recherche Entreprises / INSEE Sirene,2026-05-09
39252474000017,392524740,FREDERIC CAILLET,CAILLET (CAILLET),43.91A,43.91A,01150 VAUX-EN-BUGEY,01150,VAUX-EN-BUGEY,01,,,,NN,1993-10-04,1000,P1,API Recherche Entreprises / INSEE Sirene,2026-05-09
38858962400021,388589624,SARL PERRET ET FILS,PERRET,43.91A,43.91A,169 CHEMIN DES PIERRES BLANCHES 01370 MEILLONNAS,01370,MEILLONNAS,01,,,,02,1992-07-01,5499,P1,API Recherche Entreprises / INSEE Sirene,2026-05-09
39278079700032,392780797,JEAN MARCEAU,MARCEAU,43.91A,43.91A,675 CHEMIN VERT 01600 SAINTE-EUPHEMIE,01600,SAINTE-EUPHEMIE,01,,,,NN,1993-10-11,1000,P1,API Recherche Entreprises / INSEE Sirene,2026-05-09
39404385500045,394043855,PASCAL DUCHAMP,DUCHAMP,43.91A,43.91A,7 RUE MARCELIN BERTHELOT 01000 BOURG-EN-BRESSE,01000,BOURG-EN-BRESSE,01,,,,NN,1994-02-14,1000,P1,API Recherche Entreprises / INSEE Sirene,2026-05-09
34979336400036,349793364,LAURENT MIAILLE,MIAILLE (MIAILLE),43.91A,43.91A,698 CHEMIN DE LA JONCHERE 01480 FRANS,01480,FRANS,01,,,,NN,1989-03-01,1000,P1,API Recherche Entreprises / INSEE Sirene,2026-05-09
35027485800058,350274858,JOAO RIBEIRO DIAS,DIAS RIBEIRO (RIBEIRO DIAS),43.91A,43.91A,984 ROUTE DE TREVOUX 01600 REYRIEUX,01600,REYRIEUX,01,,,,01,1989-04-03,1000,P1,API Recherche Entreprises / INSEE Sirene,2026-05-09
33471954900019,334719549,TRADIBOIS,BERLINCOURT,43.91A,43.91A,GIGNEZ 01420 CORBONOD,01420,CORBONOD,01,,,,02,1985-03-01,5710,P1,API Recherche Entreprises / INSEE Sirene,2026-05-09
33046598000044,330465980,BERNARD ESCURIER SARL,BERNARD,43.91A,43.91A,PARC DE LA CROISEE 74270 CHENE-EN-SEMINE,74270,CHENE-EN-SEMINE,74,,,,11,1984-06-01,5499,P1,API Recherche Entreprises / INSEE Sirene,2026-05-09
35282595400014,352825954,SOCIETE CHARRION ET FILS,CHARRION (CHARRION),43.91A,43.91A,ZONE INDUSTRIELLE 130 IMPASSE DU COLOMBIER 01330 VILLARS-LES-DOMBES,01330,VILLARS-LES-DOMBES,01,,,,11,1990-01-01,5499,P1,API Recherche Entreprises / INSEE Sirene,2026-05-09
44061311500011,440613115,SARL ENTREPRISE GUILLER,GUILLER (GUILLER),43.91A,43.91A,LE DONNIER 34 ROUTE DE LYON 01800 SAINT-MAURICE-DE-GOURDANS,01800,SAINT-MAURICE-DE-GOURDANS,01,,,,NN,2002-01-01,5499,P1,API Recherche Entreprises / INSEE Sirene,2026-05-09
42275797100029,422757971,DANIEL MARQUES,MARQUES (MARQUES),43.91A,43.91A,LA DARBONNIERE 01290 SAINT-ANDRE-D HUIRIAT,01290,SAINT-ANDRE-D HUIRIAT,01,,,,NN,1999-05-03,1000,P1,API Recherche Entreprises / INSEE Sirene,2026-05-09
44267937900010,442679379,TISSOT CHARPENTES,TISSOT HOLDING,43.91A,43.91A,LES COMBES 850 ROUTE DE LESCHEROUX 01560 SAINT-JULIEN-SUR-REYSSOUZE,01560,SAINT-JULIEN-SUR-REYSSOUZE,01,,,,11,2002-07-01,5710,P1,API Recherche Entreprises / INSEE Sirene,2026-05-09
82247781600018,822477816,G.T.M. RENOVATION,GOMES TEIXEIRA,43.91A,43.91A,96 RUE DE VAREILLES 01500 AMBERIEU-EN-BUGEY,01500,AMBERIEU-EN-BUGEY,01,,,,01,2016-07-29,5499,P1,API Recherche Entreprises / INSEE Sirene,2026-05-09
82272771500028,822727715,JOHAN LEW GERBAUD (D'JOLI CHARPENTE),GERBAUD,43.91A,43.91A,190 CHEMIN DES PINACHERES 01700 BEYNOST,01700,BEYNOST,01,,,,NN,2016-09-01,1000,P1,API Recherche Entreprises / INSEE Sirene,2026-05-09
83017651700019,830176517,REMY FAVIER (REM'S TOITURE),FAVIER (FAVIER),43.91A,43.91A,219 RUE DE L’EGLISE 01290 LAIZ,01290,LAIZ,01,,,,NN,2017-06-09,1000,P1,API Recherche Entreprises / INSEE Sirene,2026-05-09
81888052800018,818880528,BATTIN-THERMAC,THERMAC (THERMAC),43.91A,43.91A,RUE DU LOURE 01600 REYRIEUX,01600,REYRIEUX,01,,,,01,2016-03-07,5499,P1,API Recherche Entreprises / INSEE Sirene,2026-05-09
81971465000036,819714650,SOLUTIONS TOITURES,ORICAMI,43.91A,43.91A,200 RUE AMPERE 01960 PERONNAS,01960,PERONNAS,01,,,,03,2016-05-06,5710,P1,API Recherche Entreprises / INSEE Sirene,2026-05-09
82069416400014,820694164,2GCC (2GCC),GENELOT,43.91A,43.91A,2161 CHEMIN DES MOINES 01120 MONTLUEL,01120,MONTLUEL,01,,,,02,2016-06-08,5710,P1,API Recherche Entreprises / INSEE Sirene,2026-05-09
82823377500026,828233775,ZINGUERIE CONDAMIN (ZINGUERIE CONDAMIN),CONDAMIN,43.91A,43.91A,ZI LE MARAIS RUE PRE COLIN 01460 PORT,01460,PORT,01,,,,NN,2017-03-06,5499,P1,API Recherche Entreprises / INSEE Sirene,2026-05-09
48164963000029,481649630,A2C,PICOD (PICOD),43.91A,43.91A,ZONE D'ACTIVITE CHAMPAGNE SUD 01580 IZERNORE,01580,IZERNORE,01,,,,NN,2005-04-01,5499,P1,API Recherche Entreprises / INSEE Sirene,2026-05-09
48173998500051,481739985,PHILIPPE FUSEAU (AMI DU BOIS),FUSEAU (FUSEAU),43.91A,43.91A,4 RUE DES ROSELETS 01290 PONT-DE-VEYLE,01290,PONT-DE-VEYLE,01,,,,NN,2005-04-06,1000,P1,API Recherche Entreprises / INSEE Sirene,2026-05-09
48034544600011,480345446,ENTREPRISE VALLET,BERTINOTTI (BERTINOTTI),43.91A,43.91A,RUE PAUL DE VANSSAY 01200 MONTANGES,01200,MONTANGES,01,,,,03,2005-01-02,5710,P1,API Recherche Entreprises / INSEE Sirene,2026-05-09
48497463900037,484974639,NGOC PHAM (PHAM DIEU),PHAM (PHAM),43.91A,43.91A,RUE DU LOURE 01600 REYRIEUX,01600,REYRIEUX,01,,,,NN,2005-11-03,1000,P1,API Recherche Entreprises / INSEE Sirene,2026-05-09
48744916700013,487449167,MARGUERON,HODOUL,43.91A,43.91A,AV DU 133E RGT INFANTERIE 01300 BELLEY,01300,BELLEY,01,,,,12,2005-12-08,5710,P1,API Recherche Entreprises / INSEE Sirene,2026-05-09
49334242200026,493342422,B.B.C. BRESSE BOIS CHARPENTES,BOUCHARD,43.91A,43.91A,44 RUE DE L'IRANCE 01660 MEZERIAT,01660,MEZERIAT,01,,,,01,2007-01-02,5499,P1,API Recherche Entreprises / INSEE Sirene,2026-05-09
49047063000024,490470630,LES CHARPENTIERS DE L'AIN,GALLET (GALLET),43.91A,43.91A,LONGEVILLE 01500 AMBRONAY,01500,AMBRONAY,01,,,,NN,2006-06-01,5499,P1,API Recherche Entreprises / INSEE Sirene,2026-05-09
49047699100016,490476991,EMIN,EMIN (EMIN),43.91A,43.91A,11 RUE DU STADE 01150 VILLEBOIS,01150,VILLEBOIS,01,,,,NN,2006-05-15,5499,P1,API Recherche Entreprises / INSEE Sirene,2026-05-09
44341810800108,443418108,SEZAI GUNDUZ (RENO SERVICE),GUNDUZ,43.91A,43.91A,539 ZONE ARTISANALE DE DOMAGNE 01250 CEYZERIAT,01250,CEYZERIAT,01,,,,NN,2002-10-02,1000,P1,API Recherche Entreprises / INSEE Sirene,2026-05-09
44402391500028,444023915,SARL LOPES,LOPES (LOPES),43.91A,43.91A,Z.I. DES COMMUNAUX RUE DES ASTERS 01600 REYRIEUX,01600,REYRIEUX,01,,,,03,2002-11-01,5499,P1,API Recherche Entreprises / INSEE Sirene,2026-05-09
44457330700022,444573307,PACCOUD DAVID CHARPENT COUVERT RENOV NEUF,PACCOUD (PACCOUD),43.91A,43.91A,AU BOURG 106 RUE DE LA DOMBES 01160 LA TRANCLIERE,01160,LA TRANCLIERE,01,,,,02,2003-01-01,5499,P1,API Recherche Entreprises / INSEE Sirene,2026-05-09
47823941100018,478239411,DIDIER GEOFFRAY,GEOFFRAY (GEOFFRAY),43.91A,43.91A,BEL AIR 01800 RIGNIEUX-LE-FRANC,01800,RIGNIEUX-LE-FRANC,01,,,,01,2004-08-01,1000,P1,API Recherche Entreprises / INSEE Sirene,2026-05-09
51788782400012,517887824,PIERRE-FRANCOIS SCHUTTERLE,SCHUTTERLE (SCHUTTERLE),43.91A,43.91A,23 RUE DE SAVOIE 01510 ARTEMARE,01510,ARTEMARE,01,,,,NN,2009-12-07,1000,P1,API Recherche Entreprises / INSEE Sirene,2026-05-09
50529553500049,505295535,GUY RABATHEL (AIN RENOV' HABITAT),RABATHEL,43.91A,43.91A,2 RUE DE LA BATISSE 01500 AMBERIEU-EN-BUGEY,01500,AMBERIEU-EN-BUGEY,01,,,,NN,2008-07-15,1000,P1,API Recherche Entreprises / INSEE Sirene,2026-05-09
51353302600011,513533026,PERRIERE CHARPENTE,PERRIERE,43.91A,43.91A,82 GRAND RUE 01630 PERON,01630,PERON,01,,,,01,2009-07-06,5499,P1,API Recherche Entreprises / INSEE Sirene,2026-05-09
52157642100015,521576421,LAURENT JUENET,JUENET,43.91A,43.91A,13 PARC DE NECUDEY 01160 PONT D'AIN,01160,PONT D'AIN,01,,,,NN,2010-04-01,1000,P1,API Recherche Entreprises / INSEE Sirene,2026-05-09
52189359400049,521893594,STEPHANE MICHENAUD,MICHENAUD (MICHENAUD),43.91A,43.91A,305 CHEMIN NEUF 01600 REYRIEUX,01600,REYRIEUX,01,,,,NN,2010-05-03,1000,P1,API Recherche Entreprises / INSEE Sirene,2026-05-09
52287782800023,522877828,AMEXT BOIS (BOIS ET CONCEPT - ECO RENOV),DAVID (DAVID),43.91A,43.91A,723 ROUTE DE STRASBOURG 01440 VIRIAT,01440,VIRIAT,01,,,,NN,2010-06-01,5499,P1,API Recherche Entreprises / INSEE Sirene,2026-05-09
50333781800028,503337818,PAGE-BALFIN CEDRIC,PAGE-BALFIN (PAGE-BALFIN),43.91A,43.91A,391 RUE DE PRESLE 01310 POLLIAT,01310,POLLIAT,01,,,,02,2008-05-05,5710,P1,API Recherche Entreprises / INSEE Sirene,2026-05-09
49999638700019,499996387,EURL RICHARD FOURQUET,FOURQUET (FOURQUET),43.91A,43.91A,22 PLACE VAUGELAS 01800 MEXIMIEUX,01800,MEXIMIEUX,01,,,,01,2007-08-03,5499,P1,API Recherche Entreprises / INSEE Sirene,2026-05-09
88296890200016,882968902,LIONEL GOMES DA SILVA (G D S L O),GOMES DA SILVA (GOMES DA SILVA),43.91A,43.91A,284 ROUTE DE JOYEUX 01320 CHALAMONT,01320,CHALAMONT,01,,,,NN,2020-03-02,1000,P1,API Recherche Entreprises / INSEE Sirene,2026-05-09
87946270300015,879462703,BS CHARPENTE CONSTRUCTION BOIS,BOYER,43.91A,43.91A,940 ROUTE DES MARTOLLETS 01190 SAINT-BENIGNE,01190,SAINT-BENIGNE,01,,,,01,2019-12-02,5499,P1,API Recherche Entreprises / INSEE Sirene,2026-05-09
83463681300018,834636813,BC COUVERTURE LIMITED,,43.91A,70.10Z,CARY CHAMBERS 1 PALK STREET TORQUAY ROYAUME-UNI,,,,,,,NN,2017-10-10,3120,P2,API Recherche Entreprises / INSEE Sirene,2026-05-09
89506384000022,895063840,TPCB (TPCB) (TPC),PASTUREL (PASTUREL),43.91A,43.91A,143 ALL MARYSE BASTIE 01200 VALSERHONE,01200,VALSERHONE,01,,,,02,2021-03-11,5710,P1,API Recherche Entreprises / INSEE Sirene,2026-05-09
80459302800041,804593028,PRODEV RHONE-ALPES (ATTILA SYSTEME),LAHAYE,43.91B,43.91B,5 AVENUE LOUIS BLERIOT 69680 CHASSIEU,69680,CHASSIEU,69,,,,NN,2014-10-01,5710,P1,API Recherche Entreprises / INSEE Sirene,2026-05-09
53323830900025,533238309,BELLOT TOITURE,ORICAMI,43.91B,43.91B,ZA DE FETAN ALLEE DES FILIERISTES 01600 TREVOUX,01600,TREVOUX,01,,,,11,2011-07-01,5710,P1,API Recherche Entreprises / INSEE Sirene,2026-05-09
34462220400016,344622204,ISABELLE PAUGET,PAUGET,43.91B,43.91B,01300 SAINT-GERMAIN-LES-PAROISSES,01300,SAINT-GERMAIN-LES-PAROISSES,01,,,,02,1988-04-01,1000,P1,API Recherche Entreprises / INSEE Sirene,2026-05-09
33298785800096,332987858,BOURGEOIS,FRANCIS,43.91B,43.91B,235 RUE DE LA TRAILLE 01700 MIRIBEL,01700,MIRIBEL,01,,,,21,1984-12-01,5710,P1,API Recherche Entreprises / INSEE Sirene,2026-05-09
37954759900017,379547599,SARL FAURE GIRERD ET REY,REY,43.91B,43.91B,RUE DE LA VELLAZ 01510 SAINT-MARTIN-DE-BAVEL,01510,SAINT-MARTIN-DE-BAVEL,01,,,,02,1990-10-01,5710,P1,API Recherche Entreprises / INSEE Sirene,2026-05-09
44256641000019,442566410,LA REGIONALE ISOLATION,ROSSIGNOL (ROSSIGNOL),43.91B,70.10Z,184 RUE DU BOURG 01190 SERMOYER,01190,SERMOYER,01,,,,01,2002-06-17,5499,P1,API Recherche Entreprises / INSEE Sirene,2026-05-09
85359495000042,853594950,CURTIS LEMIERE,LEMIERE (LEMIERE),43.91B,47.89Z,KELEX ROUTE DE LA MADELEINE 258 AVENUE JUSTIN CATAYEE 97300 CAYENNE,97300,CAYENNE,973,,,,NN,2019-08-02,1000,P1,API Recherche Entreprises / INSEE Sirene,2026-05-09
52046551900020,520465519,JEAN-MICHEL BELLATON,BELLATON,43.91B,43.91B,476 ROUTE DE LAGNIEU 01150 BLYES,01150,BLYES,01,,,,02,2010-02-15,1000,P1,API Recherche Entreprises / INSEE Sirene,2026-05-09
91539555200010,915395552,ERIC SERVICES,BAILLET (BAILLET),43.91B,43.91B,LIEUDIT AUX RIVAUX 01090 GENOUILLEUX,01090,GENOUILLEUX,01,,,,01,2022-06-30,5710,P1,API Recherche Entreprises / INSEE Sirene,2026-05-09
91125639400014,911256394,ENVELYO,SANCHEZ,43.91B,43.91B,40 RUE DE BONNEL 69003 LYON,69003,LYON,69,,,,11,2022-03-09,5710,P1,API Recherche Entreprises / INSEE Sirene,2026-05-09
99532170000016,995321700,BRION ZINGUERIE COUVERTURE,BRION,43.91B,70.10Z,28 PLACE DU PESE LAIT 01160 NEUVILLE-SUR-AIN,01160,NEUVILLE-SUR-AIN,01,,,,NN,2026-01-01,5499,P1,API Recherche Entreprises / INSEE Sirene,2026-05-09
53988227400035,539882274,LUDOVIC MEDIANI,MEDIANI (MEDIANI),43.91B,43.91B,14 PROMENADE DES REMPARTS 40100 DAX,40100,DAX,40,,,,NN,2012-02-01,1000,P1,API Recherche Entreprises / INSEE Sirene,2026-05-09
48223139600037,482231396,PIERRE PADOVANI (ZINC EXPRESS),PADOVANI (PADOVANI),43.91B,43.91B,360 CHEMIN DES DORRIERS 01600 MASSIEUX,01600,MASSIEUX,01,,,,NN,2005-05-09,1000,P1,API Recherche Entreprises / INSEE Sirene,2026-05-09
48267181500017,482671815,JEAN BILLET,BILLET (BILLET),43.91B,68.20A,LE CREUX DE LA MAINAZ 800 ROUTE DE LA FAUCILLE 01410 MIJOUX,01410,MIJOUX,01,,,,NN,2004-01-01,1000,P1,API Recherche Entreprises / INSEE Sirene,2026-05-09
89303968500019,893039685,KRESS JONATHAN COUVERTURE-ZINGUERIE,KRESS (KRESS),43.91B,43.91B,CORON 683 ROUTE DE PARVES 01300 BELLEY,01300,BELLEY,01,,,,NN,2021-01-13,5499,P1,API Recherche Entreprises / INSEE Sirene,2026-05-09
92152272800010,921522728,DRYLAST,DUCROS (DUCROS),43.91B,43.91B,13 RUE DES EMERAUDES 69006 LYON,69006,LYON,69,,,,02,2022-11-02,5710,P1,API Recherche Entreprises / INSEE Sirene,2026-05-09
99195156700015,991951567,COBARIS RHONE ALPES (COBARIS),LES QUATRE VENTS,43.91B,43.91B,24 ROUTE DE CHAMPLITTE 70180 DAMPIERRE-SUR-SALON,70180,DAMPIERRE-SUR-SALON,70,,,,NN,2025-09-25,5710,P1,API Recherche Entreprises / INSEE Sirene,2026-05-09
53327138300028,533271383,GRB,GONCALVES GARIM,43.91B,43.91B,264 RUE DU MOLLARD 01120 DAGNEUX,01120,DAGNEUX,01,,,,03,2011-07-01,5710,P1,API Recherche Entreprises / INSEE Sirene,2026-05-09
53381088300017,533810883,DULAC BATI,DULAC,43.91B,43.91B,480 RUE DES TROIS FOURNEAUX 01140 VALEINS,01140,VALEINS,01,,,,NN,2011-06-01,5499,P1,API Recherche Entreprises / INSEE Sirene,2026-05-09
50911261100025,509112611,NELSON PERRIER (P.R.N),PERRIER,43.91B,43.91B,692 ROUTE DE BY 74930 SCIENTRIER,74930,SCIENTRIER,74,,,,NN,2008-06-01,1000,P1,API Recherche Entreprises / INSEE Sirene,2026-05-09
52418658200028,524186582,CURT NICOLAS,CURT (CURT),43.91B,43.91B,ZONE DES PLANS 40 RUE PAUL BERLIET 01250 CEYZERIAT,01250,CEYZERIAT,01,,,,03,2010-09-01,5499,P1,API Recherche Entreprises / INSEE Sirene,2026-05-09
75389615800023,753896158,JESSY KERHERVE (AJK),KERHERVE (KERHERVE),43.91B,43.91B,83 RUE DE LA FAUCILLE 01630 SAINT-GENIS-POUILLY,01630,SAINT-GENIS-POUILLY,01,,,,NN,2012-09-01,1000,P1,API Recherche Entreprises / INSEE Sirene,2026-05-09
41963490200037,419634902,TOIT Z,DELSOL (DELSOL),43.91B,43.91B,RUE JULES FERRY- ZONE INDUSTRI 01480 JASSANS-RIOTTIER,01480,JASSANS-RIOTTIER,01,,,,02,1998-07-01,5499,P1,API Recherche Entreprises / INSEE Sirene,2026-05-09
34369973200081,343699732,ENTREPRISE DAZY,HOLDING L.D.G.A.,43.91B,43.91B,ZA MACON EST CHE DES PERRIERES 01750 REPLONGES,01750,REPLONGES,01,,,,12,1988-02-01,5710,P1,API Recherche Entreprises / INSEE Sirene,2026-05-09
41814379800027,418143798,SARL CIBMA,YALCINDAG (YALCINDAG),43.91B,43.91B,LOT EN BOISSET 01430 MAILLAT,01430,MAILLAT,01,,,,03,1998-04-06,5499,P1,API Recherche Entreprises / INSEE Sirene,2026-05-09
41825073400021,418250734,STEPHANE YVELIN,YVELIN,43.91B,43.91B,13 AVENUE CHARLES DE GAULLE 01150 LAGNIEU,01150,LAGNIEU,01,,,,NN,1998-04-06,1000,P1,API Recherche Entreprises / INSEE Sirene,2026-05-09
83992805800016,839928058,DAVID PIERROT (DAVID RENOVATION),PIERROT (PIERROT),43.91B,43.91B,623 CHEMIN D'ETERNAZ 01000 BOURG-EN-BRESSE,01000,BOURG-EN-BRESSE,01,,,,NN,2018-05-29,1000,P1,API Recherche Entreprises / INSEE Sirene,2026-05-09
83308778600038,833087786,DUSTY CHASSARD (ALLO LIAM ESPACES VERTS),CHASSARD (CHASSARD),43.91B,43.91B,4 ZAC DE PETIT ROSAIT 2320 ROUTE NATIONALE 01120 LA BOISSE,01120,LA BOISSE,01,,,,NN,2017-11-06,1000,P1,API Recherche Entreprises / INSEE Sirene,2026-05-09
43418032900022,434180329,CARAFA BLANQUART SARL,CARAFA,43.91B,43.91B,871 ROUTE DE CONDEISSIAT 01660 CHAVEYRIAT,01660,CHAVEYRIAT,01,,,,NN,2001-01-02,5499,P1,API Recherche Entreprises / INSEE Sirene,2026-05-09
45255373800033,452553738,SARL C.L.T.F.,EMERIC (EMERIC),43.91B,43.91B,ZONE INDUSTRIELLE LES SABLONNETTES 144 CHEMIN DES ARTISANS 01290 LAIZ,01290,LAIZ,01,,,,11,2004-03-01,5499,P1,API Recherche Entreprises / INSEE Sirene,2026-05-09
43807801600021,438078016,DAVID MICHELET,MICHELET (MICHELET),43.91B,43.91B,482 CHEMIN DES CROIX 01140 SAINT-DIDIER-SUR-CHALARONNE,01140,SAINT-DIDIER-SUR-CHALARONNE,01,,,,NN,2001-05-15,1000,P1,API Recherche Entreprises / INSEE Sirene,2026-05-09
43832974000023,438329740,YANNICK DEWILDE,DEWILDE,43.91B,43.91B,ROUTE DU BOURNEAU 38630 CORBELIN,38630,CORBELIN,38,,,,NN,2001-07-03,1000,P1,API Recherche Entreprises / INSEE Sirene,2026-05-09
43864143300026,438641433,STRIKA SARL,STRIKA (STRIKA),43.91B,43.91B,204 CHEMIN DU SABLON 01480 MESSIMY-SUR-SAONE,01480,MESSIMY-SUR-SAONE,01,,,,NN,2001-07-01,5499,P1,API Recherche Entreprises / INSEE Sirene,2026-05-09
52846605500027,528466055,CLEMENT OCANA,OCANA (OCANA),43.91B,43.91B,31 RUE EUGENE DUBOIS 01000 BOURG-EN-BRESSE,01000,BOURG-EN-BRESSE,01,,,,NN,2010-11-17,1000,P1,API Recherche Entreprises / INSEE Sirene,2026-05-09
79078386400032,790783864,MARTIAL CHASSARD,CHASSARD (CHASSARD),43.91B,43.91B,ASSOCIATION TREMPLIN 623 CHEMIN D'ETERNAZ 01000 BOURG-EN-BRESSE,01000,BOURG-EN-BRESSE,01,,,,NN,2013-02-01,1000,P1,API Recherche Entreprises / INSEE Sirene,2026-05-09
79079647800010,790796478,DAVID MARGUERITAIN,MARGUERITAIN,43.91B,43.91B,COUTELIEU RUE DES COMBES 01500 AMBRONAY,01500,AMBRONAY,01,,,,NN,2013-01-20,1000,P1,API Recherche Entreprises / INSEE Sirene,2026-05-09
79153383900035,791533839,LE BATISSEUR SENLISIEN,RUDNICK (RUDNICK),43.91B,43.91B,11 RUE DE L'UNIVERSITE 93160 NOISY-LE-GRAND,93160,NOISY-LE-GRAND,93,,,,NN,2013-02-01,5499,P1,API Recherche Entreprises / INSEE Sirene,2026-05-09
79828914600028,798289146,MEHMET TASDEMIR (MT CHARPENTE),TASDEMIR (TASDEMIR),43.91B,43.91B,18 RUE DOCTEUR TOUILLON 01000 BOURG-EN-BRESSE,01000,BOURG-EN-BRESSE,01,,,,NN,2013-11-06,1000,P1,API Recherche Entreprises / INSEE Sirene,2026-05-09
79865934800022,798659348,LUCIAN BOZGA,BOZGA (BOZGA),43.91B,43.91B,15 PASSAGE DES CORDELIERS 01000 BOURG-EN-BRESSE,01000,BOURG-EN-BRESSE,01,,,,NN,2013-12-01,1000,P1,API Recherche Entreprises / INSEE Sirene,2026-05-09
79895457400017,798954574,LOUP GUILLEMOT,GUILLEMOT (GUILLEMOT),43.91B,43.91B,MONNETIER 10 CHEMIN DU POISEY 01410 CHAMPFROMIER,01410,CHAMPFROMIER,01,,,,NN,2014-01-02,1000,P1,API Recherche Entreprises / INSEE Sirene,2026-05-09
75282403700028,752824037,HICHAME ATTAR (AIN CONCEPT ETANCH'),ATTAR (ATTAR),43.91B,43.91B,20 LOTISSEMENT EN MIARD 01270 VILLEMOTIER,01270,VILLEMOTIER,01,,,,NN,2012-06-15,1000,P1,API Recherche Entreprises / INSEE Sirene,2026-05-09
80118138900025,801181389,MV TOITURE,SILVA VALADARES,43.91B,43.91B,LES ATELIERS DU GOLF 101 CHEMIN DU BIEF 69480 LUCENAY,69480,LUCENAY,69,,,,03,2014-04-01,5710,P1,API Recherche Entreprises / INSEE Sirene,2026-05-09
80136918200028,801369182,CROZIER COUVERTURE ZINGUERIE,CROZIER,43.91B,43.91B,87 RUE DE LA PALLIOTIERE 01240 DOMPIERRE-SUR-VEYLE,01240,DOMPIERRE-SUR-VEYLE,01,,,,02,2014-05-02,5710,P1,API Recherche Entreprises / INSEE Sirene,2026-05-09
80155185400012,801551854,ANTHONY JANUEL (JANUEL RENOVATION),JANUEL (JANUEL),43.91B,43.91B,PRES DE CHAVANNES 01290 CROTTET,01290,CROTTET,01,,,,NN,2014-04-07,1000,P1,API Recherche Entreprises / INSEE Sirene,2026-05-09
81038606000042,810386060,JONATHAN MARTREUX (AIN COUVREUR),MARTREUX,43.91B,43.91B,456 ROUTE DU MOULIN REVEL 01270 COLIGNY,01270,COLIGNY,01,,,,NN,2015-03-20,1000,P1,API Recherche Entreprises / INSEE Sirene,2026-05-09
40330315900038,403303159,SAINT PIERRE TOITURE,DESMARAIS (DESMARAIS),43.91B,43.91B,1 ROUTE DES FERMES 01360 BELIGNEUX,01360,BELIGNEUX,01,,,,NN,1996-01-01,5499,P1,API Recherche Entreprises / INSEE Sirene,2026-05-09
39308575800026,393085758,PATRICK MAITREPIERRE,MAITREPIERRE,43.91B,43.91B,1 B CHEMIN DU CIMETIERE 01100 BELLIGNAT,01100,BELLIGNAT,01,,,,NN,1993-11-25,1000,P1,API Recherche Entreprises / INSEE Sirene,2026-05-09
42382716100021,423827161,FUN TOITURE,LEJEUNE (LEJEUNE),43.91B,43.91B,65 RUE VOLTAIRE 01220 DIVONNE-LES-BAINS,01220,DIVONNE-LES-BAINS,01,,,,NN,1999-07-12,5499,P1,API Recherche Entreprises / INSEE Sirene,2026-05-09
44238225500028,442382255,MICKAEL GUILLOUARD,GUILLOUARD (GUILLOUARD),43.91B,43.91B,1414 RUE DE GENEVE 01170 CESSY,01170,CESSY,01,,,,NN,2002-06-02,1000,P1,API Recherche Entreprises / INSEE Sirene,2026-05-09
44317467700023,443174677,SONY MAREINE,MAREINE,43.91B,43.91B,28 RUE DE LA POSTE 01290 PONT-DE-VEYLE,01290,PONT-DE-VEYLE,01,,,,NN,2002-08-22,1000,P1,API Recherche Entreprises / INSEE Sirene,2026-05-09
82249609700038,822496097,LOIC DESSAINTJEAN,DESSAINTJEAN (DESSAINTJEAN),43.91B,43.91B,138 ROUTE DU VILLAGE 01290 SAINT-ANDRE-D'HUIRIAT,01290,SAINT-ANDRE-D'HUIRIAT,01,,,,NN,2016-10-01,1000,P1,API Recherche Entreprises / INSEE Sirene,2026-05-09
82895762100018,828957621,JEAN MILIC (MTR5),MILIC (MILIC),43.91B,43.91B,11 RUE DE SAINT-DIDIER 01700 NEYRON,01700,NEYRON,01,,,,NN,2017-04-11,1000,P1,API Recherche Entreprises / INSEE Sirene,2026-05-09
82922217300025,829222173,MICKAEL CHASSARD (MICKAEL RENOVATION),CHASSARD (CHASSARD),43.91B,43.91B,4 ZAC DU PETIT ROSAIT 2320 ROUTE NATIONALE 01120 LA BOISSE,01120,LA BOISSE,01,,,,NN,2017-04-25,1000,P1,API Recherche Entreprises / INSEE Sirene,2026-05-09
82774405300014,827744053,PROTECTOIT74,GILIBERT (GILIBERT),43.91B,43.91B,1151 RUE GUY DE MAUPASSANT 01220 DIVONNE-LES-BAINS,01220,DIVONNE-LES-BAINS,01,,,,01,2017-02-14,5499,P1,API Recherche Entreprises / INSEE Sirene,2026-05-09
83143409700018,831434097,FORNAINI COUVERTURE BARDAGE,FORNAINI,43.91B,43.91B,61 CHEMIN DERRIERE LES GRANGES 01470 MONTAGNIEU,01470,MONTAGNIEU,01,,,,NN,2017-07-28,5710,P1,API Recherche Entreprises / INSEE Sirene,2026-05-09
48180652900022,481806529,JAILLOT ZINGUERIE,JAILLOT,43.91B,43.91B,57 CHEMIN DE PAULOT 01400 CONDEISSIAT,01400,CONDEISSIAT,01,,,,NN,2005-04-15,5710,P1,API Recherche Entreprises / INSEE Sirene,2026-05-09
48463734300019,484637343,QUALIZINC,DI MICHELE (DI MICHELE),43.91B,43.91B,894 RTE DE NEUVILLE SUR SAONE 69730 GENAY,69730,GENAY,69,,,,00,2005-10-07,5499,P1,API Recherche Entreprises / INSEE Sirene,2026-05-09
48764528500023,487645285,LCZ LIONEL COUVERTURE ZINGUERIE,DEVORS (DEVORS),43.91B,43.91B,182 RUE DE BOURBUEL 01120 NIEVROZ,01120,NIEVROZ,01,,,,NN,2005-12-21,5499,P1,API Recherche Entreprises / INSEE Sirene,2026-05-09
49793352300050,497933523,MARIO BERINI (TOITURES FACADES),BERINI (BERINI),43.91B,43.91B,70 CHEMIN DES MATALONNIERES 01851 MARBOZ,01851,MARBOZ,01,,,,NN,2007-05-01,1000,P1,API Recherche Entreprises / INSEE Sirene,2026-05-09
48906197800032,489061978,TONY PIERROT,PIERROT,43.91B,43.91B,623 CHEMIN D'ETERNAZ 01000 BOURG-EN-BRESSE,01000,BOURG-EN-BRESSE,01,,,,NN,2006-03-15,1000,P1,API Recherche Entreprises / INSEE Sirene,2026-05-09
42418003200023,424180032,ERIC LEJEUNE,LEJEUNE,43.91B,43.91B,GERANT SARL FUN TOITURE 65 RUE VOLTAIRE 01220 DIVONNE-LES-BAINS,01220,DIVONNE-LES-BAINS,01,,,,NN,1999-07-12,1000,P1,API Recherche Entreprises / INSEE Sirene,2026-05-09
42746622200028,427466222,THIERRY ROBIN,ROBIN,43.91B,43.91B,3425 CHEMIN DE LYONNIERE 01370 SAINT-ETIENNE-DU-BOIS,01370,SAINT-ETIENNE-DU-BOIS,01,,,,NN,1981-10-01,1000,P1,API Recherche Entreprises / INSEE Sirene,2026-05-09
85149726300018,851497263,FERBLANTERIE DIVONNAISE - JORDAN JEAN-FRANCOIS,JORDAN (JORDAN),43.91B,43.91B,7 RUE DU CONTE DES PERMISSIONS 01220 DIVONNE-LES-BAINS,01220,DIVONNE-LES-BAINS,01,,,,NN,2019-05-20,5499,P1,API Recherche Entreprises / INSEE Sirene,2026-05-09
85307473000021,853074730,AZIZ CHERRADI (C4S MULTISERVICES ( COUVERTURE METALLIQUE)),CHERRADI,43.91B,43.91B,2 RUE SAINTE MARIE 01300 BELLEY,01300,BELLEY,01,,,,NN,2019-08-07,1000,P1,API Recherche Entreprises / INSEE Sirene,2026-05-09
85309013200012,853090132,EURL MABILEAU TOITURE,MABILEAU (MABILEAU),43.91B,43.91B,185 IMPASSE DU BUCHET 01560 SAINT-JEAN-SUR-REYSSOUZE,01560,SAINT-JEAN-SUR-REYSSOUZE,01,,,,01,2019-08-07,5499,P1,API Recherche Entreprises / INSEE Sirene,2026-05-09
85361127500027,853611275,ELIE GONZALEZ,GONZALEZ,43.91B,43.91B,223 CHEMIN DU FOUR A CHAUX 01630 PERON,01630,PERON,01,,,,NN,2019-09-20,1000,P1,API Recherche Entreprises / INSEE Sirene,2026-05-09
44362627000021,443626270,FRANCOIS PAUVIL (HABILLAGE-TOITURE),PAUVIL (PAUVIL),43.91B,43.91B,BP 41 ROUTE DES 4 VENTS 01190 REYSSOUZE,01190,REYSSOUZE,01,,,,NN,2002-10-01,1000,P1,API Recherche Entreprises / INSEE Sirene,2026-05-09
44472240900026,444722409,EDEN HABITAT,PACOUD (PACOUD),43.91B,43.91B,375 IMP DU CALIDON 01000 SAINT-DENIS-LES-BOURG,01000,SAINT-DENIS-LES-BOURG,01,,,,03,2003-01-15,5499,P1,API Recherche Entreprises / INSEE Sirene,2026-05-09
52009949000036,520099490,EURL PEREIRA,PEREIRA,43.91B,43.91B,540 CHEMIN DE LA COTE VOYANT 01800 FARAMANS,01800,FARAMANS,01,,,,02,2010-02-15,5710,P1,API Recherche Entreprises / INSEE Sirene,2026-05-09
52063999800027,520639998,EURL ERIC NESME,NESME (NESME),43.91B,43.91B,ZA DU MOULIN A PAPIER 01230 SAINT-RAMBERT-EN-BUGEY,01230,SAINT-RAMBERT-EN-BUGEY,01,,,,NN,2010-03-01,5499,P1,API Recherche Entreprises / INSEE Sirene,2026-05-09
50370052800030,503700528,HORN PATRICK (HORN PATRICK),HORN (HORN),43.91B,43.91B,5372 RUE DE L'INDUSTRIE 01090 GUEREINS,01090,GUEREINS,01,,,,02,2008-04-09,5499,P1,API Recherche Entreprises / INSEE Sirene,2026-05-09
50435256800027,504352568,CEDRIC POTELLE (CP ZINGUERIE),POTELLE (POTELLE),43.91B,43.91B,180 A CHEMIN DU CHATEAU DE CRANGEAT 01340 ATTIGNAT,01340,ATTIGNAT,01,,,,NN,2008-06-16,1000,P1,API Recherche Entreprises / INSEE Sirene,2026-05-09
50459208000023,504592080,ALEXANDRE SEIGLE (SA.ZINGUERIE),SEIGLE (SEIGLE),43.91B,43.91B,253 ROUTE DE GROSLEE 38510 BRANGUES,38510,BRANGUES,38,,,,NN,2008-06-09,1000,P1,API Recherche Entreprises / INSEE Sirene,2026-05-09
89424843400017,894248434,FB CHARPENTE,F.C.L.N. BELOUZARD,43.91B,43.91B,87 CURTELET 01240 SAINT-GERMAIN-SUR-RENON,01240,SAINT-GERMAIN-SUR-RENON,01,,,,01,2021-02-22,5710,P1,API Recherche Entreprises / INSEE Sirene,2026-05-09
89441137000014,894411370,BOURGADE SAS,BOURGADE (BOURGADE),43.91B,43.91B,59 CHEMIN DES GALAS 01170 GEX,01170,GEX,01,,,,01,2021-04-01,5710,P1,API Recherche Entreprises / INSEE Sirene,2026-05-09
89277021500028,892770215,PLASSE AU ZINC (PLASSE AU ZINC),PLASSE (PLASSE),43.91B,43.91B,260 CHEMIN DU BICHON 01360 BRESSOLLES,01360,BRESSOLLES,01,,,,01,2021-01-18,5710,P1,API Recherche Entreprises / INSEE Sirene,2026-05-09
84535148500014,845351485,THOMAS LEVASSEUR (LT TOITURE),LEVASSEUR (LEVASSEUR),43.91B,43.91B,128 MONTEE DU PONTON 01680 LHUIS,01680,LHUIS,01,,,,NN,2019-01-02,1000,P1,API Recherche Entreprises / INSEE Sirene,2026-05-09
84755428400038,847554284,JOE CHESNAIS (DRONEOLE),CHESNAIS,43.91B,43.91B,CORON 372 MONTEE DE LA COTE 01300 BELLEY,01300,BELLEY,01,,,,NN,2019-01-02,1000,P1,API Recherche Entreprises / INSEE Sirene,2026-05-09
88837847800018,888378478,DAMIEN PETIT,PETIT,43.91B,43.91B,LANCRANS 1 GRANDE RUE 01200 VALSERHONE,01200,VALSERHONE,01,,,,03,2020-08-27,5710,P1,API Recherche Entreprises / INSEE Sirene,2026-05-09
88849388900024,888493889,AYOUB CHOUKRANI,CHOUKRANI,43.91B,43.91B,4 RUE LANGEVIN 01000 BOURG-EN-BRESSE,01000,BOURG-EN-BRESSE,01,,,,NN,2020-08-24,1000,P1,API Recherche Entreprises / INSEE Sirene,2026-05-09
91375799300013,913757993,SERVIOLES CONCEPT BOIS,SERVIOLES,43.91B,43.91B,570 ROUTE DE LOYETTES 01150 BLYES,01150,BLYES,01,,,,01,2022-06-16,5499,P1,API Recherche Entreprises / INSEE Sirene,2026-05-09
91457127800011,914571278,EVANN DELOYE (DELOYE COUVERTURE ZINGUERIE),DELOYE (DELOYE),43.91B,43.91B,58 PROMENADE DES TILLEULS 01120 MONTLUEL,01120,MONTLUEL,01,,,,NN,2022-06-01,1000,P1,API Recherche Entreprises / INSEE Sirene,2026-05-09
91459714100011,914597141,DIDIER NAVILLOZ (BUGEYDEMOUSSE),NAVILLOZ (NAVILLOZ),43.91B,43.91B,455 CHEMIN DE CHAMOUX 01150 LAGNIEU,01150,LAGNIEU,01,,,,NN,2022-06-01,1000,P1,API Recherche Entreprises / INSEE Sirene,2026-05-09
84132366000024,841323660,BATI BOIS CONFORT (BATI BOIS CONFORT),GROSJEAN,43.91B,43.91B,150 ROUTE DU CHENE 01380 SAINT-CYR-SUR-MENTHON,01380,SAINT-CYR-SUR-MENTHON,01,,,,02,2018-07-16,5499,P1,API Recherche Entreprises / INSEE Sirene,2026-05-09
79839606500012,798396065,ROMAIN MALLIA,MALLIA,43.91B,43.91B,656 ALLEE DES ACACIAS 01330 VILLARS-LES-DOMBES,01330,VILLARS-LES-DOMBES,01,,,,NN,2013-10-19,1000,P1,API Recherche Entreprises / INSEE Sirene,2026-05-09
85183034900011,851830349,BP COUVRE-TOIT,PRICAK (PRICAK),43.91B,43.91B,168 CHEMIN COUR DE PAILLE 01400 CHANOZ-CHATENAY,01400,CHANOZ-CHATENAY,01,,,,03,2019-07-01,5499,P1,API Recherche Entreprises / INSEE Sirene,2026-05-09
93039330100021,930393301,ECOTOIT SAVOIE,REBECCU,43.91B,43.91B,87 RUE DE LA PICARDIERE 01300 VIRIGNIN,01300,VIRIGNIN,01,,,,NN,2024-06-26,5710,P1,API Recherche Entreprises / INSEE Sirene,2026-05-09
80224138000046,802241380,ANTHONY PEZZOTTA (RENOVETOIT 01),PEZZOTTA,43.91B,43.91B,36 IMPASSE DE BRODY 01140 ILLIAT,01140,ILLIAT,01,,,,NN,2014-06-02,1000,P1,API Recherche Entreprises / INSEE Sirene,2026-05-09
80231468200039,802314682,MICKAEL SCHMITT (MICA CHARPENTE COUVERTURE),SCHMITT (SCHMITT),43.91B,43.91B,385 RUE DU 7 FEVRIER 44 01110 ARANC,01110,ARANC,01,,,,NN,2014-05-01,1000,P1,API Recherche Entreprises / INSEE Sirene,2026-05-09
89235324400015,892353244,TOIT ZINC,MOINIER (MOINIER),43.91B,43.91B,102 IMPASSE DU PAGET 01750 REPLONGES,01750,REPLONGES,01,,,,02,2020-12-22,5710,P1,API Recherche Entreprises / INSEE Sirene,2026-05-09
93520499000011,935204990,CALVIN BERINI (TOIT CLEAN),BERINI,43.91B,43.91B,CHEMIN DES MATALONNIERES 01851 MARBOZ,01851,MARBOZ,01,,,,NN,2024-12-01,1000,P1,API Recherche Entreprises / INSEE Sirene,2026-05-09
88407455000010,884074550,TEDDY THOLOZAN (THZ BATIMENTS),THOLOZAN (THOLOZAN),43.91B,43.91B,267 RUE DE LA GARE 01600 REYRIEUX,01600,REYRIEUX,01,,,,NN,2020-06-08,1000,P1,API Recherche Entreprises / INSEE Sirene,2026-05-09
91241090900028,912410909,PONCEBLANC NANS (NANS PONCEBLANC - CHARPENTE - COUVERTURE - ZINGUERIE),PONCEBLANC (PONCEBLANC),43.91B,43.91B,32 RUE LOUIS MARIE BOURBON 01230 SAINT-RAMBERT-EN-BUGEY,01230,SAINT-RAMBERT-EN-BUGEY,01,,,,01,2022-01-01,5710,P1,API Recherche Entreprises / INSEE Sirene,2026-05-09
91059401900010,910594019,LOUCAS TILLOI,TILLOI (TILLOI),43.91B,43.91B,124 CHEMIN DES CROIX 01140 SAINT-DIDIER-SUR-CHALARONNE,01140,SAINT-DIDIER-SUR-CHALARONNE,01,,,,NN,2022-02-01,1000,P1,API Recherche Entreprises / INSEE Sirene,2026-05-09
92210806300012,922108063,CORENTIN GUEDJ (AC ENTRETIEN TOIT),GUEDJ (GUEDJ),43.91B,43.91B,30 RUE SAINT MARTIN 01300 BELLEY,01300,BELLEY,01,,,,NN,2022-08-09,1000,P1,API Recherche Entreprises / INSEE Sirene,2026-05-09
98398245500013,983982455,MARTIN CHEVALIER (MARTIN CHEVALIER EI COUVERTURE),CHEVALIER,43.91B,43.91B,15 ALLEE DU PUBLE 01500 AMBERIEU-EN-BUGEY,01500,AMBERIEU-EN-BUGEY,01,,,,NN,2024-02-01,1000,P1,API Recherche Entreprises / INSEE Sirene,2026-05-09
98431344500012,984313445,LOIC BARDEAU (LB RENOVATION),BARDEAU,43.91B,43.91B,351 AVENUE SAINT EXUPERY 01150 LAGNIEU,01150,LAGNIEU,01,,,,NN,2024-02-06,1000,P1,API Recherche Entreprises / INSEE Sirene,2026-05-09
99014768800016,990147688,SASU DUCROCQ,DUCROCQ,43.91B,43.91B,2862 ROUTE DE CHATILLON 01290 SAINT-ANDRE-D'HUIRIAT,01290,SAINT-ANDRE-D'HUIRIAT,01,,,,NN,2025-08-01,5710,P1,API Recherche Entreprises / INSEE Sirene,2026-05-09
99024761100017,990247611,BEGO RODRIGUES BARDAGE (BRB),EUSEBIO RODRIGUES,43.91B,43.91B,217 CHEMIN DU CASARD 01120 MONTLUEL,01120,MONTLUEL,01,,,,NN,2025-07-31,5710,P1,API Recherche Entreprises / INSEE Sirene,2026-05-09
92885503000013,928855030,CINDY CARRERE,CARRERE,43.91B,43.91B,161 ROUTE DES COMIERES 01190 REYSSOUZE,01190,REYSSOUZE,01,,,,NN,2024-03-15,1000,P1,API Recherche Entreprises / INSEE Sirene,2026-05-09
34333727500311,343337275,SPIE BATIGNOLLES SUD EST,GUYENON,43.99C,43.99C,68 CHEMIN DU MOULIN CARRON 69570 DARDILLY,69570,DARDILLY,69,,,,32,1987-11-06,5710,P1,API Recherche Entreprises / INSEE Sirene,2026-05-09
45021441600247,450214416,CABESTAN (CABESTAN ENERGIES),ANSANAY-ALEX,43.99C,43.99C,88 RUE ANATOLE FRANCE 38100 GRENOBLE,38100,GRENOBLE,38,,,,32,2003-10-01,5560,P1,API Recherche Entreprises / INSEE Sirene,2026-05-09
30228075500075,302280755,JACQUET,COLOMBE,43.99C,43.99C,ZA DU ROCHER 38780 ESTRABLIN,38780,ESTRABLIN,38,,,,22,1975-01-01,5710,P1,API Recherche Entreprises / INSEE Sirene,2026-05-09
53015178600015,530151786,PASCAL PERNA,PERNA,43.99C,43.99C,157 RUE DU FOUR 01350 ANGLEFORT,01350,ANGLEFORT,01,,,,02,2011-03-01,1000,P1,API Recherche Entreprises / INSEE Sirene,2026-05-09
32568389400043,325683894,ENTREPRISE BONNET,CHANEL (CHANEL),43.99C,43.99C,88 CHEMIN DE LA GARENNE 01960 PERONNAS,01960,PERONNAS,01,,,,11,1976-01-01,5499,P1,API Recherche Entreprises / INSEE Sirene,2026-05-09
30585064600038,305850646,PEDUZZI,VIRY,43.99C,43.99C,36 RUE DES ORMES 88160 FRESSE-SUR-MOSELLE,88160,FRESSE-SUR-MOSELLE,88,,,,22,1964-01-01,5710,P1,API Recherche Entreprises / INSEE Sirene,2026-05-09
85074482200014,850744822,RENAISSANCE CONSTRUCTION,TARHAN,43.99C,43.99C,5 ROUTE DE L’OUEST 94380 BONNEUIL-SUR-MARNE,94380,BONNEUIL-SUR-MARNE,94,,,,21,2019-04-19,5710,P1,API Recherche Entreprises / INSEE Sirene,2026-05-09
92230633700010,922306337,RSE FACADE (RSE FACADE),KELLE,43.99C,43.99C,12 RUE CHARLES MOREL 38200 VIENNE,38200,VIENNE,38,,,,01,2022-11-14,5710,P1,API Recherche Entreprises / INSEE Sirene,2026-05-09
79525812800011,795258128,LUC GIRAUDET (GIRAUDET MACONNERIE),GIRAUDET (GIRAUDET),43.99C,43.99C,160 ROUTE DES BRUYERES 01340 MALAFRETAZ,01340,MALAFRETAZ,01,,,,NN,2013-07-01,1000,P1,API Recherche Entreprises / INSEE Sirene,2026-05-09
38121279400048,381212794,SADEMO,SGP INVEST,43.99C,43.99C,110 AVENUE DES MARAIS 74350 ALLONZIER-LA-CAILLE,74350,ALLONZIER-LA-CAILLE,74,,,,11,1991-02-07,5710,P1,API Recherche Entreprises / INSEE Sirene,2026-05-09
75194792000037,751947920,RICHARD AIT AISSI (R2A TRAVAUX),AIT-AISSI (AIT AISSI),43.99C,43.39Z,187 CHEMIN DE CHANTEGRILLET 01600 MASSIEUX,01600,MASSIEUX,01,,,,NN,2011-10-22,1000,P1,API Recherche Entreprises / INSEE Sirene,2026-05-09
75129405900017,751294059,FE MAISON,FLORE-EVRARD (FLORE),43.99C,70.10Z,MARCHON 6 IMPASSE DES SAPINS 01100 ARBENT,01100,ARBENT,01,,,,01,2012-04-12,5710,P1,API Recherche Entreprises / INSEE Sirene,2026-05-09
75344347200026,753443472,LIMA CONSTRUCTION,AMI,43.99C,70.10Z,208 RUE DE LA VIE DE CHATELME 01170 CROZET,01170,CROZET,01,,,,03,2012-08-03,5710,P1,API Recherche Entreprises / INSEE Sirene,2026-05-09
76220096200038,762200962,ENTREPRISE GUERRIER ET FILS,GUERRIER,43.99C,43.99C,4 PLACE DES LICES 01000 BOURG-EN-BRESSE,01000,BOURG-EN-BRESSE,01,,,,12,1962-01-01,5710,P1,API Recherche Entreprises / INSEE Sirene,2026-05-09
76720066000011,767200660,ENTREPRISE RENAUD,STEFIREN,43.99C,41.20B,118 RUE DE LA CROIX COLIN 01750 REPLONGES,01750,REPLONGES,01,,,,12,1967-01-01,5710,P1,API Recherche Entreprises / INSEE Sirene,2026-05-09
39473996500017,394739965,LYDIA DOY (RODRIGO),DOY (RODRIGO),43.99C,43.99C,40 RUE DES BROSSES 69780 MIONS,69780,MIONS,69,,,,NN,1991-04-01,1000,P1,API Recherche Entreprises / INSEE Sirene,2026-05-09
34404330200019,344043302,MACONNERIE NEVEU,,43.99C,70.10Z,67 ROUTE D’OYONNAX 01100 GEOVREISSET,01100,GEOVREISSET,01,,,,NN,1988-03-01,5499,P1,API Recherche Entreprises / INSEE Sirene,2026-05-09
43201139300027,432011393,ENTREPRISE CARRON ET FILS,CARRON,43.99C,43.99C,PARC ACTIVAL 150 RUE DU PLATEAU DE CHALLES 01140 SAINT-DIDIER-SUR-CHALARONNE,01140,SAINT-DIDIER-SUR-CHALARONNE,01,,,,03,2000-07-01,5499,P1,API Recherche Entreprises / INSEE Sirene,2026-05-09
30940749200029,309407492,FELIX BARONI,PRAUGEC AUDIT,43.99C,43.99C,CHASSAL 29 RTE DE ST CLAUDE 39360 CHASSAL-MOLINGES,39360,CHASSAL-MOLINGES,39,,,,12,1977-01-01,5710,P1,API Recherche Entreprises / INSEE Sirene,2026-05-09
38769097700047,387690977,YVAN BRUNET,BRUNET (BRUNET),43.99C,43.99C,41 RUE DU PRE GENTIL 93110 ROSNY-SOUS-BOIS,93110,ROSNY-SOUS-BOIS,93,,,,NN,1992-06-10,1000,P1,API Recherche Entreprises / INSEE Sirene,2026-05-09
42232814600010,422328146,ERIC MOREL (MACONNERIE ERIC MOREL),MOREL (MOREL),43.99C,43.99C,1091 MOULIN-MAIRIE 01190 SAINT-BENIGNE,01190,SAINT-BENIGNE,01,,,,NN,1999-04-06,1000,P1,API Recherche Entreprises / INSEE Sirene,2026-05-09
44274600400021,442746004,PIERRE GIROD,GIROD (GIROD),43.99C,43.99C,33 RUE DE L'ANCIENNE GARE 01430 SAINT-MARTIN-DU-FRENE,01430,SAINT-MARTIN-DU-FRENE,01,,,,NN,2002-04-01,1000,P1,API Recherche Entreprises / INSEE Sirene,2026-05-09
82839521000044,828395210,OLM BATIMENT (OLM BATIMENT),SAINT ANDRE,43.99C,70.10Z,221 RUE PRINCIPALE 01450 MERIGNAT,01450,MERIGNAT,01,,,,02,2017-03-27,5499,P1,API Recherche Entreprises / INSEE Sirene,2026-05-09
82531667200013,825316672,ALAIN HELIN,HELIN,43.99C,43.99C,11 LE CLOS DU LAVOIR 01090 GENOUILLEUX,01090,GENOUILLEUX,01,,,,NN,2017-02-01,1000,P1,API Recherche Entreprises / INSEE Sirene,2026-05-09
49421182400037,494211824,LABRUYERE SALIS BATIMENT L S BATIMENT,,43.99C,70.10Z,200 ROUTE D'ARS 01600 SAINTE-EUPHEMIE,01600,SAINTE-EUPHEMIE,01,,,,NN,2007-02-12,5499,P1,API Recherche Entreprises / INSEE Sirene,2026-05-09
48986993300031,489869933,MACONNERIE MAZUIR,MAZUIR (MAZUIR),43.99C,43.99C,18 RUE MARCEL VINCENT 01590 LAVANCIA-EPERCY,01590,LAVANCIA-EPERCY,39,,,,01,2006-05-02,5499,P1,API Recherche Entreprises / INSEE Sirene,2026-05-09
49119196100037,491191961,ARPC,BENOIT (BENOIT),43.99C,43.99C,286 GRANDE RUE 01600 MISERIEUX,01600,MISERIEUX,01,,,,NN,2006-08-01,5499,P1,API Recherche Entreprises / INSEE Sirene,2026-05-09
51248859400015,512488594,SEBASTIEN LUSSIEZ,LUSSIEZ,43.99C,43.99C,CHEZ MLLE BERNARDINI 41 RUE BIZOT 01550 COLLONGES,01550,COLLONGES,01,,,,NN,2009-05-14,1000,P1,API Recherche Entreprises / INSEE Sirene,2026-05-09
50399744700027,503997447,ENTREPRISE DE PROTECTION DE L'HABITAT (EPH),OZKAYA (OZKAYA),43.99C,43.31Z,PRE DE VAUBIN 39160 BALANOD,39160,BALANOD,39,,,,11,2008-01-02,5499,P1,API Recherche Entreprises / INSEE Sirene,2026-05-09
91797973400014,917979734,MACONNERIE VUILLEROD RENOVATION,VUILLEROD (VUILLEROD),43.99C,43.99C,255 CHE D ARANDON GROSLEE 01300 GROSLEE-SAINT-BENOIT,01300,GROSLEE-SAINT-BENOIT,01,,,,01,2022-08-01,5499,P1,API Recherche Entreprises / INSEE Sirene,2026-05-09
88143162100021,881431621,RFI (RFI),BOUHELAL (BOUHELAL),43.99C,43.99C,2 RUE STALINGRAD 69120 VAULX-EN-VELIN,69120,VAULX-EN-VELIN,69,,,,11,2020-02-10,5710,P1,API Recherche Entreprises / INSEE Sirene,2026-05-09
90284411700017,902844117,LESPINAT PAUGET FACADES (LESPINAT FACADES),HOLDING CEDRIC PAUGET,43.99C,43.99C,4 RUE DU COMMERCE 01460 PORT,01460,PORT,01,,,,02,2021-09-01,5710,P1,API Recherche Entreprises / INSEE Sirene,2026-05-09
90141466400010,901414664,EVALEK D.O.O.,ZIVKOVIC (ZIVKOVIC),43.99C,70.10Z,79 OBREZJE 8261 JESENICA NA DOLENJSKEM SLOVENIE,,,,,,,NN,2021-07-01,3120,P2,API Recherche Entreprises / INSEE Sirene,2026-05-09
96950166700022,969501667,ENTREPRISE E. MOSNIER,DELESCLUSE,43.99C,43.99C,4 RUE EDOUARD AYNARD 69100 VILLEURBANNE,69100,VILLEURBANNE,69,,,,12,1969-01-01,5710,P1,API Recherche Entreprises / INSEE Sirene,2026-05-09
93435678300027,934356783,ANTHONY DAZORD,DAZORD,43.99C,01.11Z,213 RUE DE BALAN 01120 DAGNEUX,01120,DAGNEUX,01,,,,NN,2024-10-01,1000,P1,API Recherche Entreprises / INSEE Sirene,2026-05-09
33054200200010,330542002,GALLEGO SAS,GALLEGO,43.99C,43.99C,74 T RUE ANATOLE FRANCE 01100 OYONNAX,01100,OYONNAX,01,,,,11,1984-06-01,5710,P1,API Recherche Entreprises / INSEE Sirene,2026-05-09
43809424500018,438094245,DANIEL VEUILLET,VEUILLET (VEUILLET),43.99C,43.99C,23 IMPASSE DES COURS HAUTES 01560 LESCHEROUX,01560,LESCHEROUX,01,,,,03,2001-07-03,1000,P1,API Recherche Entreprises / INSEE Sirene,2026-05-09
79402189900040,794021899,MG MACONNERIE,GUNES (GUNES),43.99C,43.99C,70 RUE DES AQUARELLES 01300 BELLEY,01300,BELLEY,01,,,,01,2013-06-10,5499,P1,API Recherche Entreprises / INSEE Sirene,2026-05-09
79463767800044,794637678,VICENTE RENOVATION LEMAN (RENOVATION DU LEMAN SAS),DUARTE VICENTE,43.99C,41.20A,125 RUE GUSTAVE EIFFEL 01630 SAINT-GENIS-POUILLY,01630,SAINT-GENIS-POUILLY,01,,,,01,2013-07-08,5710,P1,API Recherche Entreprises / INSEE Sirene,2026-05-09
76520089400028,765200894,ENTREPRISE RENOUD,RENOUD,43.99C,70.10Z,152 ALLEE DES LILAS 01250 SAINT-JUST,01250,SAINT-JUST,01,,,,NN,1965-01-01,5499,P1,API Recherche Entreprises / INSEE Sirene,2026-05-09
48140265900017,481402659,JBT MACONNERIE,TICOZZI (HACQUARD),43.99C,43.99C,BEAUMONT 74910 SAINT-GERMAIN-SUR-RHONE,74910,SAINT-GERMAIN-SUR-RHONE,74,,,,NN,2005-02-01,5499,P1,API Recherche Entreprises / INSEE Sirene,2026-05-09
52532191500015,525321915,DAVID THIVEL,THIVEL,43.99C,43.99C,LANDAIZE 01350 CULOZ-BEON,01350,CULOZ-BEON,01,,,,NN,2010-10-01,1000,P1,API Recherche Entreprises / INSEE Sirene,2026-05-09
52195862900011,521958629,PRO-MACON,UNLUTURK (UNLUTURK),43.99C,43.99C,64 AVENUE DE BRESSE 01460 MONTREAL-LA-CLUSE,01460,MONTREAL-LA-CLUSE,01,,,,NN,2010-03-29,5499,P1,API Recherche Entreprises / INSEE Sirene,2026-05-09
50887173800037,508871738,FABRICE DUCROT (01 FD SERVICES),DUCROT,43.99C,43.32A,101 IMPASSE DES MAGNOLIAS 01480 CHALEINS,01480,CHALEINS,01,,,,NN,2008-11-01,1000,P1,API Recherche Entreprises / INSEE Sirene,2026-05-09
40227471600024,402274716,AJEBAT,MONNERET,43.99C,43.99C,IMPASSE DES VERCHERES 69140 RILLIEUX-LA-PAPE,69140,RILLIEUX-LA-PAPE,69,,,,12,1995-10-02,5710,P1,API Recherche Entreprises / INSEE Sirene,2026-05-09
75191346800029,751913468,SOCIETE NOUVELLE GEORGES DA SILVA (SOCIETE NOUVELLE GEORGES DA SILVA/SNGD) (S.N.G.D),HAVET (HAVET),43.99C,43.99C,925 ROUTE DU BAS MIZERIAT 01140 SAINT-DIDIER-SUR-CHALARONNE,01140,SAINT-DIDIER-SUR-CHALARONNE,01,,,,NN,2012-05-31,5499,P1,API Recherche Entreprises / INSEE Sirene,2026-05-09
53189741100017,531897411,JEAN-PIERRE COUET,COUET (COUET),43.99C,43.99C,55 RUE DES SORBIERS 69220 LANCIE,69220,LANCIE,69,,,,NN,2011-04-21,1000,P1,API Recherche Entreprises / INSEE Sirene,2026-05-09
45255371200020,452553712,ACRA,RATAO (RATAO),43.99C,43.99C,16 MONTEE DE LA GRANDE COTE 01700 NEYRON,01700,NEYRON,01,,,,01,2004-04-01,5499,P1,API Recherche Entreprises / INSEE Sirene,2026-05-09
83412382000013,834123820,YOANN BAUMGARTNER (BOUM PAYSAGE),BAUMGARTNER (BAUMGARTNER),43.99C,43.99C,284 RUE DOMMARTIN 01630 PERON,01630,PERON,01,,,,NN,2018-01-02,1000,P1,API Recherche Entreprises / INSEE Sirene,2026-05-09
82974282400016,829742824,SC GHIZONACESRL,,43.99C,43.99C,STR NICOLAE TITULESCU 156 COM DRANCENI SAT RASESTI 737224 ROUMANIE,,,,,,,NN,2017-05-12,3220,P2,API Recherche Entreprises / INSEE Sirene,2026-05-09
84829047400016,848290474,NOVARENOV (NOVAGEO RENOVATION),PHENIX,43.99C,43.99C,ZONE ARTISANALE CHEMIN DE LA SACCUNIERE 01120 LA BOISSE,01120,LA BOISSE,01,,,,02,2019-02-08,5710,P1,API Recherche Entreprises / INSEE Sirene,2026-05-09
84414197800016,844141978,PHILCRES,,43.99C,43.99C,AVINGUDA DE LES CORTS CATALANES 5-7 08173 SANT CUGAT DEL VALLES ESPAGNE,,,,,,,NN,2014-11-01,3220,P2,API Recherche Entreprises / INSEE Sirene,2026-05-09
84496060900015,844960609,SASU KAYMAZ,KAYMAZ (KAYMAZ),43.99C,70.10Z,BELLEGARDE SUR VALSERINE 63 RUE DE VANCHY 01200 VALSERHONE,01200,VALSERHONE,01,,,,02,2019-01-01,5710,P1,API Recherche Entreprises / INSEE Sirene,2026-05-09
90029847200011,900298472,S. GARCIA,GARCIA,43.99C,70.10Z,ARDOSSET 243 RUE DES COMBES 01350 CEYZERIEU,01350,CEYZERIEU,01,,,,02,2021-06-11,5710,P1,API Recherche Entreprises / INSEE Sirene,2026-05-09
90469108600014,904691086,BDS,BOYDAS (BOYDAS),43.99C,43.99C,2 RUE DU COLOMBIER 01150 SAULT-BRENAZ,01150,SAULT-BRENAZ,01,,,,NN,2021-09-15,5499,P1,API Recherche Entreprises / INSEE Sirene,2026-05-09
90509160900016,905091609,RUIZ,AMALBERT,43.99C,70.10Z,33 RUE DU TRAITE DE ROME 69780 MIONS,69780,MIONS,69,,,,12,2021-10-20,5710,P1,API Recherche Entreprises / INSEE Sirene,2026-05-09
92184803200014,921848032,01-FACADES (01-FACADES),DELMER,43.99C,43.99C,443 ROUTE DE MONTANET 01540 PERREX,01540,PERREX,01,,,,NN,2022-11-25,5499,P1,API Recherche Entreprises / INSEE Sirene,2026-05-09
93770189400019,937701894,ELI BTP,MERIC (YILDIRIM),43.99C,43.99C,801 RUE DE LA LYE 01750 REPLONGES,01750,REPLONGES,01,,,,NN,2024-11-18,5499,P1,API Recherche Entreprises / INSEE Sirene,2026-05-09
98340908700035,983409087,MOISES RIBEIRO GONCALVES (LTRM),RIBEIRO GONCALVES,43.99C,43.99C,456 B ROUTE DE BOURG-EN-BRESSE 01120 PIZAY,01120,PIZAY,01,,,,NN,2024-02-01,1000,P1,API Recherche Entreprises / INSEE Sirene,2026-05-09
75005902400018,750059024,THOMAS BEREZIAT (BEREZIAT MACONNERIE),BEREZIAT,43.99C,43.99C,133 RTE LES BRUYERES 01340 BRESSE VALLONS,01340,BRESSE VALLONS,01,,,,NN,2012-04-02,1000,P1,API Recherche Entreprises / INSEE Sirene,2026-05-09
75024598700011,750245987,MICHAEL ROBIN (HOMME TOUTES MAINS),ROBIN (ROBIN),43.99C,43.99C,PRO DE PINAL 01270 COLIGNY,01270,COLIGNY,01,,,,NN,2012-04-01,1000,P1,API Recherche Entreprises / INSEE Sirene,2026-05-09
75031444500024,750314445,BRUNO DA SILVA CRUZ,DA SILVA CRUZ,43.99C,43.99C,25 RUE DES FONTANETTES 01000 BOURG-EN-BRESSE,01000,BOURG-EN-BRESSE,01,,,,NN,2012-02-13,1000,P1,API Recherche Entreprises / INSEE Sirene,2026-05-09
75057195200019,750571952,SOUFIANE MALKI,MALKI (MALKI),43.99C,43.99C,11 IMPASSE DES CAPUCINES 01750 REPLONGES,01750,REPLONGES,01,,,,NN,2012-03-19,1000,P1,API Recherche Entreprises / INSEE Sirene,2026-05-09
75104654100015,751046541,AMD MULTI SERVICES (AMD MULTI SERVICES),DUARTE (DUARTE),43.99C,43.99C,725 ROUTE DE TREVOUX 01600 SAINTE-EUPHEMIE,01600,SAINTE-EUPHEMIE,01,,,,NN,2012-03-19,5499,P1,API Recherche Entreprises / INSEE Sirene,2026-05-09
53316024800019,533160248,JHONNY COELHO,COELHO,43.99C,43.99C,23 RUE DE L'OIGNIN 01460 BRION,01460,BRION,01,,,,NN,2011-06-01,1000,P1,API Recherche Entreprises / INSEE Sirene,2026-05-09
53327892500011,533278925,MACONNERIE TERRASSEMENT DE LA COMBE DU VAL,FAVIER (FAVIER),43.99C,43.99C,36 RUE DE L'ANCIENNE GARE 01430 SAINT-MARTIN-DU-FRENE,01430,SAINT-MARTIN-DU-FRENE,01,,,,NN,2011-06-15,5710,P1,API Recherche Entreprises / INSEE Sirene,2026-05-09
53783569600023,537835696,SEDAT YUNLU,YUNLU,43.99C,43.99C,39 RUE DE FONTAINE-ECU 25000 BESANCON,25000,BESANCON,25,,,,NN,2011-11-02,1000,P1,API Recherche Entreprises / INSEE Sirene,2026-05-09
53798945100019,537989451,VICTOR NEVES,NEVES (NEVES),43.99C,43.99C,6 RUE DE LA COMBE BOURRU 01580 SAMOGNAT,01580,SAMOGNAT,01,,,,NN,2011-11-02,1000,P1,API Recherche Entreprises / INSEE Sirene,2026-05-09
53854969200027,538549692,SARL DELISLE DE BAIZE (SARL DELISLE DE BAIZE),DELISLE DE BAIZE,43.99C,43.99C,BAGE LA VILLE 198 ZONE ARTISANALE DE CHARLEMAGNE 01380 BAGE-DOMMARTIN,01380,BAGE-DOMMARTIN,01,,,,NN,2012-01-02,5499,P1,API Recherche Entreprises / INSEE Sirene,2026-05-09
51054751600029,510547516,ROZIER PATRICK METALLERIE (RPM),ROZIER (ROZIER),43.99C,43.99C,265 ROUTE DE LUPONNAS 01540 VONNAS,01540,VONNAS,01,,,,NN,2009-01-01,5499,P1,API Recherche Entreprises / INSEE Sirene,2026-05-09
51147243300016,511472433,SARL GAILLARD BRUNO,GAILLARD (GAILLARD),43.99C,43.99C,41 IMPASSE DE LA CROIX VERTE 01750 REPLONGES,01750,REPLONGES,01,,,,01,2009-04-01,5499,P1,API Recherche Entreprises / INSEE Sirene,2026-05-09
51174028400019,511740284,AB CONCEPT,HUGONNARD-BRUYERE (HUGONNARD-BRUYERE),43.99C,43.99C,21 CHE DE TRONFOU 01700 SAINT-MAURICE-DE-BEYNOST,01700,SAINT-MAURICE-DE-BEYNOST,01,,,,NN,2009-04-14,5499,P1,API Recherche Entreprises / INSEE Sirene,2026-05-09
51194499300035,511944993,ACRG (ACRG CREATION),REVERIOT (REVERIOT),43.99C,43.99C,1668 ROUTE DE MEZERIAT 01310 POLLIAT,01310,POLLIAT,01,,,,01,2009-05-01,5710,P1,API Recherche Entreprises / INSEE Sirene,2026-05-09
53026414200015,530264142,DFM MACONNERIE,AZEVEDO DE CARVALHO (AZEVEDO DE CARVALHO),43.99C,43.99C,2158 LE VILLARD 01270 COLIGNY,01270,COLIGNY,01,,,,NN,2011-02-01,5499,P1,API Recherche Entreprises / INSEE Sirene,2026-05-09
50863455700039,508634557,JOSE CALVO (JLC MACONNERIE),CALVO,43.99C,43.99C,31 CHEMIN DE RUETTE METELLE 01290 CROTTET,01290,CROTTET,01,,,,NN,2008-10-15,1000,P1,API Recherche Entreprises / INSEE Sirene,2026-05-09
50906817700013,509068177,SARL ATAK MACONNERIE,,43.99C,43.99C,4 PL CECILE MARTIN 01200 VALSERHONE,01200,VALSERHONE,01,,,,NN,2008-11-01,5499,P1,API Recherche Entreprises / INSEE Sirene,2026-05-09
50992266200028,509922662,AIN CONSTRUCTION,AKDENIZ (AKDENIZ),43.99C,43.99C,67 RUE DE L'ARTISANAT 01000 SAINT-DENIS-LES-BOURG,01000,SAINT-DENIS-LES-BOURG,01,,,,NN,2009-01-05,5499,P1,API Recherche Entreprises / INSEE Sirene,2026-05-09
52339505100015,523395051,JULIEN TAILLEFER,TAILLEFER,43.99C,43.99C,346 ROUTE DE POUGNY 01630 PERON,01630,PERON,01,,,,NN,2010-07-01,1000,P1,API Recherche Entreprises / INSEE Sirene,2026-05-09
52396163900011,523961639,AHMET CETINTAS,CETINTAS (CETINTAS),43.99C,43.99C,34 AV SAINT EXUPERY - BELLEGARDE 01200 VALSERHONE,01200,VALSERHONE,01,,,,02,2010-08-16,1000,P1,API Recherche Entreprises / INSEE Sirene,2026-05-09
52409687200030,524096872,RHONE SAONE MACONNERIE,"R & T ASSOCIES,",43.99C,43.99C,270 AVENUE DES FRERES LUMIERE 69730 GENAY,69730,GENAY,69,,,,11,2010-07-27,5710,P1,API Recherche Entreprises / INSEE Sirene,2026-05-09
52434204500019,524342045,DAVID MILLET,MILLET (MILLET),43.99C,43.99C,333 GRANDE RUE 01400 NEUVILLE-LES-DAMES,01400,NEUVILLE-LES-DAMES,01,,,,NN,2010-09-13,1000,P1,API Recherche Entreprises / INSEE Sirene,2026-05-09
53438640400022,534386404,CENGIZ BASOL,BASOL (BASOL),43.99C,43.99C,8 IMPASSE DES MESANGES 01100 ARBENT,01100,ARBENT,01,,,,02,2011-07-28,1000,P1,API Recherche Entreprises / INSEE Sirene,2026-05-09
53483254800018,534832548,PATRICK SIEMECK (SIEMECK PATRICK MACONNERIE CHARPENTE),SIEMECK (SIEMECK),43.99C,43.99C,LES ORCIERES 369 ROUTE DE DOMBOURNU 01340 FOISSIAT,01340,FOISSIAT,01,,,,NN,2011-10-01,1000,P1,API Recherche Entreprises / INSEE Sirene,2026-05-09
53530946200021,535309462,DANIEL DUMONT,DUMONT,43.99C,43.99C,3 CHEMIN DE TRE MOULIN 01200 VALSERHONE,01200,VALSERHONE,01,,,,NN,2011-06-28,1000,P1,API Recherche Entreprises / INSEE Sirene,2026-05-09
53747978400051,537479784,JEREMY VUILLOD,VUILLOD (VUILLOD),43.99C,43.99C,5 PLACE SAINT-SYLVESTRE 01150 SAINTE-JULIE,01150,SAINTE-JULIE,01,,,,NN,2011-10-17,1000,P1,API Recherche Entreprises / INSEE Sirene,2026-05-09
75386828000052,753868280,DAVID GIROUD (GD AEROGOMMAGE),GIROUD,43.99C,43.99C,60 RUE FRANCOIS IER 75008 PARIS,75008,PARIS,75,,,,NN,2012-09-15,1000,P1,API Recherche Entreprises / INSEE Sirene,2026-05-09
75406594400011,754065944,KARIM BELKADI,BELKADI,43.99C,43.99C,RUE DE LA CHANAL 01700 MIRIBEL,01700,MIRIBEL,01,,,,NN,2012-10-01,1000,P1,API Recherche Entreprises / INSEE Sirene,2026-05-09
76320109200049,763201092,PARUTTO SAS,LAPLACE,43.99C,43.99C,330 AVENUE DE SAINT-MAURICE 01700 MIRIBEL,01700,MIRIBEL,01,,,,12,1963-01-01,5710,P1,API Recherche Entreprises / INSEE Sirene,2026-05-09
41861505000030,418615050,VICTOR DOS SANTOS ARAUJO (KLVMACONNERIE),DOS SANTOS ARAUJO,43.99C,43.99C,183 ROUTE DU CRUISSEAU 01360 BELIGNEUX,01360,BELIGNEUX,01,,,,NN,1998-05-04,1000,P1,API Recherche Entreprises / INSEE Sirene,2026-05-09
41865534600017,418655346,ARMENIO CORREIA REINA (ACR CORREIA),CORREIA REINA,43.99C,43.99C,HLM LES CHENES 135 RUE DU CHENE 01420 SEYSSEL,01420,SEYSSEL,01,,,,NN,1998-05-11,1000,P1,API Recherche Entreprises / INSEE Sirene,2026-05-09
41868040100027,418680401,CYRIL TOURNAIRE,TOURNAIRE (TOURNAIRE),43.99C,43.99C,368 CHEMIN DES GENETS 01600 TOUSSIEUX,01600,TOUSSIEUX,01,,,,NN,1998-04-30,1000,P1,API Recherche Entreprises / INSEE Sirene,2026-05-09
41889539700044,418895397,DAVID PACCARD,PACCARD (PACCARD),43.99C,43.99C,7 CHEMIN DE LA LIMITE 01700 SAINT-MAURICE-DE-BEYNOST,01700,SAINT-MAURICE-DE-BEYNOST,01,,,,NN,1998-06-01,1000,P1,API Recherche Entreprises / INSEE Sirene,2026-05-09
41936817000025,419368170,IRFAN BICER (BICER MACONNERIE),BICER,43.99C,43.99C,CLOS DE BOISSIEU -  BAT D2 AVENUE DU GENERAL DE GAULLE 01500 AMBERIEU-EN-BUGEY,01500,AMBERIEU-EN-BUGEY,01,,,,NN,1998-07-02,1000,P1,API Recherche Entreprises / INSEE Sirene,2026-05-09
41947969600025,419479696,BGL (BGL) (BGL),DE MAUROY,43.99C,43.99C,859 RUE DE BALAN 01120 DAGNEUX,01120,DAGNEUX,01,,,,12,1998-07-01,5710,P1,API Recherche Entreprises / INSEE Sirene,2026-05-09
39507803300028,395078033,ASILVA MACONNERIE,CROS (CROS),43.99C,43.99C,9 RUE CLEMENT ADER 01200 VALSERHONE,01200,VALSERHONE,01,,,,NN,1994-05-16,5710,P1,API Recherche Entreprises / INSEE Sirene,2026-05-09
39744440700027,397444407,SARL VIRGEOF,DI CIOCCO (DI CIOCCO),43.99C,43.99C,20 B ROUTE DE MARCHON 01100 OYONNAX,01100,OYONNAX,01,,,,02,1994-05-09,5499,P1,API Recherche Entreprises / INSEE Sirene,2026-05-09
41177578600030,411775786,SOCIETE GESSIENNE DE CONSTRUCTION (SGC),MISSO,43.99C,43.99C,71 RUE DU JORAN 01170 CESSY,01170,CESSY,01,,,,NN,1997-03-28,5499,P1,API Recherche Entreprises / INSEE Sirene,2026-05-09
41239044500036,412390445,LAURENT LEITGEN,LEITGEN (LEITGEN),43.99C,43.99C,700 ROUTE DES FRUITIERES 01260 ARVIERE-EN-VALROMEY,01260,ARVIERE-EN-VALROMEY,01,,,,01,1997-07-01,1000,P1,API Recherche Entreprises / INSEE Sirene,2026-05-09
41266453400028,412664534,PHILIPPE DUBOIS,DUBOIS (DUBOIS),43.99C,43.99C,ZA LE CRAPIER CHE DES EPINETTES 01150 SAINT-SORLIN-EN-BUGEY,01150,SAINT-SORLIN-EN-BUGEY,01,,,,01,1997-07-02,1000,P1,API Recherche Entreprises / INSEE Sirene,2026-05-09
34348315200025,343483152,FRANCO PRUDENTINO,PRUDENTINO,43.99C,43.99C,51 CHEMIN DES ETANGS 01220 DIVONNE-LES-BAINS,01220,DIVONNE-LES-BAINS,01,,,,NN,1988-01-12,1000,P1,API Recherche Entreprises / INSEE Sirene,2026-05-09
48519755200584,485197552,SOPREMA ENTREPRISES,KRATZEISEN,43.99A,43.99A,15 RUE DE SAINT-NAZAIRE 67100 STRASBOURG,67100,STRASBOURG,67,,,,51,2005-11-21,5710,P1,API Recherche Entreprises / INSEE Sirene,2026-05-09
34925956400012,349259564,CIBETANCHE,CANNARD,43.99A,43.91B,20 ROUTE D'ARRENTIERES 10200 BAR-SUR-AUBE,10200,BAR-SUR-AUBE,10,,,,11,1989-01-07,5710,P1,API Recherche Entreprises / INSEE Sirene,2026-05-09
41883659900021,418836599,LOUIS OZUN (OL ZINGUERIE),OZUN (OZUN),43.99A,43.99A,14 RUE DE LA COMBELLE 01100 GROISSIAT,01100,GROISSIAT,01,,,,NN,1998-05-15,1000,P1,API Recherche Entreprises / INSEE Sirene,2026-05-09
35045754500043,350457545,SIC ETANCHEITE,IACOVELLI (IACOVELLI),43.99A,43.99A,6 RUE JEAN PERRIN 69740 GENAS,69740,GENAS,69,,,,12,1989-05-02,5710,P1,API Recherche Entreprises / INSEE Sirene,2026-05-09
30529196500054,305291965,ENTREPRISE GARCON ETANCHEITE,ERRERA,43.99A,43.99A,PARC D'ACTIVITES DE MASSIEUX 51 ALL LUMIERE 01600 MASSIEUX,01600,MASSIEUX,01,,,,11,1976-01-01,5710,P1,API Recherche Entreprises / INSEE Sirene,2026-05-09
49368796600033,493687966,ZINGSERVICE,YORGA (YORGA),43.99A,43.91B,13 RUE RENAN 01100 OYONNAX,01100,OYONNAX,01,,,,01,2007-01-03,5499,P1,API Recherche Entreprises / INSEE Sirene,2026-05-09
37996730000060,379967300,EMTS,FERRARI,43.99A,43.99A,ZONE INOVA 3000 7 ALL DES VOSGES 88150 THAON-LES-VOSGES,88150,THAON-LES-VOSGES,88,,,,12,1990-10-01,5710,P1,API Recherche Entreprises / INSEE Sirene,2026-05-09
53250300000012,532503000,BRESSE ETANCHEITE,EL FAKIR (EL FAKIR),43.99A,43.99A,244 ALLEE DE L'AULNAIE 01340 ATTIGNAT,01340,ATTIGNAT,01,,,,00,2011-04-14,5499,P1,API Recherche Entreprises / INSEE Sirene,2026-05-09
50952509300035,509525093,JORIS DUMONCEAU (EAU ' THENTIC),DUMONCEAU (DUMONCEAU),43.99A,43.99A,73 CHEMIN DE LA GENETTE 01400 L'ABERGEMENT-CLEMENCIAT,01400,L'ABERGEMENT-CLEMENCIAT,01,,,,NN,2008-12-16,1000,P1,API Recherche Entreprises / INSEE Sirene,2026-05-09
53504603100030,535046031,SARL DAVID GOMES,ABREU GOMES,43.99A,43.99A,1920 GRANDE RUE 01570 FEILLENS,01570,FEILLENS,01,,,,02,2011-09-23,5499,P1,API Recherche Entreprises / INSEE Sirene,2026-05-09
75406591000020,754065910,DANIEL DEKERMANDJIAN,DEKERMANDJIAN (DEKERMANDJIAN),43.99A,43.99A,140 CHEMIN VERT 91 LOT VIGNES DES ANDRES 01700 BEYNOST,01700,BEYNOST,01,,,,01,2012-09-18,1000,P1,API Recherche Entreprises / INSEE Sirene,2026-05-09
83381117700017,833811177,OLIVIER FLECHON (PCZ RENOV),FLECHON (FLECHON),43.99A,43.99A,261 ROUTE DE PETIT SONVILLE 01560 SAINT-TRIVIER-DE-COURTES,01560,SAINT-TRIVIER-DE-COURTES,01,,,,NN,2018-01-02,1000,P1,API Recherche Entreprises / INSEE Sirene,2026-05-09
10009342600011,100093426,MOHAMED JEBBARI EL MAAROUFI (JM ETANCHEITE),JEBBARI EL MAAROUFI,43.99A,43.99A,80 RUE DES REGAINS 01170 GEX,01170,GEX,01,,,,NN,2026-02-01,1000,P1,API Recherche Entreprises / INSEE Sirene,2026-05-09
45334495400046,453344954,ALI CHERIF,CHERIF,43.99A,43.99A,8 RUE MARIE CURIE 74100 ANNEMASSE,74100,ANNEMASSE,74,,,,NN,2004-04-01,1000,P1,API Recherche Entreprises / INSEE Sirene,2026-05-09
79856934900011,798569349,SOUDETEC (JATT ETANCHEITE),IFTIKHAR (IFTIKHAR),43.99A,43.99A,319 ROUTE DE GENEVE 01360 BELIGNEUX,01360,BELIGNEUX,01,,,,NN,2013-10-29,5499,P1,API Recherche Entreprises / INSEE Sirene,2026-05-09
41849703800046,418497038,SAPITEC,T4F,43.99A,43.99A,3 RUE LOUIS LACHENAL 69740 GENAS,69740,GENAS,69,,,,11,1998-04-16,5710,P1,API Recherche Entreprises / INSEE Sirene,2026-05-09
81953152600013,819531526,G. DAVID ETANCHEITE (G. DAVID ETANCHEITE),DAVID,43.99A,43.99A,18 PLACE DE LA PLUME 01330 VILLARS-LES-DOMBES,01330,VILLARS-LES-DOMBES,01,,,,03,2016-04-11,5710,P1,API Recherche Entreprises / INSEE Sirene,2026-05-09
48153838700061,481538387,RACHID SIAR (RS HORIZON BATI),SIAR,43.99A,43.99A,5 AVENUE EUGENE DELACROIX 44570 TRIGNAC,44570,TRIGNAC,44,,,,NN,2005-03-25,1000,P1,API Recherche Entreprises / INSEE Sirene,2026-05-09
49339132000022,493391320,STEPHANE THIMON (THIM PAYSAGE),THIMON,43.99A,43.99A,1414 ROUTE DE GENEVE 01170 CESSY,01170,CESSY,01,,,,NN,2006-12-01,1000,P1,API Recherche Entreprises / INSEE Sirene,2026-05-09
49491181100037,494911811,SEBASTIEN LANDAIS (LS SERVICES),LANDAIS (LANDAIS),43.99A,43.99A,749 CHE DU CRUISSEAU 01360 BELIGNEUX,01360,BELIGNEUX,01,,,,NN,2007-01-01,1000,P1,API Recherche Entreprises / INSEE Sirene,2026-05-09
50503194800019,505031948,CAMILLE BUFFET,BUFFET (BUFFET),43.99A,43.99A,267 IMPASSE D'ALSACE 01120 NIEVROZ,01120,NIEVROZ,01,,,,NN,2008-07-02,1000,P1,API Recherche Entreprises / INSEE Sirene,2026-05-09
50390584600021,503905846,ATEC ETANCHEITE (ATEC ETANCHEITE),IMPLID AUDIT,43.99A,43.99A,PARC D'ACTIVITES DES 2 B CHEMIN DU DERONTET 01360 BELIGNEUX,01360,BELIGNEUX,01,,,,12,2008-04-01,5710,P1,API Recherche Entreprises / INSEE Sirene,2026-05-09
83498131800027,834981318,GUILLAUME GREA (BUGEY SERVICES ETANCHEITE),GREA (GREA),43.99A,43.99A,57 IMPASSE DES MALADIERES 01640 SAINT-JEAN-LE-VIEUX,01640,SAINT-JEAN-LE-VIEUX,01,,,,NN,2018-02-12,1000,P1,API Recherche Entreprises / INSEE Sirene,2026-05-09
89536544300020,895365443,FATIH BEKTAS (OZBEK ETANCHEITE),BEKTAS,43.99A,43.99A,6 RUE DES MAISONS NEUVES 01800 MEXIMIEUX,01800,MEXIMIEUX,01,,,,NN,2021-03-18,1000,P1,API Recherche Entreprises / INSEE Sirene,2026-05-09
92042982600018,920429826,GUILLAUME SAUVAGET (SFBPI),SAUVAGET (SAUVAGET),43.99A,43.99A,41 RUE DES CHARMETTES 01000 BOURG-EN-BRESSE,01000,BOURG-EN-BRESSE,01,,,,NN,2022-10-18,1000,P1,API Recherche Entreprises / INSEE Sirene,2026-05-09
52138889200015,521388892,VINCENT KOEHLER,KOEHLER,43.99A,43.99A,RUE PRINCIPALE 01160 VARAMBON,01160,VARAMBON,01,,,,NN,2010-03-10,1000,P1,API Recherche Entreprises / INSEE Sirene,2026-05-09
80193526300013,801935263,ALEXIS DA SILVA,DA SILVA,43.99A,43.99A,CHEMIN DE LA GABIAUDE 01290 LAIZ,01290,LAIZ,01,,,,NN,2014-04-23,1000,P1,API Recherche Entreprises / INSEE Sirene,2026-05-09
84937517500023,849375175,L.T. ETANCHEITE (L.T. ETANCHEITE),TESLUTA (TESLUTA),43.99A,43.99A,416 CHEMIN DES PICATIERES 01640 SAINT-JEAN-LE-VIEUX,01640,SAINT-JEAN-LE-VIEUX,01,,,,01,2019-04-01,5499,P1,API Recherche Entreprises / INSEE Sirene,2026-05-09
90186203700016,901862037,MBC ETANCHEITE (MBC ETANCHEITE),KHEDIMI,43.99A,43.99A,146 RUE PASTEUR 01500 CHATEAU-GAILLARD,01500,CHATEAU-GAILLARD,01,,,,01,2021-07-01,5499,P1,API Recherche Entreprises / INSEE Sirene,2026-05-09
91066934000010,910669340,YSSA GUEYE (GUEYE CHARPENTE  COUVERTURE ZINGUERIE),GUEYE (GUEYE),43.99A,43.99A,15 RUE HELENE BOUCHER 01000 BOURG-EN-BRESSE,01000,BOURG-EN-BRESSE,01,,,,NN,2022-04-04,1000,P1,API Recherche Entreprises / INSEE Sirene,2026-05-09
94385917300016,943859173,RICARDO EUSEBIO RODRIGUES (BEGO RODRIGUES BARDAGE),EUSÉBIO RODRIGUES,43.99A,43.99A,217 CHEMIN DU CASARD 01120 MONTLUEL,01120,MONTLUEL,01,,,,NN,2025-05-01,1000,P1,API Recherche Entreprises / INSEE Sirene,2026-05-09
98091577100011,980915771,EURL GRECO CHRISTOPHE (EURL GRECO CHRISTOPHE),GRECO,43.99A,43.99A,3 CHEMIN DE FORT JANOT 01800 SAINT-MAURICE-DE-GOURDANS,01800,SAINT-MAURICE-DE-GOURDANS,01,,,,01,2023-10-01,5499,P1,API Recherche Entreprises / INSEE Sirene,2026-05-09
98945184400017,989451844,DANY MAREINE (DEMOUSSAGE 01),MAREINE,43.99A,43.99A,662 CHEMIN VIEUX 01380 SAINT-ANDRE-DE-BAGE,01380,SAINT-ANDRE-DE-BAGE,01,,,,NN,2025-05-16,1000,P1,API Recherche Entreprises / INSEE Sirene,2026-05-09
78885520300022,788855203,ANTHONY CARANO,CARANO (CARANO),43.99A,43.99A,ROUTE DE FRANCHELEINS 01090 LURCY,01090,LURCY,01,,,,NN,2012-10-04,1000,P1,API Recherche Entreprises / INSEE Sirene,2026-05-09
80117747800014,801177478,SINAN77,GULEC (GULEC),43.99A,43.99A,8 AVENUE PAUL PAINLEVE 01500 AMBERIEU-EN-BUGEY,01500,AMBERIEU-EN-BUGEY,01,,,,NN,2014-03-10,5499,P1,API Recherche Entreprises / INSEE Sirene,2026-05-09
80296384300015,802963843,LAHCEN OUJAGHBI (OUJAGHBI),OUJAGHBI (OUJAGHBI),43.99A,43.99A,1 IMPASSE FLAUBERT 01100 OYONNAX,01100,OYONNAX,01,,,,NN,2014-05-13,1000,P1,API Recherche Entreprises / INSEE Sirene,2026-05-09
10019233500014,100192335,RDE,DUMI,43.99A,43.99A,162 CHEMIN DES BONNEVIERES 01480 MESSIMY-SUR-SAONE,01480,MESSIMY-SUR-SAONE,01,,,,NN,2026-01-22,5499,P1,API Recherche Entreprises / INSEE Sirene,2026-05-09
53973769200019,539737692,LUMI ETANCHEITE,LALO,43.99A,43.99A,2 LOT DE L ETANG 01120 SAINTE-CROIX,01120,SAINTE-CROIX,01,,,,NN,2012-01-31,5499,P1,API Recherche Entreprises / INSEE Sirene,2026-05-09
82327076400017,823270764,ACQUA ETANCH',ACQUAVIVA (ACQUAVIVA),43.99A,43.99A,32 RUE FRANCINE FROMONT 69120 VAULX-EN-VELIN,69120,VAULX-EN-VELIN,69,,,,NN,2016-10-19,5710,P1,API Recherche Entreprises / INSEE Sirene,2026-05-09
48071803000012,480718030,SARL OYOZING,OZUN (OZUN),43.99A,43.99A,12 RUE JEAN-JACQUES ROUSSEAU 01100 OYONNAX,01100,OYONNAX,01,,,,NN,2005-01-01,5499,P1,API Recherche Entreprises / INSEE Sirene,2026-05-09
48786070200033,487860702,MATTHIEU NEYRET (MATT ET ZINC),NEYRET,43.99A,43.99A,5 CHEMIN EN BUYAZ 01370 VAL-REVERMONT,01370,VAL-REVERMONT,01,,,,NN,2006-01-18,1000,P1,API Recherche Entreprises / INSEE Sirene,2026-05-09
49186769300013,491867693,VALERY BALME,BALME (BALME),43.99A,43.99A,LE BOUCHET 01140 ILLIAT,01140,ILLIAT,01,,,,NN,2006-10-02,1000,P1,API Recherche Entreprises / INSEE Sirene,2026-05-09
53490471900026,534904719,WILFRID GOMES (DRAGON ETANCHEITE),GOMES,43.99A,43.99A,354 ROUTE DE BRUX 01570 FEILLENS,01570,FEILLENS,01,,,,NN,2011-07-08,1000,P1,API Recherche Entreprises / INSEE Sirene,2026-05-09
50222032000035,502220320,HALIL TASTEKIN,TASTEKIN,43.99A,43.99A,CHEMIN DE ROSARGE 5 LOTISSEMENT LES BLES D’OR 01700 MIRIBEL,01700,MIRIBEL,01,,,,NN,2008-02-01,1000,P1,API Recherche Entreprises / INSEE Sirene,2026-05-09
75173270200046,751732702,RHONALPE ETANCHEITE,EKECIK (EKECIK),43.99A,43.99A,1 RUE GRANDES ROCHES 01100 OYONNAX,01100,OYONNAX,01,,,,02,2012-06-01,5499,P1,API Recherche Entreprises / INSEE Sirene,2026-05-09
75237290400025,752372904,ILYAS OZTURK (STEPHANE ETANCHEITE),OZTURK (OZTURK),43.99A,43.99A,11 IMPASSE FLAUBERT 01100 OYONNAX,01100,OYONNAX,01,,,,NN,2012-06-01,1000,P1,API Recherche Entreprises / INSEE Sirene,2026-05-09
45148336600022,451483366,TEIC,MONENCIU (MONENCIU),43.99A,43.99A,45 IMPASSE DU VILLAGE 01320 SAINT-NIZIER-LE-DESERT,01320,SAINT-NIZIER-LE-DESERT,01,,,,02,2004-01-05,5499,P1,API Recherche Entreprises / INSEE Sirene,2026-05-09
43343362000054,433433620,DANIEL FULEKI,FULEKI (FULEKI),43.99A,43.99A,116 RUE PASTEUR 69400 VILLEFRANCHE-SUR-SAONE,69400,VILLEFRANCHE-SUR-SAONE,69,,,,01,2000-11-02,1000,P1,API Recherche Entreprises / INSEE Sirene,2026-05-09
42960409300055,429604093,MOHSSEIN NASSARALAH,NASSARALAH,43.99A,43.99A,20 RUE DE L AVENIR 01200 VALSERHONE,01200,VALSERHONE,01,,,,NN,2000-02-23,1000,P1,API Recherche Entreprises / INSEE Sirene,2026-05-09
35200856900027,352008569,ECB,CARVALHO,43.99A,43.99A,PARC INDUSTRIEL DE LA PLAINE DE L'AIN ALLEE DES PRUNUS 01150 BLYES,01150,BLYES,01,,,,NN,1989-10-01,5710,P1,API Recherche Entreprises / INSEE Sirene,2026-05-09
78986034300043,789860343,AZERGUES ETANCHEITE,FORGACIU (FORGACIU),43.99A,43.99A,31 RUE DE LONGERAIE 01500 AMBERIEU-EN-BUGEY,01500,AMBERIEU-EN-BUGEY,01,,,,03,2012-12-01,5499,P1,API Recherche Entreprises / INSEE Sirene,2026-05-09
83774275800019,837742758,MONIN ZINGUERIE ARTISANALE,MONIN,43.99A,43.99A,380 ROUTE DES COMIERES 01190 REYSSOUZE,01190,REYSSOUZE,01,,,,01,2018-03-01,5710,P1,API Recherche Entreprises / INSEE Sirene,2026-05-09
83823748500027,838237485,VALNOS,CLAIR,43.99A,43.99A,L'HOM 12160 MANHAC,12160,MANHAC,12,,,,NN,2018-03-12,5499,P1,API Recherche Entreprises / INSEE Sirene,2026-05-09
84003155300018,840031553,MOUCHET (TOITURE ETANCHE ET NATURE),MOUCHET,43.99A,43.99A,259 CHEMIN DE ST MAURICE DE GOURDANS 01120 DAGNEUX,01120,DAGNEUX,01,,,,NN,2018-05-04,5499,P1,API Recherche Entreprises / INSEE Sirene,2026-05-09
88476264200020,884762642,SARL BARRAS ETANCHEITE,BARRAS (BARRAS),43.99A,43.99A,9001 IMPASSE DE LA BERLE 01300 MURS-ET-GELIGNIEUX,01300,MURS-ET-GELIGNIEUX,01,,,,01,2020-06-10,5499,P1,API Recherche Entreprises / INSEE Sirene,2026-05-09
89343703800035,893437038,ADT ETANCHEITE,FUTURUM INVEST,43.99A,43.99A,19 RUE D'ARSONVAL 69680 CHASSIEU,69680,CHASSIEU,69,,,,02,2021-02-01,5710,P1,API Recherche Entreprises / INSEE Sirene,2026-05-09
87780767700027,877807677,JONATHAN TERRONES (ANC ETANCHEITE),TERRONES (TERRONES),43.99A,43.99A,LIEUX DIT LES BIOUX 1182 ROUTE DE SERVAS 01240 LENT,01240,LENT,01,,,,NN,2019-09-02,1000,P1,API Recherche Entreprises / INSEE Sirene,2026-05-09
89791354700013,897913547,MYS ETANCHEITE,HALEP (HALEP),43.99A,43.99A,32 RUE CHARLES PIGEON 01360 LOYETTES,01360,LOYETTES,01,,,,01,2021-04-01,5499,P1,API Recherche Entreprises / INSEE Sirene,2026-05-09
89218553900012,892185539,MF ETANCHEITE,FARINHA (FARINHA),43.99A,43.99A,COSSIEUX 366 RUE DU PITTION 01640 JUJURIEUX,01640,JUJURIEUX,01,,,,01,2021-01-01,5499,P1,API Recherche Entreprises / INSEE Sirene,2026-05-09
91784979600011,917849796,KRISTO XHURXHI (MULI XHURXHI),XHURXHI (XHURXHI),43.99A,43.99A,70 RUE DE LA REPUBLIQUE 01500 AMBERIEU-EN-BUGEY,01500,AMBERIEU-EN-BUGEY,01,,,,01,2022-07-27,1000,P1,API Recherche Entreprises / INSEE Sirene,2026-05-09
91886392900033,918863929,HEXA ETANCHE,DIOP (DIOP),43.99A,43.99A,ZONE INDUSTRIELLE DE LA CROZE 25 RUE DE L'INDUSTRIE 01360 LOYETTES,01360,LOYETTES,01,,,,03,2022-08-31,5710,P1,API Recherche Entreprises / INSEE Sirene,2026-05-09
91445688400016,914456884,TD DECO (TD DECO),MARTINS (MARTINS),43.99A,43.99A,36 ROUTE DE LA VAVRE 01340 JAYAT,01340,JAYAT,01,,,,01,2022-06-01,5710,P1,API Recherche Entreprises / INSEE Sirene,2026-05-09
92887219100012,928872191,ZAILAF ETANCHEITE,ZAILAF,43.99A,43.99A,97 AVENUE STEPHANE HESSEL 01630 SAINT-GENIS-POUILLY,01630,SAINT-GENIS-POUILLY,01,,,,NN,2024-05-21,5710,P1,API Recherche Entreprises / INSEE Sirene,2026-05-09
94926371900013,949263719,HAMZA FIDAN (HMZ),FIDAN,43.99A,43.99A,5 PASSAGE MOZART 01100 OYONNAX,01100,OYONNAX,01,,,,NN,2023-02-23,1000,P1,API Recherche Entreprises / INSEE Sirene,2026-05-09
94938740100019,949387401,SC BATIMENTS (SC BATIMENTS),MOSSAZ,43.99A,43.99A,988 ROUTE DE BOURG 01140 SAINT-DIDIER-SUR-CHALARONNE,01140,SAINT-DIDIER-SUR-CHALARONNE,01,,,,02,2023-02-27,5710,P1,API Recherche Entreprises / INSEE Sirene,2026-05-09
93964495100013,939644951,NATHANAEL LABELLE (LCP),LABELLE,43.99A,43.99A,71 IMPASSE BAJAILLET 01090 GENOUILLEUX,01090,GENOUILLEUX,01,,,,NN,2025-01-25,1000,P1,API Recherche Entreprises / INSEE Sirene,2026-05-09
93043998900011,930439989,BENOIT MALIN (LA FERBLANTERIE DE LA FONTAINE),MALIN,43.99A,43.99A,44 RUE DE LA FONTAINE 01580 IZERNORE,01580,IZERNORE,01,,,,NN,2024-06-27,1000,P1,API Recherche Entreprises / INSEE Sirene,2026-05-09
94413027700014,944130277,WTF BATIMENT,MHA-TUKA,43.99A,43.99A,142 CHEMIN DE SAONE 01600 MASSIEUX,01600,MASSIEUX,01,,,,NN,2025-05-06,5710,P1,API Recherche Entreprises / INSEE Sirene,2026-05-09
93771154700011,937711547,K2G ETANCHEITE (K2G ETANCHEITE),HOLDING N.I,43.99A,43.99A,1 RUE DES CHEROLLES 01100 GEOVREISSET,01100,GEOVREISSET,01,,,,NN,2024-11-18,5710,P1,API Recherche Entreprises / INSEE Sirene,2026-05-09
98266914500012,982669145,CLEMENT VOISIN (ENTREPRISE LA VOIE DU ZINC),VOISIN,43.99A,43.99A,11 CHEMIN DES GRANDS HAUTAINS 01350 FLAXIEU,01350,FLAXIEU,01,,,,NN,2024-01-04,1000,P1,API Recherche Entreprises / INSEE Sirene,2026-05-09
98062224500010,980622245,ETANCHEITE BITUME SERVICES (EBS),DEMMOUCHI,43.99A,43.99A,MBE 256 10 RUE DE VERSOIX 01210 FERNEY-VOLTAIRE,01210,FERNEY-VOLTAIRE,01,,,,NN,2023-10-12,5710,P1,API Recherche Entreprises / INSEE Sirene,2026-05-09
99446667000019,994466670,OMER SERT (ELS ETANCHEITE),SERT,43.99A,43.99A,21 RUE VICTOR HUGO 01100 OYONNAX,01100,OYONNAX,01,,,,NN,2026-01-02,1000,P1,API Recherche Entreprises / INSEE Sirene,2026-05-09
94821749200016,948217492,PISCINES AINDINOISES (PISCINES AINDINOISES),BLANCHARD,43.99A,43.99A,1430 RUE DE LYON 01360 BALAN,01360,BALAN,01,,,,02,2023-02-01,5710,P1,API Recherche Entreprises / INSEE Sirene,2026-05-09
99264421100011,992644211,SOMA ETANCHEITE,BOUAZIZ,43.99A,43.99A,10 RUE DU BOIS 01600 TREVOUX,01600,TREVOUX,01,,,,NN,2025-11-01,5710,P1,API Recherche Entreprises / INSEE Sirene,2026-05-09
75377444700019,753774447,AHMED IFTIKHAR (JATT ETANCHEITE),IFTIKHAR,43.99A,43.99A,319 ROUTE DE GENEVE 01360 BELIGNEUX,01360,BELIGNEUX,01,,,,NN,2012-09-12,1000,P1,API Recherche Entreprises / INSEE Sirene,2026-05-09
34394659600073,343946596,M'HAMED CHOUKI,CHOUKI,43.99A,43.99A,11 CHEMIN DES PLATES 69120 VAULX-EN-VELIN,69120,VAULX-EN-VELIN,69,,,,NN,1988-02-12,1000,P1,API Recherche Entreprises / INSEE Sirene,2026-05-09
52854419000028,528544190,FABRICE GIGAN (GFENTREPRISE/GIGAN),GIGAN (GIGAN),43.99A,43.99A,LA FULIE 01300 BELLEY,01300,BELLEY,01,,,,NN,2010-12-01,1000,P1,API Recherche Entreprises / INSEE Sirene,2026-05-09
48265028000027,482650280,JEAN-MARC SUSSELIN (ETANCHE PRO 01),SUSSELIN (SUSSELIN),43.99A,43.99A,141 GRANDE RUE 01420 CORBONOD,01420,CORBONOD,01,,,,NN,2005-06-03,1000,P1,API Recherche Entreprises / INSEE Sirene,2026-05-09
38078424900027,380784249,GRANIT SARL,LEFEVRE (LEFEVRE),43.99A,43.99A,319 RUE DE BRETIGNY 01210 ORNEX,01210,ORNEX,01,,,,NN,1991-01-01,5499,P1,API Recherche Entreprises / INSEE Sirene,2026-05-09
35201083900046,352010839,VIRGILE SCHILLACI (GS ETANCHEITE),SCHILLACI (SCHILLACI),43.99A,43.99A,66 IMPASSE DU LYNX 01300 VIRIGNIN,01300,VIRIGNIN,01,,,,NN,1989-04-17,1000,P1,API Recherche Entreprises / INSEE Sirene,2026-05-09
82389151000013,823891510,MARTI,BOULON (BOULON),43.99A,43.99A,69 LA RUELLE 01330 AMBERIEUX-EN-DOMBES,01330,AMBERIEUX-EN-DOMBES,01,,,,01,2016-11-07,5710,P1,API Recherche Entreprises / INSEE Sirene,2026-05-09
85073358500010,850733585,3D ETANCHEITE,VIDOT (VIDOT),43.99A,43.99A,SONGIEU 145 RTE DES LESINES SONGIEU 01260 HAUT VALROMEY,01260,HAUT VALROMEY,01,,,,NN,2019-05-07,5710,P1,API Recherche Entreprises / INSEE Sirene,2026-05-09
85207235400016,852072354,CHRISTIAN PLOURDE (ETANCHEITE CMC),PLOURDE (PLOURDE),43.99A,43.99A,LES BERGERS 662 RUE MAIRIE PRAIRIE 01190 SAINT-BENIGNE,01190,SAINT-BENIGNE,01,,,,NN,2019-07-02,1000,P1,API Recherche Entreprises / INSEE Sirene,2026-05-09
83770890800012,837708908,JULIEN CASTRIGNANO (JULIEN TOITURE),CASTRIGNANO,43.99A,43.99A,120 IMPASSE DE LA VERNE 01400 SAINT-GEORGES-SUR-RENON,01400,SAINT-GEORGES-SUR-RENON,01,,,,NN,2018-03-01,1000,P1,API Recherche Entreprises / INSEE Sirene,2026-05-09
42287107900022,422871079,SEBASTIEN ROUCHOUSE (ETS ROUCHOUSE),ROUCHOUSE,43.99A,43.99A,404 RUE GANTILLON 69400 VILLEFRANCHE-SUR-SAONE,69400,VILLEFRANCHE-SUR-SAONE,69,,,,NN,1999-05-05,1000,P1,API Recherche Entreprises / INSEE Sirene,2026-05-09
43277096400034,432770964,JOEL LAGOGUEY,LAGOGUEY,43.99A,43.99A,LES GALANDIERES 510 CHEMIN DE L’EMBOUSSOIR 01170 GEX,01170,GEX,01,,,,NN,2000-10-04,1000,P1,API Recherche Entreprises / INSEE Sirene,2026-05-09
78843318300019,788433183,TRIGON,TRIGON (TRIGON),43.99A,43.99A,68 RUE DE MONTET 01150 VAUX-EN-BUGEY,01150,VAUX-EN-BUGEY,01,,,,01,2012-09-15,5499,P1,API Recherche Entreprises / INSEE Sirene,2026-05-09
78871974800014,788719748,JORGES MARQUES,MARQUES,43.99A,43.99A,42 CITE DES FOLLIETS 01700 SAINT-MAURICE-DE-BEYNOST,01700,SAINT-MAURICE-DE-BEYNOST,01,,,,NN,2012-09-18,1000,P1,API Recherche Entreprises / INSEE Sirene,2026-05-09
80160710200028,801607102,BENAYON ZINGUERIE (BENAYON ZINGUERIE),BENAYON (BENAYON),43.99A,43.99A,7 VILLAGE COUTANT 03220 TRETEAU,03220,TRETEAU,03,,,,NN,2014-04-01,5499,P1,API Recherche Entreprises / INSEE Sirene,2026-05-09
53977351500025,539773515,BENJAMIN BLANCHARD (ETANCH'PVC),BLANCHARD (BLANCHARD),43.99A,43.99A,123 LOTISSEMENT LES TOURTERELLES 01120 MONTLUEL,01120,MONTLUEL,01,,,,NN,2012-01-23,1000,P1,API Recherche Entreprises / INSEE Sirene,2026-05-09
51112318400026,511123184,POLYGC,,43.99A,43.99A,14 RUE WILSON 69740 GENAS,69740,GENAS,69,,,,NN,2009-04-02,5499,P1,API Recherche Entreprises / INSEE Sirene,2026-05-09
41439808100029,414398081,SOCIETE LYONNAISE D'ETANCHEITE PAR GEOMEMBRANES (SLEG),BRUNET (BRUNET),43.99A,43.99A,813 AV LEON BLUM 01500 AMBERIEU-EN-BUGEY,01500,AMBERIEU-EN-BUGEY,01,,,,NN,1997-10-15,5710,P1,API Recherche Entreprises / INSEE Sirene,2026-05-09
40171983600058,401719836,REBTP,DELATTRE (DELATTRE),43.99A,43.99A,35 RUE MONSEIGNEUR ANCEL 69800 SAINT-PRIEST,69800,SAINT-PRIEST,69,,,,NN,1995-07-10,5499,P1,API Recherche Entreprises / INSEE Sirene,2026-05-09
51456711400038,514567114,ADNANE OMARI,OMARI,43.99A,43.99A,LES ALLEES DU CHATEAU 189 RUE DES ACCULATS 01280 PREVESSIN-MOENS,01280,PREVESSIN-MOENS,01,,,,NN,2009-10-01,1000,P1,API Recherche Entreprises / INSEE Sirene,2026-05-09
47873973300010,478739733,SARL CHAVY FRANCK,,43.99A,43.99A,MONTEZANT 01140 ILLIAT,01140,ILLIAT,01,,,,NN,2004-09-10,5499,P1,API Recherche Entreprises / INSEE Sirene,2026-05-09
45143052400012,451430524,PRO-ZING,,43.99A,43.99A,RTE DE LYON 01510 VIRIEU-LE-GRAND,01510,VIRIEU-LE-GRAND,01,,,,NN,2004-01-05,5499,P1,API Recherche Entreprises / INSEE Sirene,2026-05-09
43336102900013,433361029,T.E.T. TOITURE ETANCHEITE TALVAT (TET),TALVAT,43.99A,43.99A,287 RUE DE PAIN BLANC 01750 REPLONGES,01750,REPLONGES,01,,,,NN,2000-11-02,5499,P1,API Recherche Entreprises / INSEE Sirene,2026-05-09
43411341100020,434113411,FOURNIER ETANCHEITE (FOURNIER ETANCHEITE),FOURNIER (FOURNIER),43.99A,43.99A,790 RTE DU MOLLARD 01160 SAINT-MARTIN-DU-MONT,01160,SAINT-MARTIN-DU-MONT,01,,,,NN,2001-01-01,5499,P1,API Recherche Entreprises / INSEE Sirene,2026-05-09
35126791900022,351267919,JOSE DUARTE RODRIGUES,DUARTE RODRIGUES,43.99A,43.99A,LD TURGON 01160 DRUILLAT,01160,DRUILLAT,01,,,,NN,1989-07-01,1000,P1,API Recherche Entreprises / INSEE Sirene,2026-05-09
34858753600056,348587536,ANTONIO MARTINS DA SILVA,MARTINS DA SILVA (DA SILVA),43.99A,43.99A,551 ROUTE DE JAILLEUX 01120 MONTLUEL,01120,MONTLUEL,01,,,,NN,1988-07-13,1000,P1,API Recherche Entreprises / INSEE Sirene,2026-05-09
